#id	check	kind	owner	path	line	detail
e3cc39c119fe	catalog(consulted)	reached	JS-E01	de/eskalon/commons/screen/ScreenManager.java	269	lowering CtBinaryOperator/Expression — consulted 29078, fired 582, declarations 0: `==`/`!=` are REFERENCE identity in Java; Scala's `==` calls `equals`
4d35c1f852ea	catalog(consulted)	reached	JS-E02	../../../../libgdx/gdx/src/com/badlogic/gdx/InputEventQueue.java	51	lowering CtUnaryOperator/Expression — consulted 2667, fired 727, declarations 0: postfix/prefix `++`/`--` USED AS A VALUE yields the value before the update
6fcc6f9c50c9	catalog(consulted)	reached	JS-E03	../../../../libgdx/gdx/src/com/badlogic/gdx/graphics/g2d/BitmapFont.java	750	lowering CtOperatorAssignment/Statement — consulted 1704, fired 36, declarations 0: compound assignment narrows implicitly to the left-hand type — STATEMENT position
61e1eef58652	catalog(consulted)	reached	JS-E05	de/eskalon/commons/screen/ScreenManager.java	214	lowering CtConditional/Expression — consulted 791, fired 791, declarations 0: the conditional operator's type is computed, not the syntactic lub of its branches
fdf63c4117db	catalog(consulted)	reached	JS-E14	../../../../libgdx/gdx/src/com/badlogic/gdx/Graphics.java	79	lowering CtBinaryOperator/Expression — consulted 29078, fired 23, declarations 0: string concatenation with a NON-`String` left operand
4313583dcee6	catalog(consulted)	reached	JS-E15	../../../../libgdx/gdx/src/com/badlogic/gdx/assets/AssetManager.java	668	lowering CtAssignment/Expression — consulted 189, fired 189, declarations 0: an assignment IS an expression, with the assigned value
cb9fb6dbd57d	catalog(undischarged)	declared open	JS-E04	../../../../libgdx/gdx/src/com/badlogic/gdx/graphics/g3d/particles/emitters/RegularEmitter.java	161	CtOperatorAssignment/Expression lowered 5 time(s) without consulting it — compound assignment narrows implicitly to the left-hand type — EXPRESSION position
df717cb0459e	catalog(unmechanised)	absent	JS-C30	-	0	area C obligations are not declared: most JS-C rows are decided by PHASES, and a per-phase citation is only meaningful once each phase names the declarations it decided about: method-LOCAL named classes
82db2fa9c059	catalog(unmechanised)	absent	JS-C43	-	0	area C obligations are not declared: most JS-C rows are decided by PHASES, and a per-phase citation is only meaningful once each phase names the declarations it decided about: Java `record`
b2d473388b75	catalog(unmechanised)	absent	JS-S09	-	0	area S obligations are not declared: the JS-S rows split across the frontend's lowering dispatch and the EMITTER's rendering dispatch, and the emitter half does not exist: switch EXPRESSIONS and `yield`
2ae1a8e8f779	catalog(unmechanised)	absent	JS-S10	-	0	area S obligations are not declared: the JS-S rows split across the frontend's lowering dispatch and the EMITTER's rendering dispatch, and the emitter half does not exist: pattern and record switch, with sealed exhaustiveness
fbbc165b30eb	catalog(unmechanised)	handled	JS-C01	-	0	area C obligations are not declared: most JS-C rows are decided by PHASES, and a per-phase citation is only meaningful once each phase names the declarations it decided about: a Java `static` is INHERITED by every subclass; a Scala companion inherits nothing
f0d43a61f52a	catalog(unmechanised)	handled	JS-C02	-	0	area C obligations are not declared: most JS-C rows are decided by PHASES, and a per-phase citation is only meaningful once each phase names the declarations it decided about: interface constants are inherited through `implements`
1948c3a56fa4	catalog(unmechanised)	handled	JS-C03	-	0	area C obligations are not declared: most JS-C rows are decided by PHASES, and a per-phase citation is only meaningful once each phase names the declarations it decided about: static HIDING is resolved by the STATIC type of the qualifier
8cbd969a974b	catalog(unmechanised)	handled	JS-C04	-	0	area C obligations are not declared: most JS-C rows are decided by PHASES, and a per-phase citation is only meaningful once each phase names the declarations it decided about: a subclass field SHADOWS a superclass field — two storage cells, not one
8cade14d24eb	catalog(unmechanised)	handled	JS-C05	-	0	area C obligations are not declared: most JS-C rows are decided by PHASES, and a per-phase citation is only meaningful once each phase names the declarations it decided about: a static nested constant reached through a SUBCLASS's name, and `import static`
360594369c33	catalog(unmechanised)	handled	JS-C06	-	0	area C obligations are not declared: most JS-C rows are decided by PHASES, and a per-phase citation is only meaningful once each phase names the declarations it decided about: `anInstance.staticMethod()` evaluates the receiver FOR ITS SIDE EFFECTS and discards it
322b94f169d8	catalog(unmechanised)	handled	JS-C08	-	0	area C obligations are not declared: most JS-C rows are decided by PHASES, and a per-phase citation is only meaningful once each phase names the declarations it decided about: a CONSTANT VARIABLE is inlined, so reading it never triggers class initialisation
3b36ecc371e2	catalog(unmechanised)	handled	JS-C09	-	0	area C obligations are not declared: most JS-C rows are decided by PHASES, and a per-phase citation is only meaningful once each phase names the declarations it decided about: several `static { }` blocks and static field initialisers run in ONE textual order
111bed0b0863	catalog(unmechanised)	handled	JS-C14	-	0	area C obligations are not declared: most JS-C rows are decided by PHASES, and a per-phase citation is only meaningful once each phase names the declarations it decided about: the superclass constructor runs before this class's field initialisers
94ba28101cf6	catalog(unmechanised)	handled	JS-C16	-	0	area C obligations are not declared: most JS-C rows are decided by PHASES, and a per-phase citation is only meaningful once each phase names the declarations it decided about: instance initialiser blocks
0b83103cec22	catalog(unmechanised)	handled	JS-C18	-	0	area C obligations are not declared: most JS-C rows are decided by PHASES, and a per-phase citation is only meaningful once each phase names the declarations it decided about: field initialisers and instance-init blocks are ONE step-4 sequence in textual order, not two buckets
488789b50165	catalog(unmechanised)	handled	JS-C19	-	0	area C obligations are not declared: most JS-C rows are decided by PHASES, and a per-phase citation is only meaningful once each phase names the declarations it decided about: `this(...)` / `super(...)` in a secondary constructor — Scala's secondary constructors cannot call `super`
64ac171eb514	catalog(unmechanised)	handled	JS-C20	-	0	area C obligations are not declared: most JS-C rows are decided by PHASES, and a per-phase citation is only meaningful once each phase names the declarations it decided about: the implicit `super()` and the default constructor
481d6c7d8d55	catalog(unmechanised)	handled	JS-C25	-	0	area C obligations are not declared: most JS-C rows are decided by PHASES, and a per-phase citation is only meaningful once each phase names the declarations it decided about: `override` is mandatory in Scala and absent in Java
c5c62e8628e2	catalog(unmechanised)	handled	JS-C29	-	0	area C obligations are not declared: most JS-C rows are decided by PHASES, and a per-phase citation is only meaningful once each phase names the declarations it decided about: a static NESTED class and an INNER class are different types, and only one is path-dependent
dacfc6b97779	catalog(unmechanised)	handled	JS-C31	-	0	area C obligations are not declared: most JS-C rows are decided by PHASES, and a per-phase citation is only meaningful once each phase names the declarations it decided about: anonymous class construction and capture
86187e8f3973	catalog(unmechanised)	handled	JS-C34	-	0	area C obligations are not declared: most JS-C rows are decided by PHASES, and a per-phase citation is only meaningful once each phase names the declarations it decided about: interface statics are not inherited AT ALL, not even by an implementor
0986def5c230	catalog(unmechanised)	handled	JS-C36	-	0	area C obligations are not declared: most JS-C rows are decided by PHASES, and a per-phase citation is only meaningful once each phase names the declarations it decided about: an interface field is implicitly `public static final`
4efc752502f3	catalog(unmechanised)	handled	JS-C37	-	0	area C obligations are not declared: most JS-C rows are decided by PHASES, and a per-phase citation is only meaningful once each phase names the declarations it decided about: `name()`, `values()` and `valueOf` are SYNTHESISED on every Java enum
e51ae841d348	catalog(unmechanised)	handled	JS-C38	-	0	area C obligations are not declared: most JS-C rows are decided by PHASES, and a per-phase citation is only meaningful once each phase names the declarations it decided about: a promoted enum constructor parameter IS a member, and `name` collides with `Enum.name()`
2da8a710479d	catalog(unmechanised)	handled	JS-C39	-	0	area C obligations are not declared: most JS-C rows are decided by PHASES, and a per-phase citation is only meaningful once each phase names the declarations it decided about: `ordinal()` is part of every Java enum's surface, mentioned or not
5a4fb894329a	catalog(unmechanised)	handled	JS-C45	-	0	area C obligations are not declared: most JS-C rows are decided by PHASES, and a per-phase citation is only meaningful once each phase names the declarations it decided about: a `final` field's JMM safe-publication guarantee
bccaa2dadda3	catalog(unmechanised)	handled	JS-C46	-	0	area C obligations are not declared: most JS-C rows are decided by PHASES, and a per-phase citation is only meaningful once each phase names the declarations it decided about: Java has TWO name namespaces and Scala has one
6aba718f68a7	catalog(unmechanised)	handled	JS-C47	-	0	area C obligations are not declared: most JS-C rows are decided by PHASES, and a per-phase citation is only meaningful once each phase names the declarations it decided about: package-private becomes `private[pkg]`
bea22d0b816e	catalog(unmechanised)	handled	JS-C48	-	0	area C obligations are not declared: most JS-C rows are decided by PHASES, and a per-phase citation is only meaningful once each phase names the declarations it decided about: Java's `protected` also grants SAME-PACKAGE access, and accessibility is an input to overload resolution
096386687e3f	catalog(unmechanised)	handled	JS-C49	-	0	area C obligations are not declared: most JS-C rows are decided by PHASES, and a per-phase citation is only meaningful once each phase names the declarations it decided about: Java's `private` reaches the whole enclosing TOP-LEVEL class; Scala's reaches only the template
84da0cbf0e88	catalog(unmechanised)	handled	JS-C50	-	0	area C obligations are not declared: most JS-C rows are decided by PHASES, and a per-phase citation is only meaningful once each phase names the declarations it decided about: Java's default access is package-private and Scala's is public — INVERTED
b35d4cfb1069	catalog(unmechanised)	handled	JS-G01	-	0	area G obligations are not declared: the JS-G rows are decided by the type lowering and by retyping phases, neither of which has an obligation surface: use-site wildcards, with the matching bound grammar
705292a2c910	catalog(unmechanised)	handled	JS-G03	-	0	area G obligations are not declared: the JS-G rows are decided by the type lowering and by retyping phases, neither of which has an obligation surface: `? super Object` has exactly one inhabitant
c14c541eefc6	catalog(unmechanised)	handled	JS-G04	-	0	area G obligations are not declared: the JS-G rows are decided by the type lowering and by retyping phases, neither of which has an obligation surface: a captured wildcard on ITERATION has no nameable type
172b299236ba	catalog(unmechanised)	handled	JS-G05	-	0	area G obligations are not declared: the JS-G rows are decided by the type lowering and by retyping phases, neither of which has an obligation surface: a wildcard in an `extends` clause takes the parameter's DECLARED bound
46bdfe848dd3	catalog(unmechanised)	handled	JS-G06	-	0	area G obligations are not declared: the JS-G rows are decided by the type lowering and by retyping phases, neither of which has an obligation surface: a de-wildcarded raw PARENT and its overrides must agree
a37620be2039	catalog(unmechanised)	handled	JS-G07	-	0	area G obligations are not declared: the JS-G rows are decided by the type lowering and by retyping phases, neither of which has an obligation surface: a RAW type erases the REFERENCE's generics, not the class's
828809b824ef	catalog(unmechanised)	handled	JS-G08	-	0	area G obligations are not declared: the JS-G rows are decided by the type lowering and by retyping phases, neither of which has an obligation surface: the same raw Java type renders DIFFERENTLY per scope, and correctly so
64b7a5367fa9	catalog(unmechanised)	handled	JS-G09	-	0	area G obligations are not declared: the JS-G rows are decided by the type lowering and by retyping phases, neither of which has an obligation surface: UNCHECKED CONVERSION at a raw type is legal in Java and is not in Scala
c8f066d0065b	catalog(unmechanised)	handled	JS-G12	-	0	area G obligations are not declared: the JS-G rows are decided by the type lowering and by retyping phases, neither of which has an obligation surface: a diamond's inference variable has NO NAMEABLE type
0fb322146269	catalog(unmechanised)	handled	JS-G13	-	0	area G obligations are not declared: the JS-G rows are decided by the type lowering and by retyping phases, neither of which has an obligation surface: Java arrays are COVARIANT, with a runtime `ArrayStoreException`; Scala's are invariant
d39d5d9af294	catalog(unmechanised)	handled	JS-G15	-	0	area G obligations are not declared: the JS-G rows are decided by the type lowering and by retyping phases, neither of which has an obligation surface: GENERIC ARRAY CREATION is illegal in Java, so only the cast idiom reaches the engine
5f7184a8f0eb	catalog(unmechanised)	handled	JS-G17	-	0	area G obligations are not declared: the JS-G rows are decided by the type lowering and by retyping phases, neither of which has an obligation surface: `.length`, an array's `Class` object, and `T[]::new`
0d658a40d48c	catalog(unmechanised)	handled	JS-G18	-	0	area G obligations are not declared: the JS-G rows are decided by the type lowering and by retyping phases, neither of which has an obligation surface: under `noClasspath` a REFERENCE erases and a DECLARATION does not
3e47fae8baed	catalog(unmechanised)	handled	JS-G22	-	0	area G obligations are not declared: the JS-G rows are decided by the type lowering and by retyping phases, neither of which has an obligation surface: a raw member access through an ERASED RECEIVER types the CALL, not just the receiver
9731ee65a495	catalog(unmechanised)	handled	JS-G24	-	0	area G obligations are not declared: the JS-G rows are decided by the type lowering and by retyping phases, neither of which has an obligation surface: unboxing `null` throws NPE
cf7359d280c1	catalog(unmechanised)	handled	JS-G29	-	0	area G obligations are not declared: the JS-G rows are decided by the type lowering and by retyping phases, neither of which has an obligation surface: diamond inference in the ordinary case
cfef5dddb0ea	catalog(unmechanised)	handled	JS-G30	-	0	area G obligations are not declared: the JS-G rows are decided by the type lowering and by retyping phases, neither of which has an obligation surface: an UNCONSTRAINED method type parameter: Java infers its BOUND and Scala infers `Nothing`
55b548984b5d	catalog(unmechanised)	handled	JS-G32	-	0	area G obligations are not declared: the JS-G rows are decided by the type lowering and by retyping phases, neither of which has an obligation surface: a callee's OWN type variables never resolve at the caller
aa8cabc56f5c	catalog(unmechanised)	handled	JS-G33	-	0	area G obligations are not declared: the JS-G rows are decided by the type lowering and by retyping phases, neither of which has an obligation surface: SAM conversion eligibility
52690ef76f3c	catalog(unmechanised)	handled	JS-G34	-	0	area G obligations are not declared: the JS-G rows are decided by the type lowering and by retyping phases, neither of which has an obligation surface: a Java INTERSECTION in a cast becomes Scala's `&`
fa6c7525dfbc	catalog(unmechanised)	handled	JS-G35	-	0	area G obligations are not declared: the JS-G rows are decided by the type lowering and by retyping phases, neither of which has an obligation surface: Scala CHECKS an F-bound where javac does not
6ca2981b0752	catalog(unmechanised)	handled	JS-G37	-	0	area G obligations are not declared: the JS-G rows are decided by the type lowering and by retyping phases, neither of which has an obligation surface: `T...` is an `Array[T]`, materialised at the port's OWN call sites
2224212c75da	catalog(unmechanised)	handled	JS-G38	-	0	area G obligations are not declared: the JS-G rows are decided by the type lowering and by retyping phases, neither of which has an obligation surface: a vararg slot ALREADY holding an array must not be re-packed — and a primitive array never forwards
24ebbf902b0f	catalog(unmechanised)	handled	JS-G39	-	0	area G obligations are not declared: the JS-G rows are decided by the type lowering and by retyping phases, neither of which has an obligation surface: an EXTERNAL callee's `T...` is read by scalac as a REPEATED parameter
14a172e1ce3c	catalog(unmechanised)	handled	JS-G40	-	0	area G obligations are not declared: the JS-G rows are decided by the type lowering and by retyping phases, neither of which has an obligation surface: the COMPOSITION of JS-G38 and JS-G39 — an array forwarded through an external vararg slot
c32036210f72	catalog(unmechanised)	handled	JS-G42	-	0	area G obligations are not declared: the JS-G rows are decided by the type lowering and by retyping phases, neither of which has an obligation surface: a generic vararg's COMPONENT element type has four layered sources
b97365097c65	catalog(unmechanised)	handled	JS-G43	-	0	area G obligations are not declared: the JS-G rows are decided by the type lowering and by retyping phases, neither of which has an obligation surface: METHOD REFERENCES are five forms sharing one syntax — static, unbound, bound, constructor, array constructor
592f1c1ae623	catalog(unmechanised)	handled	JS-S01	-	0	area S obligations are not declared: the JS-S rows split across the frontend's lowering dispatch and the EMITTER's rendering dispatch, and the emitter half does not exist: an unlabelled `break`/`continue` binds LEXICALLY to the innermost enclosing loop or switch
3db8aa817990	catalog(unmechanised)	handled	JS-S02	-	0	area S obligations are not declared: the JS-S rows split across the frontend's lowering dispatch and the EMITTER's rendering dispatch, and the emitter half does not exist: a LABEL sits on any statement, not only on a loop
65dcb17b032b	catalog(unmechanised)	handled	JS-S03	-	0	area S obligations are not declared: the JS-S rows split across the frontend's lowering dispatch and the EMITTER's rendering dispatch, and the emitter half does not exist: a `boundary` the emitter INTERPOSES steals the enclosing loop's un-annotated jumps
f8c63f5125a0	catalog(unmechanised)	handled	JS-S04	-	0	area S obligations are not declared: the JS-S rows split across the frontend's lowering dispatch and the EMITTER's rendering dispatch, and the emitter half does not exist: switch FALLTHROUGH runs the next case's statements
aaef979eef89	catalog(unmechanised)	handled	JS-S05	-	0	area S obligations are not declared: the JS-S rows split across the frontend's lowering dispatch and the EMITTER's rendering dispatch, and the emitter half does not exist: a `switch` with no `default` FALLS OUT; a `match` with no `case _` throws
4c80e669db92	catalog(unmechanised)	handled	JS-S06	-	0	area S obligations are not declared: the JS-S rows split across the frontend's lowering dispatch and the EMITTER's rendering dispatch, and the emitter half does not exist: an unlabelled `break` in the MIDDLE of a case ends the CASE
fa336e539204	catalog(unmechanised)	handled	JS-S07	-	0	area S obligations are not declared: the JS-S rows split across the frontend's lowering dispatch and the EMITTER's rendering dispatch, and the emitter half does not exist: only an UNLABELLED trailing `break` terminates a case; a labelled one leaves the LOOP
6fb5bdb2d80d	catalog(unmechanised)	handled	JS-S08	-	0	area S obligations are not declared: the JS-S rows split across the frontend's lowering dispatch and the EMITTER's rendering dispatch, and the emitter half does not exist: a `null` selector throws NPE IMPLICITLY — a classic switch has no `case null` to opt out with
f72ead5abd46	catalog(unmechanised)	handled	JS-S11	-	0	area S obligations are not declared: the JS-S rows split across the frontend's lowering dispatch and the EMITTER's rendering dispatch, and the emitter half does not exist: a translated CATCH swallows a translated JUMP — `boundary.Break` is a `RuntimeException`
fb8ea96e64b7	catalog(unmechanised)	handled	JS-S13	-	0	area S obligations are not declared: the JS-S rows split across the frontend's lowering dispatch and the EMITTER's rendering dispatch, and the emitter half does not exist: try-with-resources closes on ANY completion, in reverse order, before this try's own catch
8f64b71974ce	catalog(unmechanised)	handled	JS-S14	-	0	area S obligations are not declared: the JS-S rows split across the frontend's lowering dispatch and the EMITTER's rendering dispatch, and the emitter half does not exist: multi-catch `A | B`
1bd593c3e8a6	catalog(unmechanised)	handled	JS-S15	-	0	area S obligations are not declared: the JS-S rows split across the frontend's lowering dispatch and the EMITTER's rendering dispatch, and the emitter half does not exist: the enhanced-for expression is evaluated ONCE, and arrays and `Iterable` differ
e307d98a5c6c	catalog(unmechanised)	handled	JS-S16	-	0	area S obligations are not declared: the JS-S rows split across the frontend's lowering dispatch and the EMITTER's rendering dispatch, and the emitter half does not exist: the enhanced-for BINDING may be reassigned in the body, and may be declared at a supertype
7e431edf827d	catalog(unmechanised)	handled	JS-S17	-	0	area S obligations are not declared: the JS-S rows split across the frontend's lowering dispatch and the EMITTER's rendering dispatch, and the emitter half does not exist: the classic `for`'s UPDATE runs on `continue`, and its `ForInit` scopes to the loop
70bf2d0c61a5	catalog(unmechanised)	handled	JS-S18	-	0	area S obligations are not declared: the JS-S rows split across the frontend's lowering dispatch and the EMITTER's rendering dispatch, and the emitter half does not exist: `do`-`while` — Scala 3 removed it
1d3138c0244e	catalog(unmechanised)	handled	JS-S21	-	0	area S obligations are not declared: the JS-S rows split across the frontend's lowering dispatch and the EMITTER's rendering dispatch, and the emitter half does not exist: `return` inside a lambda body returns from the LAMBDA, not from the method
c3b3370dfd16	catalog(unmechanised)	handled	JS-S22	-	0	area S obligations are not declared: the JS-S rows split across the frontend's lowering dispatch and the EMITTER's rendering dispatch, and the emitter half does not exist: `synchronized` as a statement
3f72f85971d5	catalog(unmechanised)	handled	JS-S25	-	0	area S obligations are not declared: the JS-S rows split across the frontend's lowering dispatch and the EMITTER's rendering dispatch, and the emitter half does not exist: Java REJECTS unreachable code and Scala allows it — composed with `break`
5168a5d5657d	catalog(unmechanised)	non-diff	JS-C07	-	0	area C obligations are not declared: most JS-C rows are decided by PHASES, and a per-phase citation is only meaningful once each phase names the declarations it decided about: JLS's class-initialisation TRIGGER list vs Scala's uniform accessor trigger
d3e318132a3a	catalog(unmechanised)	non-diff	JS-C10	-	0	area C obligations are not declared: most JS-C rows are decided by PHASES, and a per-phase citation is only meaningful once each phase names the declarations it decided about: circular class initialisation delivers DEFAULT values on the same thread
10c2909409bf	catalog(unmechanised)	non-diff	JS-C11	-	0	area C obligations are not declared: most JS-C rows are decided by PHASES, and a per-phase citation is only meaningful once each phase names the declarations it decided about: a superclass is initialised before its subclass
79ca383fbb1a	catalog(unmechanised)	non-diff	JS-C15	-	0	area C obligations are not declared: most JS-C rows are decided by PHASES, and a per-phase citation is only meaningful once each phase names the declarations it decided about: a virtual call from a constructor sees UNINITIALISED subclass state
c8cd2a3ba648	catalog(unmechanised)	non-diff	JS-C27	-	0	area C obligations are not declared: most JS-C rows are decided by PHASES, and a per-phase citation is only meaningful once each phase names the declarations it decided about: covariant return types
c644884388e3	catalog(unmechanised)	non-diff	JS-C28	-	0	area C obligations are not declared: most JS-C rows are decided by PHASES, and a per-phase citation is only meaningful once each phase names the declarations it decided about: bridge methods
23693327c6c0	catalog(unmechanised)	non-diff	JS-C32	-	0	area C obligations are not declared: most JS-C rows are decided by PHASES, and a per-phase citation is only meaningful once each phase names the declarations it decided about: a captured local must be EFFECTIVELY FINAL in Java
a5cfe674d0b2	catalog(unmechanised)	non-diff	JS-C35	-	0	area C obligations are not declared: most JS-C rows are decided by PHASES, and a per-phase citation is only meaningful once each phase names the declarations it decided about: interface `private` methods
8c267765d58f	catalog(unmechanised)	non-diff	JS-G19	-	0	area G obligations are not declared: the JS-G rows are decided by the type lowering and by retyping phases, neither of which has an obligation surface: post-erasure overload clash
b7888803a506	catalog(unmechanised)	non-diff	JS-G28	-	0	area G obligations are not declared: the JS-G rows are decided by the type lowering and by retyping phases, neither of which has an obligation surface: the `Int`/`Integer` boundary, and scalac's own boxing
47ae43cf1263	catalog(unmechanised)	non-diff	JS-S20	-	0	area S obligations are not declared: the JS-S rows split across the frontend's lowering dispatch and the EMITTER's rendering dispatch, and the emitter half does not exist: redeclaring a local in a nested block
a7740d233f27	catalog(unmechanised)	non-diff	JS-S24	-	0	area S obligations are not declared: the JS-S rows split across the frontend's lowering dispatch and the EMITTER's rendering dispatch, and the emitter half does not exist: `throw null`
ef5353863751	catalog(unmechanised)	open	JS-C12	-	0	area C obligations are not declared: most JS-C rows are decided by PHASES, and a per-phase citation is only meaningful once each phase names the declarations it decided about: a FORWARD REFERENCE to a later field is a Java compile error and a silent default read in Scala
24925cf44d72	catalog(unmechanised)	open	JS-C22	-	0	area C obligations are not declared: most JS-C rows are decided by PHASES, and a per-phase citation is only meaningful once each phase names the declarations it decided about: Java's THREE-PHASE applicability (strict, then loose, then varargs) has no Scala counterpart
cbb6fb7e8de3	catalog(unmechanised)	open	JS-C23	-	0	area C obligations are not declared: most JS-C rows are decided by PHASES, and a per-phase citation is only meaningful once each phase names the declarations it decided about: most-specific tie-break: Scala prefers a NON-GENERIC alternative and Java does not
71a4bc5b23c6	catalog(unmechanised)	open	JS-C42	-	0	area C obligations are not declared: most JS-C rows are decided by PHASES, and a per-phase citation is only meaningful once each phase names the declarations it decided about: `EnumMap`/`EnumSet` GUARANTEE declaration-order iteration
1559344093a8	catalog(unmechanised)	open	JS-C44	-	0	area C obligations are not declared: most JS-C rows are decided by PHASES, and a per-phase citation is only meaningful once each phase names the declarations it decided about: `sealed` / `non-sealed` / `permits`
d41047a0e4b3	catalog(unmechanised)	open	JS-G02	-	0	area G obligations are not declared: the JS-G rows are decided by the type lowering and by retyping phases, neither of which has an obligation surface: CAPTURE CONVERSION relates two uses of one wildcard in a single expression
79cd3e29aa5d	catalog(unmechanised)	open	JS-G16	-	0	area G obligations are not declared: the JS-G rows are decided by the type lowering and by retyping phases, neither of which has an obligation surface: Scala's `Array[T]` needs a `ClassTag` to be CONSTRUCTED
2703d5eb6304	catalog(unmechanised)	open	JS-G36	-	0	area G obligations are not declared: the JS-G rows are decided by the type lowering and by retyping phases, neither of which has an obligation surface: an override's TYPE-PARAMETER BOUNDS must be copied from the parent
9c7da5fd63c4	catalog(unmechanised)	open	JS-G41	-	0	area G obligations are not declared: the JS-G rows are decided by the type lowering and by retyping phases, neither of which has an obligation surface: `@SafeVarargs` and heap pollution
920dc7cc3bf3	catalog(unmechanised)	open	JS-S23	-	0	area S obligations are not declared: the JS-S rows split across the frontend's lowering dispatch and the EMITTER's rendering dispatch, and the emitter half does not exist: `assert` is enabled at RUN TIME by `-ea` and OFF by default, so the condition is not evaluated
c4c6cc143fc5	catalog(unmechanised)	partial	JS-C13	-	0	area C obligations are not declared: most JS-C rows are decided by PHASES, and a per-phase citation is only meaningful once each phase names the declarations it decided about: JLS 12.5's instance-creation sequence, whole
34763a34b047	catalog(unmechanised)	partial	JS-C17	-	0	area C obligations are not declared: most JS-C rows are decided by PHASES, and a per-phase citation is only meaningful once each phase names the declarations it decided about: double-brace initialisation is an anonymous subclass plus an instance initialiser
0d3d3df2317d	catalog(unmechanised)	partial	JS-C21	-	0	area C obligations are not declared: most JS-C rows are decided by PHASES, and a per-phase citation is only meaningful once each phase names the declarations it decided about: constructor overload resolution, against Scala's textual-anteriority rule
8967b70bd75c	catalog(unmechanised)	partial	JS-C33	-	0	area C obligations are not declared: most JS-C rows are decided by PHASES, and a per-phase citation is only meaningful once each phase names the declarations it decided about: the interface default-method diamond is resolved by JLS's two rules, not by trait linearization
1a24fe0dbc6d	catalog(unmechanised)	partial	JS-C40	-	0	area C obligations are not declared: most JS-C rows are decided by PHASES, and a per-phase citation is only meaningful once each phase names the declarations it decided about: enum constants with PER-CONSTANT class bodies
c11e401a56b5	catalog(unmechanised)	partial	JS-E06	-	0	the EMITTER decides it, at the `Tree.Typed` rendering, and the emitter has no obligation dispatch: a primitive cast is a CONVERSION in Java and an assertion in Scala once a phase has retyped the value
39c35f81e380	catalog(unmechanised)	partial	JS-G14	-	0	area G obligations are not declared: the JS-G rows are decided by the type lowering and by retyping phases, neither of which has an obligation surface: a primitive at a generic slot boxes to the WRAPPER, not to the formal
caf142eb19b7	catalog(unmechanised)	partial	JS-G20	-	0	area G obligations are not declared: the JS-G rows are decided by the type lowering and by retyping phases, neither of which has an obligation surface: an unchecked cast's TIMING — a cast that only becomes impossible AFTER a retyping
7cef154f1a6c	catalog(unmechanised)	partial	JS-G21	-	0	area G obligations are not declared: the JS-G rows are decided by the type lowering and by retyping phases, neither of which has an obligation surface: `instanceof` is restricted to REIFIABLE types, and SE16 added a pattern binding
8250ab922ae2	catalog(unmechanised)	partial	JS-G31	-	0	area G obligations are not declared: the JS-G rows are decided by the type lowering and by retyping phases, neither of which has an obligation surface: a POLY EXPRESSION must never be cast as a whole
01d284ba31a3	catalog(unmechanised)	partial	JS-S12	-	0	area S obligations are not declared: the JS-S rows split across the frontend's lowering dispatch and the EMITTER's rendering dispatch, and the emitter half does not exist: a `finally` completing abruptly DISCARDS the try's own abrupt completion
34f2469b9be8	catalog(unmechanised)	partial	JS-S19	-	0	area S obligations are not declared: the JS-S rows split across the frontend's lowering dispatch and the EMITTER's rendering dispatch, and the emitter half does not exist: definite assignment for LOCALS — Java rejects a read before assignment
8802657a56b8	catalog(unmechanised)	refused	JS-G10	-	0	area G obligations are not declared: the JS-G rows are decided by the type lowering and by retyping phases, neither of which has an obligation surface: a RAW anonymous class WITH a body
f12418282ef1	catalog(unmechanised)	refused	JS-G11	-	0	area G obligations are not declared: the JS-G rows are decided by the type lowering and by retyping phases, neither of which has an obligation surface: a partially-nameable F-BOUNDED raw fill
83b2fd270ca8	catalog(unreached)	open	JS-E04	-	0	never reached by this port — SpoonTir.exprNoCast's CtOperatorAssignment arm — no primRank, no narrowing, and no coerce either: compound assignment narrows implicitly to the left-hand type — EXPRESSION position
e81d70943de3	catalog(unreached)	partial	JS-E07	-	0	never reached by this port — TestFrameworkTransform.promote: binary numeric promotion does not reach a GENERIC call boundary
e3c005d64aab	context-seam	unconstructed-thread	de.eskalon.commons.screen.transition.BatchTransition	de/eskalon/commons/screen/transition/BatchTransition.java	34	threaded, and NOTHING IN THIS PROGRAM CONSTRUCTS IT, while it extends `java.lang.AutoCloseable` which this program does not declare — the shape a framework instantiates. A reflective construction cannot supply the clause this class now takes; if that is what builds it, add a `selfSupplied` entry naming the expression that yields the context [key=com.badlogic.gdx.Gdx]
d8d6ffe19006	context-seam	unconstructed-thread	de.eskalon.commons.screen.transition.SlidingTransition	de/eskalon/commons/screen/transition/SlidingTransition.java	37	threaded, and NOTHING IN THIS PROGRAM CONSTRUCTS IT, while it extends `java.lang.AutoCloseable` which this program does not declare — the shape a framework instantiates. A reflective construction cannot supply the clause this class now takes; if that is what builds it, add a `selfSupplied` entry naming the expression that yields the context [key=com.badlogic.gdx.Gdx]
5ad350fb5300	context-seam	unconstructed-thread	de.eskalon.commons.screen.transition.impl.BlendingTransition	de/eskalon/commons/screen/transition/impl/BlendingTransition.java	34	threaded, and NOTHING IN THIS PROGRAM CONSTRUCTS IT, while it extends `java.lang.AutoCloseable` which this program does not declare — the shape a framework instantiates. A reflective construction cannot supply the clause this class now takes; if that is what builds it, add a `selfSupplied` entry naming the expression that yields the context [key=com.badlogic.gdx.Gdx]
f45ab67c4246	context-seam	unconstructed-thread	de.eskalon.commons.screen.transition.impl.GLTransitionsShaderTransition	de/eskalon/commons/screen/transition/impl/GLTransitionsShaderTransition.java	46	threaded, and NOTHING IN THIS PROGRAM CONSTRUCTS IT, while it extends `java.lang.AutoCloseable` which this program does not declare — the shape a framework instantiates. A reflective construction cannot supply the clause this class now takes; if that is what builds it, add a `selfSupplied` entry naming the expression that yields the context [key=com.badlogic.gdx.Gdx]
463e79d5cefb	context-seam	unconstructed-thread	de.eskalon.commons.screen.transition.impl.HorizontalSlicingTransition	de/eskalon/commons/screen/transition/impl/HorizontalSlicingTransition.java	36	threaded, and NOTHING IN THIS PROGRAM CONSTRUCTS IT, while it extends `java.lang.AutoCloseable` which this program does not declare — the shape a framework instantiates. A reflective construction cannot supply the clause this class now takes; if that is what builds it, add a `selfSupplied` entry naming the expression that yields the context [key=com.badlogic.gdx.Gdx]
724687cf1714	context-seam	unconstructed-thread	de.eskalon.commons.screen.transition.impl.PushTransition	de/eskalon/commons/screen/transition/impl/PushTransition.java	35	threaded, and NOTHING IN THIS PROGRAM CONSTRUCTS IT, while it extends `java.lang.AutoCloseable` which this program does not declare — the shape a framework instantiates. A reflective construction cannot supply the clause this class now takes; if that is what builds it, add a `selfSupplied` entry naming the expression that yields the context [key=com.badlogic.gdx.Gdx]
c8a6bc0a48bd	context-seam	unconstructed-thread	de.eskalon.commons.screen.transition.impl.ShaderTransition	de/eskalon/commons/screen/transition/impl/ShaderTransition.java	61	threaded, and NOTHING IN THIS PROGRAM CONSTRUCTS IT, while it extends `java.lang.AutoCloseable` which this program does not declare — the shape a framework instantiates. A reflective construction cannot supply the clause this class now takes; if that is what builds it, add a `selfSupplied` entry naming the expression that yields the context [key=com.badlogic.gdx.Gdx]
e3f1a2b41c62	context-seam	unconstructed-thread	de.eskalon.commons.screen.transition.impl.SlidingInTransition	de/eskalon/commons/screen/transition/impl/SlidingInTransition.java	33	threaded, and NOTHING IN THIS PROGRAM CONSTRUCTS IT, while it extends `java.lang.AutoCloseable` which this program does not declare — the shape a framework instantiates. A reflective construction cannot supply the clause this class now takes; if that is what builds it, add a `selfSupplied` entry naming the expression that yields the context [key=com.badlogic.gdx.Gdx]
a618d66f66b0	context-seam	unconstructed-thread	de.eskalon.commons.screen.transition.impl.SlidingOutTransition	de/eskalon/commons/screen/transition/impl/SlidingOutTransition.java	33	threaded, and NOTHING IN THIS PROGRAM CONSTRUCTS IT, while it extends `java.lang.AutoCloseable` which this program does not declare — the shape a framework instantiates. A reflective construction cannot supply the clause this class now takes; if that is what builds it, add a `selfSupplied` entry naming the expression that yields the context [key=com.badlogic.gdx.Gdx]
6f1f57e616e2	context-seam	unconstructed-thread	de.eskalon.commons.screen.transition.impl.VerticalSlicingTransition	de/eskalon/commons/screen/transition/impl/VerticalSlicingTransition.java	36	threaded, and NOTHING IN THIS PROGRAM CONSTRUCTS IT, while it extends `java.lang.AutoCloseable` which this program does not declare — the shape a framework instantiates. A reflective construction cannot supply the clause this class now takes; if that is what builds it, add a `selfSupplied` entry naming the expression that yields the context [key=com.badlogic.gdx.Gdx]
55541edbae72	nullability-boundary	AbstractTypeParameter	de.eskalon.commons.screen.ScreenManager#getCurrentScreen	de/eskalon/commons/screen/ScreenManager.java	474	`org.jspecify.annotations.Nullable` on `de.eskalon.commons.screen.ScreenManager#getCurrentScreen`
6879c2bf4176	nullability-boundary	AbstractTypeParameter	de.eskalon.commons.screen.ScreenManager#getLastScreen	de/eskalon/commons/screen/ScreenManager.java	461	`org.jspecify.annotations.Nullable` on `de.eskalon.commons.screen.ScreenManager#getLastScreen`
2fac6981dcfc	nullability-boundary	ScopedOut	de.eskalon.commons.screen.ScreenManager#transition	de/eskalon/commons/screen/ScreenManager.java	107	`de.eskalon.commons.screen.ScreenManager#transition` on `de.eskalon.commons.screen.ScreenManager#transition`
2b259a40275f	portability(all)	java.lang.Class#forName	sge.utils.reflect.ClassReflection#forName	../../../../libgdx/gdx/src/com/badlogic/gdx/utils/reflect/ClassReflection.java	28	Call — runtime class lookup by name is JVM-only
aae5948a8e17	portability(all)	java.lang.Class#getConstructor	sge.utils.reflect.ClassReflection#getConstructor	../../../../libgdx/gdx/src/com/badlogic/gdx/utils/reflect/ClassReflection.java	122	Call — reflective member access is JVM-only
01cabea7b30c	portability(all)	java.lang.Class#getDeclaredConstructor	sge.utils.reflect.ClassReflection#getDeclaredConstructor	../../../../libgdx/gdx/src/com/badlogic/gdx/utils/reflect/ClassReflection.java	135	Call — reflective member access is JVM-only
580f8e2946fc	portability(all)	java.lang.Class#getDeclaredField	sge.utils.reflect.ClassReflection#getDeclaredField	../../../../libgdx/gdx/src/com/badlogic/gdx/utils/reflect/ClassReflection.java	226	Call — reflective member access is JVM-only
e9ae09a39f07	portability(all)	java.lang.Class#getDeclaredFields	fields	../../../../libgdx/gdx/src/com/badlogic/gdx/utils/reflect/ClassReflection.java	215	Call — reflective member access is JVM-only
b7c6890534e5	portability(all)	java.lang.Class#getDeclaredMethod	sge.utils.reflect.ClassReflection#getDeclaredMethod	../../../../libgdx/gdx/src/com/badlogic/gdx/utils/reflect/ClassReflection.java	184	Call — reflective member access is JVM-only
aba966d50746	portability(all)	java.lang.Class#getDeclaredMethods	methods	../../../../libgdx/gdx/src/com/badlogic/gdx/utils/reflect/ClassReflection.java	172	Call — reflective member access is JVM-only
8b47b83c5f87	portability(all)	java.lang.Class#getField	sge.utils.reflect.ClassReflection#getField	../../../../libgdx/gdx/src/com/badlogic/gdx/utils/reflect/ClassReflection.java	205	Call — reflective member access is JVM-only
cccd49a03eed	portability(all)	java.lang.Class#getFields	fields	../../../../libgdx/gdx/src/com/badlogic/gdx/utils/reflect/ClassReflection.java	194	Call — reflective member access is JVM-only
5e9140fac0a2	portability(all)	java.lang.Class#getMethod	sge.utils.reflect.ClassReflection#getMethod	../../../../libgdx/gdx/src/com/badlogic/gdx/utils/reflect/ClassReflection.java	162	Call — reflective member access is JVM-only
382dea975c3e	portability(all)	java.lang.Class#getMethods	methods	../../../../libgdx/gdx/src/com/badlogic/gdx/utils/reflect/ClassReflection.java	150	Call — reflective member access is JVM-only
dfd96b5fd682	portability(all)	java.lang.Class#newInstance	sge.utils.reflect.ClassReflection#newInstance	../../../../libgdx/gdx/src/com/badlogic/gdx/utils/reflect/ClassReflection.java	93	Call — reflective instantiation is JVM-only
6db75723c029	portability(all)	java.lang.Thread	sge.net.NetJavaImpl$87#newThread	../../../../libgdx/gdx/src/com/badlogic/gdx/net/NetJavaImpl.java	143	MemberType — threads do not exist on Scala.js
1a5d68fd4468	portability(all)	java.lang.Thread	sge.utils.PauseableThread	../../../../libgdx/gdx/src/com/badlogic/gdx/utils/PauseableThread.java	23	Extends — threads do not exist on Scala.js
11293a1e99b0	portability(all)	java.lang.Thread	sge.utils.async.AsyncExecutor$156#newThread	../../../../libgdx/gdx/src/com/badlogic/gdx/utils/async/AsyncExecutor.java	46	MemberType — threads do not exist on Scala.js
d25e719f1f96	portability(all)	java.lang.Thread	sge.utils.async.ThreadUtils#yield	../../../../libgdx/gdx/src/com/badlogic/gdx/utils/async/ThreadUtils.java	23	TermRef — threads do not exist on Scala.js
228b5c0e2703	portability(all)	java.lang.Thread	stack	../../../../libgdx/gdx/src/com/badlogic/gdx/graphics/profiling/GLErrorListener.java	41	TermRef — threads do not exist on Scala.js
484515d9ecd2	portability(all)	java.lang.Thread	thread	../../../../libgdx/gdx/src/com/badlogic/gdx/input/RemoteInput.java	230	Instantiate — threads do not exist on Scala.js
dc960c53b7dd	portability(all)	java.lang.Thread	thread	../../../../libgdx/gdx/src/com/badlogic/gdx/input/RemoteInput.java	230	MemberType — threads do not exist on Scala.js
42aaf245bc24	portability(all)	java.lang.Thread	thread	../../../../libgdx/gdx/src/com/badlogic/gdx/net/NetJavaImpl.java	144	Instantiate — threads do not exist on Scala.js
416a112ec05c	portability(all)	java.lang.Thread	thread	../../../../libgdx/gdx/src/com/badlogic/gdx/net/NetJavaImpl.java	144	MemberType — threads do not exist on Scala.js
70fa0ffc9242	portability(all)	java.lang.Thread	thread	../../../../libgdx/gdx/src/com/badlogic/gdx/utils/Timer.java	282	Instantiate — threads do not exist on Scala.js
d2c637b26bfe	portability(all)	java.lang.Thread	thread	../../../../libgdx/gdx/src/com/badlogic/gdx/utils/Timer.java	282	MemberType — threads do not exist on Scala.js
87db70dfe54a	portability(all)	java.lang.Thread	thread	../../../../libgdx/gdx/src/com/badlogic/gdx/utils/async/AsyncExecutor.java	47	Instantiate — threads do not exist on Scala.js
dbf9d9844427	portability(all)	java.lang.Thread	thread	../../../../libgdx/gdx/src/com/badlogic/gdx/utils/async/AsyncExecutor.java	47	MemberType — threads do not exist on Scala.js
bebe0ec31d20	portability(all)	java.lang.reflect.Array	sge.utils.reflect.ArrayReflection#get	../../../../libgdx/gdx/src/com/badlogic/gdx/utils/reflect/ArrayReflection.java	35	TermRef — runtime reflection does not exist on Scala.js / Native
19bd51856dd8	portability(all)	java.lang.reflect.Array	sge.utils.reflect.ArrayReflection#getLength	../../../../libgdx/gdx/src/com/badlogic/gdx/utils/reflect/ArrayReflection.java	30	TermRef — runtime reflection does not exist on Scala.js / Native
2e2a7a4a5095	portability(all)	java.lang.reflect.Array	sge.utils.reflect.ArrayReflection#newInstance	../../../../libgdx/gdx/src/com/badlogic/gdx/utils/reflect/ArrayReflection.java	25	TermRef — runtime reflection does not exist on Scala.js / Native
be0dd788c364	portability(all)	java.lang.reflect.Array	sge.utils.reflect.ArrayReflection#set	../../../../libgdx/gdx/src/com/badlogic/gdx/utils/reflect/ArrayReflection.java	40	TermRef — runtime reflection does not exist on Scala.js / Native
999127392b53	portability(all)	java.lang.reflect.Constructor	@46388#<init>(java.lang.reflect.Constructor)#constructor	../../../../libgdx/gdx/src/com/badlogic/gdx/utils/reflect/Constructor.java	27	Tycon — runtime reflection does not exist on Scala.js / Native
b6f8e11792b2	portability(all)	java.lang.reflect.Constructor	constructors	../../../../libgdx/gdx/src/com/badlogic/gdx/utils/reflect/ClassReflection.java	110	Tycon — runtime reflection does not exist on Scala.js / Native
850c625d6df0	portability(all)	java.lang.reflect.Constructor	sge.utils.reflect.ClassReflection#getConstructor	../../../../libgdx/gdx/src/com/badlogic/gdx/utils/reflect/ClassReflection.java	122	Tycon — runtime reflection does not exist on Scala.js / Native
95edc22fcad3	portability(all)	java.lang.reflect.Constructor	sge.utils.reflect.ClassReflection#getConstructors	../../../../libgdx/gdx/src/com/badlogic/gdx/utils/reflect/ClassReflection.java	113	Tycon — runtime reflection does not exist on Scala.js / Native
81f47c26bf00	portability(all)	java.lang.reflect.Constructor	sge.utils.reflect.ClassReflection#getDeclaredConstructor	../../../../libgdx/gdx/src/com/badlogic/gdx/utils/reflect/ClassReflection.java	135	Tycon — runtime reflection does not exist on Scala.js / Native
f985cf8c8259	portability(all)	java.lang.reflect.Constructor	sge.utils.reflect.Constructor#<init>	../../../../libgdx/gdx/src/com/badlogic/gdx/utils/reflect/Constructor.java	28	Tycon — runtime reflection does not exist on Scala.js / Native
145ad13b8b26	portability(all)	java.lang.reflect.Constructor	sge.utils.reflect.Constructor#constructor	../../../../libgdx/gdx/src/com/badlogic/gdx/utils/reflect/Constructor.java	25	Tycon — runtime reflection does not exist on Scala.js / Native
e3d7cd5a2d95	portability(all)	java.lang.reflect.Field	@45923#<init>(java.lang.reflect.Field)#field	../../../../libgdx/gdx/src/com/badlogic/gdx/utils/reflect/Field.java	30	MemberType — runtime reflection does not exist on Scala.js / Native
3202710059aa	portability(all)	java.lang.reflect.Field	fields	../../../../libgdx/gdx/src/com/badlogic/gdx/utils/reflect/ClassReflection.java	194	TypeArg — runtime reflection does not exist on Scala.js / Native
3202710059aa/2	portability(all)	java.lang.reflect.Field	fields	../../../../libgdx/gdx/src/com/badlogic/gdx/utils/reflect/ClassReflection.java	215	TypeArg — runtime reflection does not exist on Scala.js / Native
82b2cb624b3e	portability(all)	java.lang.reflect.Field	sge.utils.reflect.Field#field	../../../../libgdx/gdx/src/com/badlogic/gdx/utils/reflect/Field.java	28	MemberType — runtime reflection does not exist on Scala.js / Native
ce00fb688d43	portability(all)	java.lang.reflect.GenericArrayType	componentType	../../../../libgdx/gdx/src/com/badlogic/gdx/utils/reflect/Field.java	115	TypeRefPos — runtime reflection does not exist on Scala.js / Native
71b98b6f8071	portability(all)	java.lang.reflect.GenericArrayType	sge.utils.reflect.Field#getElementType	../../../../libgdx/gdx/src/com/badlogic/gdx/utils/reflect/Field.java	114	TypeRefPos — runtime reflection does not exist on Scala.js / Native
33321c18e489	portability(all)	java.lang.reflect.InvocationTargetException	e	../../../../libgdx/gdx/src/com/badlogic/gdx/utils/reflect/Constructor.java	61	MemberType — runtime reflection does not exist on Scala.js / Native
7a362f0cf39f	portability(all)	java.lang.reflect.InvocationTargetException	e	../../../../libgdx/gdx/src/com/badlogic/gdx/utils/reflect/Method.java	113	MemberType — runtime reflection does not exist on Scala.js / Native
77c3428fe94d	portability(all)	java.lang.reflect.Method	@52081#<init>(java.lang.reflect.Method)#method	../../../../libgdx/gdx/src/com/badlogic/gdx/utils/reflect/Method.java	28	MemberType — runtime reflection does not exist on Scala.js / Native
2c59dc7cd6a7	portability(all)	java.lang.reflect.Method	methods	../../../../libgdx/gdx/src/com/badlogic/gdx/utils/reflect/ClassReflection.java	150	TypeArg — runtime reflection does not exist on Scala.js / Native
2c59dc7cd6a7/2	portability(all)	java.lang.reflect.Method	methods	../../../../libgdx/gdx/src/com/badlogic/gdx/utils/reflect/ClassReflection.java	172	TypeArg — runtime reflection does not exist on Scala.js / Native
c7e6c7e309dc	portability(all)	java.lang.reflect.Method	sge.utils.reflect.Method#method	../../../../libgdx/gdx/src/com/badlogic/gdx/utils/reflect/Method.java	26	MemberType — runtime reflection does not exist on Scala.js / Native
fbef5268be36	portability(all)	java.lang.reflect.Modifier	sge.utils.reflect.ClassReflection#isAbstract	../../../../libgdx/gdx/src/com/badlogic/gdx/utils/reflect/ClassReflection.java	87	TermRef — runtime reflection does not exist on Scala.js / Native
386570011685	portability(all)	java.lang.reflect.Modifier	sge.utils.reflect.ClassReflection#isStaticClass	../../../../libgdx/gdx/src/com/badlogic/gdx/utils/reflect/ClassReflection.java	57	TermRef — runtime reflection does not exist on Scala.js / Native
4d55ff970790	portability(all)	java.lang.reflect.Modifier	sge.utils.reflect.Field#isFinal	../../../../libgdx/gdx/src/com/badlogic/gdx/utils/reflect/Field.java	64	TermRef — runtime reflection does not exist on Scala.js / Native
e0ec5674f67f	portability(all)	java.lang.reflect.Modifier	sge.utils.reflect.Field#isPrivate	../../../../libgdx/gdx/src/com/badlogic/gdx/utils/reflect/Field.java	69	TermRef — runtime reflection does not exist on Scala.js / Native
ad110ae78955	portability(all)	java.lang.reflect.Modifier	sge.utils.reflect.Field#isProtected	../../../../libgdx/gdx/src/com/badlogic/gdx/utils/reflect/Field.java	74	TermRef — runtime reflection does not exist on Scala.js / Native
2c9d70ea4797	portability(all)	java.lang.reflect.Modifier	sge.utils.reflect.Field#isPublic	../../../../libgdx/gdx/src/com/badlogic/gdx/utils/reflect/Field.java	79	TermRef — runtime reflection does not exist on Scala.js / Native
61e139617c7f	portability(all)	java.lang.reflect.Modifier	sge.utils.reflect.Field#isStatic	../../../../libgdx/gdx/src/com/badlogic/gdx/utils/reflect/Field.java	84	TermRef — runtime reflection does not exist on Scala.js / Native
3827f02f99ba	portability(all)	java.lang.reflect.Modifier	sge.utils.reflect.Field#isTransient	../../../../libgdx/gdx/src/com/badlogic/gdx/utils/reflect/Field.java	89	TermRef — runtime reflection does not exist on Scala.js / Native
6724c82ff2eb	portability(all)	java.lang.reflect.Modifier	sge.utils.reflect.Field#isVolatile	../../../../libgdx/gdx/src/com/badlogic/gdx/utils/reflect/Field.java	94	TermRef — runtime reflection does not exist on Scala.js / Native
5022366af600	portability(all)	java.lang.reflect.Modifier	sge.utils.reflect.Method#isAbstract	../../../../libgdx/gdx/src/com/badlogic/gdx/utils/reflect/Method.java	62	TermRef — runtime reflection does not exist on Scala.js / Native
0109e80092ac	portability(all)	java.lang.reflect.Modifier	sge.utils.reflect.Method#isFinal	../../../../libgdx/gdx/src/com/badlogic/gdx/utils/reflect/Method.java	72	TermRef — runtime reflection does not exist on Scala.js / Native
5191dc007100	portability(all)	java.lang.reflect.Modifier	sge.utils.reflect.Method#isNative	../../../../libgdx/gdx/src/com/badlogic/gdx/utils/reflect/Method.java	92	TermRef — runtime reflection does not exist on Scala.js / Native
954a6deb16ae	portability(all)	java.lang.reflect.Modifier	sge.utils.reflect.Method#isPrivate	../../../../libgdx/gdx/src/com/badlogic/gdx/utils/reflect/Method.java	77	TermRef — runtime reflection does not exist on Scala.js / Native
a30c6cbd0c40	portability(all)	java.lang.reflect.Modifier	sge.utils.reflect.Method#isProtected	../../../../libgdx/gdx/src/com/badlogic/gdx/utils/reflect/Method.java	82	TermRef — runtime reflection does not exist on Scala.js / Native
a41fc94c3a40	portability(all)	java.lang.reflect.Modifier	sge.utils.reflect.Method#isPublic	../../../../libgdx/gdx/src/com/badlogic/gdx/utils/reflect/Method.java	87	TermRef — runtime reflection does not exist on Scala.js / Native
6487f303d70c	portability(all)	java.lang.reflect.Modifier	sge.utils.reflect.Method#isStatic	../../../../libgdx/gdx/src/com/badlogic/gdx/utils/reflect/Method.java	97	TermRef — runtime reflection does not exist on Scala.js / Native
53485c4e0ada	portability(all)	java.lang.reflect.ParameterizedType	actualTypes	../../../../libgdx/gdx/src/com/badlogic/gdx/utils/reflect/Field.java	107	TypeRefPos — runtime reflection does not exist on Scala.js / Native
fcdd6555fc16	portability(all)	java.lang.reflect.ParameterizedType	sge.utils.reflect.Field#getElementType	../../../../libgdx/gdx/src/com/badlogic/gdx/utils/reflect/Field.java	106	TypeRefPos — runtime reflection does not exist on Scala.js / Native
fcdd6555fc16/2	portability(all)	java.lang.reflect.ParameterizedType	sge.utils.reflect.Field#getElementType	../../../../libgdx/gdx/src/com/badlogic/gdx/utils/reflect/Field.java	112	TypeRefPos — runtime reflection does not exist on Scala.js / Native
fcdd6555fc16/3	portability(all)	java.lang.reflect.ParameterizedType	sge.utils.reflect.Field#getElementType	../../../../libgdx/gdx/src/com/badlogic/gdx/utils/reflect/Field.java	113	TypeRefPos — runtime reflection does not exist on Scala.js / Native
e886ac0f99de	portability(all)	java.lang.reflect.Type	actualType	../../../../libgdx/gdx/src/com/badlogic/gdx/utils/reflect/Field.java	109	MemberType — runtime reflection does not exist on Scala.js / Native
b22044b71b9e	portability(all)	java.lang.reflect.Type	actualTypes	../../../../libgdx/gdx/src/com/badlogic/gdx/utils/reflect/Field.java	107	TypeArg — runtime reflection does not exist on Scala.js / Native
11a45ab7bc7d	portability(all)	java.lang.reflect.Type	componentType	../../../../libgdx/gdx/src/com/badlogic/gdx/utils/reflect/Field.java	115	MemberType — runtime reflection does not exist on Scala.js / Native
38f97400ed18	portability(all)	java.lang.reflect.Type	genericType	../../../../libgdx/gdx/src/com/badlogic/gdx/utils/reflect/Field.java	105	MemberType — runtime reflection does not exist on Scala.js / Native
58481f7a2e91	portability(all)	java.net.HttpURLConnection	@33900#putIntoConnectionsAndListeners(com.badlogic.gdx.Net$HttpRequest,com.badlogic.gdx.Net$HttpResponseListener,java.net.HttpURLConnection)#connection	../../../../libgdx/gdx/src/com/badlogic/gdx/net/NetJavaImpl.java	285	MemberType — networking is JVM-only; Scala.js needs fetch/XHR, Native its own stack
0aab55de84fa	portability(all)	java.net.HttpURLConnection	@33976#<init>(java.net.HttpURLConnection)#connection	../../../../libgdx/gdx/src/com/badlogic/gdx/net/NetJavaImpl.java	53	MemberType — networking is JVM-only; Scala.js needs fetch/XHR, Native its own stack
272911a5e5ed	portability(all)	java.net.HttpURLConnection	connection	../../../../libgdx/gdx/src/com/badlogic/gdx/net/NetJavaImpl.java	179	MemberType — networking is JVM-only; Scala.js needs fetch/XHR, Native its own stack
7d06ae8ac66a	portability(all)	java.net.HttpURLConnection	connection	../../../../libgdx/gdx/src/com/badlogic/gdx/net/NetJavaImpl.java	179	TypeRefPos — networking is JVM-only; Scala.js needs fetch/XHR, Native its own stack
07f0e53fc1f5	portability(all)	java.net.HttpURLConnection	sge.net.NetJavaImpl#<init>	../../../../libgdx/gdx/src/com/badlogic/gdx/net/NetJavaImpl.java	150	TypeArg — networking is JVM-only; Scala.js needs fetch/XHR, Native its own stack
d2b5e82245d3	portability(all)	java.net.HttpURLConnection	sge.net.NetJavaImpl#connections	../../../../libgdx/gdx/src/com/badlogic/gdx/net/NetJavaImpl.java	128	TypeArg — networking is JVM-only; Scala.js needs fetch/XHR, Native its own stack
239c89c8005e	portability(all)	java.net.HttpURLConnection	sge.net.NetJavaImpl#sendHttpRequest	../../../../libgdx/gdx/src/com/badlogic/gdx/net/NetJavaImpl.java	183	TermRef — networking is JVM-only; Scala.js needs fetch/XHR, Native its own stack
37decbbb32ac	portability(all)	java.net.HttpURLConnection	sge.net.NetJavaImpl$HttpClientResponse#connection	../../../../libgdx/gdx/src/com/badlogic/gdx/net/NetJavaImpl.java	50	MemberType — networking is JVM-only; Scala.js needs fetch/XHR, Native its own stack
74f306df2dea	portability(all)	java.net.InetAddress	allByName	../../../../libgdx/gdx/src/com/badlogic/gdx/input/RemoteInput.java	233	TermRef — networking is JVM-only; Scala.js needs fetch/XHR, Native its own stack
74f306df2dea/2	portability(all)	java.net.InetAddress	allByName	../../../../libgdx/gdx/src/com/badlogic/gdx/input/RemoteInput.java	233	TermRef — networking is JVM-only; Scala.js needs fetch/XHR, Native its own stack
deb2dd1cc84e	portability(all)	java.net.InetAddress	allByName	../../../../libgdx/gdx/src/com/badlogic/gdx/input/RemoteInput.java	233	TypeArg — networking is JVM-only; Scala.js needs fetch/XHR, Native its own stack
dfae5ac04668	portability(all)	java.net.InetSocketAddress	address	../../../../libgdx/gdx/src/com/badlogic/gdx/net/NetJavaServerSocketImpl.java	54	MemberType — networking is JVM-only; Scala.js needs fetch/XHR, Native its own stack
c76199b6e48e	portability(all)	java.net.InetSocketAddress	address	../../../../libgdx/gdx/src/com/badlogic/gdx/net/NetJavaSocketImpl.java	41	Instantiate — networking is JVM-only; Scala.js needs fetch/XHR, Native its own stack
d6b3b1dac78f	portability(all)	java.net.InetSocketAddress	address	../../../../libgdx/gdx/src/com/badlogic/gdx/net/NetJavaSocketImpl.java	41	MemberType — networking is JVM-only; Scala.js needs fetch/XHR, Native its own stack
d084a08bbd52	portability(all)	java.net.InetSocketAddress	sge.net.NetJavaServerSocketImpl#<init>	../../../../libgdx/gdx/src/com/badlogic/gdx/net/NetJavaServerSocketImpl.java	56	Instantiate — networking is JVM-only; Scala.js needs fetch/XHR, Native its own stack
d084a08bbd52/2	portability(all)	java.net.InetSocketAddress	sge.net.NetJavaServerSocketImpl#<init>	../../../../libgdx/gdx/src/com/badlogic/gdx/net/NetJavaServerSocketImpl.java	58	Instantiate — networking is JVM-only; Scala.js needs fetch/XHR, Native its own stack
4ca2eda22e2c	portability(all)	java.net.ServerSocket	sge.input.RemoteInput#<init>	../../../../libgdx/gdx/src/com/badlogic/gdx/input/RemoteInput.java	229	Instantiate — networking is JVM-only; Scala.js needs fetch/XHR, Native its own stack
96a802200f03	portability(all)	java.net.ServerSocket	sge.input.RemoteInput#serverSocket	../../../../libgdx/gdx/src/com/badlogic/gdx/input/RemoteInput.java	190	MemberType — networking is JVM-only; Scala.js needs fetch/XHR, Native its own stack
64d0cd05f9f6	portability(all)	java.net.ServerSocket	sge.net.NetJavaServerSocketImpl#<init>	../../../../libgdx/gdx/src/com/badlogic/gdx/net/NetJavaServerSocketImpl.java	44	Instantiate — networking is JVM-only; Scala.js needs fetch/XHR, Native its own stack
5d0e9782de49	portability(all)	java.net.ServerSocket	sge.net.NetJavaServerSocketImpl#server	../../../../libgdx/gdx/src/com/badlogic/gdx/net/NetJavaServerSocketImpl.java	32	MemberType — networking is JVM-only; Scala.js needs fetch/XHR, Native its own stack
9868e483cc78	portability(all)	java.net.Socket	@34057#<init>(java.net.Socket,com.badlogic.gdx.net.SocketHints)#socket	../../../../libgdx/gdx/src/com/badlogic/gdx/net/NetJavaSocketImpl.java	52	MemberType — networking is JVM-only; Scala.js needs fetch/XHR, Native its own stack
64c18e71ecbf	portability(all)	java.net.Socket	sge.net.NetJavaSocketImpl#<init>	../../../../libgdx/gdx/src/com/badlogic/gdx/net/NetJavaSocketImpl.java	37	Instantiate — networking is JVM-only; Scala.js needs fetch/XHR, Native its own stack
963f13aebecc	portability(all)	java.net.Socket	sge.net.NetJavaSocketImpl#socket	../../../../libgdx/gdx/src/com/badlogic/gdx/net/NetJavaSocketImpl.java	32	MemberType — networking is JVM-only; Scala.js needs fetch/XHR, Native its own stack
341ba6836458	portability(all)	java.net.Socket	socket	../../../../libgdx/gdx/src/com/badlogic/gdx/input/RemoteInput.java	251	MemberType — networking is JVM-only; Scala.js needs fetch/XHR, Native its own stack
bfea43abff82	portability(all)	java.net.Socket	socket	../../../../libgdx/gdx/src/com/badlogic/gdx/input/RemoteSender.java	49	Instantiate — networking is JVM-only; Scala.js needs fetch/XHR, Native its own stack
9dfb72fa692b	portability(all)	java.net.Socket	socket	../../../../libgdx/gdx/src/com/badlogic/gdx/input/RemoteSender.java	49	MemberType — networking is JVM-only; Scala.js needs fetch/XHR, Native its own stack
d35463b719b4	portability(all)	java.net.URL	sge.net.NetJavaImpl#sendHttpRequest	../../../../libgdx/gdx/src/com/badlogic/gdx/net/NetJavaImpl.java	174	Instantiate — networking is JVM-only; Scala.js needs fetch/XHR, Native its own stack
d35463b719b4/2	portability(all)	java.net.URL	sge.net.NetJavaImpl#sendHttpRequest	../../../../libgdx/gdx/src/com/badlogic/gdx/net/NetJavaImpl.java	176	Instantiate — networking is JVM-only; Scala.js needs fetch/XHR, Native its own stack
c906b3e4fcfb	portability(all)	java.net.URL	url	../../../../libgdx/gdx/src/com/badlogic/gdx/net/NetJavaImpl.java	163	MemberType — networking is JVM-only; Scala.js needs fetch/XHR, Native its own stack
8881034232ee	portability(all)	java.net.URLEncoder	sge.net.HttpParametersUtils#encode	../../../../libgdx/gdx/src/com/badlogic/gdx/net/HttpParametersUtils.java	54	TermRef — networking is JVM-only; Scala.js needs fetch/XHR, Native its own stack
7c0d80b8edc7	portability(all)	java.nio.channels.FileChannel	fileChannel	../../../../libgdx/gdx/src/com/badlogic/gdx/files/FileHandle.java	281	MemberType — NIO channels are JVM-only
498aab4ed323	portability(all)	java.nio.channels.FileChannel$MapMode	@686#map(java.nio.channels.FileChannel$MapMode)#mode	../../../../libgdx/gdx/src/com/badlogic/gdx/files/FileHandle.java	275	MemberType — NIO channels are JVM-only
0ff2c26a6e20	portability(all)	java.nio.channels.FileChannel$MapMode	sge.files.FileHandle#map	../../../../libgdx/gdx/src/com/badlogic/gdx/files/FileHandle.java	269	TermRef — NIO channels are JVM-only
0ff2c26a6e20/2	portability(all)	java.nio.channels.FileChannel$MapMode	sge.files.FileHandle#map	../../../../libgdx/gdx/src/com/badlogic/gdx/files/FileHandle.java	280	TermRef — NIO channels are JVM-only
bc6a93aa67ea	portability(all)	java.util.concurrent.Callable	sge.utils.async.AsyncExecutor#submit	../../../../libgdx/gdx/src/com/badlogic/gdx/utils/async/AsyncExecutor.java	61	Tycon — the java.util.concurrent runtime is JVM-only (Scala.js is single-threaded)
28d171f40afa	portability(all)	java.util.concurrent.ExecutionException	ex	../../../../libgdx/gdx/src/com/badlogic/gdx/utils/async/AsyncResult.java	45	MemberType — the java.util.concurrent runtime is JVM-only (Scala.js is single-threaded)
a70310f566b3	portability(all)	java.util.concurrent.ExecutorService	sge.utils.async.AsyncExecutor#executor	../../../../libgdx/gdx/src/com/badlogic/gdx/utils/async/AsyncExecutor.java	33	MemberType — the java.util.concurrent runtime is JVM-only (Scala.js is single-threaded)
ca7309e269e1	portability(all)	java.util.concurrent.Executors	sge.utils.async.AsyncExecutor#<init>	../../../../libgdx/gdx/src/com/badlogic/gdx/utils/async/AsyncExecutor.java	44	TermRef — the java.util.concurrent runtime is JVM-only (Scala.js is single-threaded)
df3141f57a93	portability(all)	java.util.concurrent.Future	@1708#<init>(java.util.concurrent.Future)#future	../../../../libgdx/gdx/src/com/badlogic/gdx/utils/async/AsyncResult.java	29	Tycon — the java.util.concurrent runtime is JVM-only (Scala.js is single-threaded)
42dce8e234e7	portability(all)	java.util.concurrent.Future	sge.net.NetJavaImpl#<init>	../../../../libgdx/gdx/src/com/badlogic/gdx/net/NetJavaImpl.java	152	Tycon — the java.util.concurrent runtime is JVM-only (Scala.js is single-threaded)
880bbe3885c1	portability(all)	java.util.concurrent.Future	sge.net.NetJavaImpl#tasks	../../../../libgdx/gdx/src/com/badlogic/gdx/net/NetJavaImpl.java	130	Tycon — the java.util.concurrent runtime is JVM-only (Scala.js is single-threaded)
48b11905721d	portability(all)	java.util.concurrent.Future	sge.utils.async.AsyncResult#future	../../../../libgdx/gdx/src/com/badlogic/gdx/utils/async/AsyncResult.java	27	Tycon — the java.util.concurrent runtime is JVM-only (Scala.js is single-threaded)
3e2e7531c900	portability(all)	java.util.concurrent.Future	task	../../../../libgdx/gdx/src/com/badlogic/gdx/net/NetJavaImpl.java	271	Tycon — the java.util.concurrent runtime is JVM-only (Scala.js is single-threaded)
72e6b8a95e7e	portability(all)	java.util.concurrent.LinkedBlockingQueue	sge.net.NetJavaImpl#<init>	../../../../libgdx/gdx/src/com/badlogic/gdx/net/NetJavaImpl.java	139	Tycon — the java.util.concurrent runtime is JVM-only (Scala.js is single-threaded)
ec415b0af6a5	portability(all)	java.util.concurrent.SynchronousQueue	sge.net.NetJavaImpl#<init>	../../../../libgdx/gdx/src/com/badlogic/gdx/net/NetJavaImpl.java	139	Tycon — the java.util.concurrent runtime is JVM-only (Scala.js is single-threaded)
4474ad8a0f20	portability(all)	java.util.concurrent.ThreadFactory	sge.net.NetJavaImpl#<init>	../../../../libgdx/gdx/src/com/badlogic/gdx/net/NetJavaImpl.java	139	Instantiate — the java.util.concurrent runtime is JVM-only (Scala.js is single-threaded)
a6a50443c880	portability(all)	java.util.concurrent.ThreadFactory	sge.utils.async.AsyncExecutor#<init>	../../../../libgdx/gdx/src/com/badlogic/gdx/utils/async/AsyncExecutor.java	44	Instantiate — the java.util.concurrent runtime is JVM-only (Scala.js is single-threaded)
e33762e521c9	portability(all)	java.util.concurrent.ThreadPoolExecutor	sge.net.NetJavaImpl#<init>	../../../../libgdx/gdx/src/com/badlogic/gdx/net/NetJavaImpl.java	138	Instantiate — the java.util.concurrent runtime is JVM-only (Scala.js is single-threaded)
184ff344654e	portability(all)	java.util.concurrent.ThreadPoolExecutor	sge.net.NetJavaImpl#executorService	../../../../libgdx/gdx/src/com/badlogic/gdx/net/NetJavaImpl.java	127	MemberType — the java.util.concurrent runtime is JVM-only (Scala.js is single-threaded)
9de96812e331	portability(all)	java.util.concurrent.TimeUnit	sge.net.NetJavaImpl#<init>	../../../../libgdx/gdx/src/com/badlogic/gdx/net/NetJavaImpl.java	138	TermRef — the java.util.concurrent runtime is JVM-only (Scala.js is single-threaded)
fedcd0309135	portability(all)	java.util.concurrent.TimeUnit	sge.utils.async.AsyncExecutor#close	../../../../libgdx/gdx/src/com/badlogic/gdx/utils/async/AsyncExecutor.java	75	TermRef — the java.util.concurrent runtime is JVM-only (Scala.js is single-threaded)
e9fce5fc17f4	portability(all)	java.util.concurrent.atomic.AtomicInteger	sge.net.NetJavaImpl$87#threadID	../../../../libgdx/gdx/src/com/badlogic/gdx/net/NetJavaImpl.java	140	Instantiate — the java.util.concurrent runtime is JVM-only (Scala.js is single-threaded)
0417e8f91816	portability(all)	java.util.concurrent.atomic.AtomicInteger	sge.net.NetJavaImpl$87#threadID	../../../../libgdx/gdx/src/com/badlogic/gdx/net/NetJavaImpl.java	140	MemberType — the java.util.concurrent runtime is JVM-only (Scala.js is single-threaded)
244e2c8ed201	portability(all)	java.util.concurrent.atomic.AtomicInteger	sge.utils.AtomicQueue#readIndex	../../../../libgdx/gdx/src/com/badlogic/gdx/utils/AtomicQueue.java	33	Instantiate — the java.util.concurrent runtime is JVM-only (Scala.js is single-threaded)
3a1bd8ce9ab8	portability(all)	java.util.concurrent.atomic.AtomicInteger	sge.utils.AtomicQueue#readIndex	../../../../libgdx/gdx/src/com/badlogic/gdx/utils/AtomicQueue.java	33	MemberType — the java.util.concurrent runtime is JVM-only (Scala.js is single-threaded)
cc3149f6766e	portability(all)	java.util.concurrent.atomic.AtomicInteger	sge.utils.AtomicQueue#writeIndex	../../../../libgdx/gdx/src/com/badlogic/gdx/utils/AtomicQueue.java	32	Instantiate — the java.util.concurrent runtime is JVM-only (Scala.js is single-threaded)
bcc697ac6944	portability(all)	java.util.concurrent.atomic.AtomicInteger	sge.utils.AtomicQueue#writeIndex	../../../../libgdx/gdx/src/com/badlogic/gdx/utils/AtomicQueue.java	32	MemberType — the java.util.concurrent runtime is JVM-only (Scala.js is single-threaded)
456b7c5ddca0	portability(all)	java.util.concurrent.atomic.AtomicReferenceArray	sge.utils.AtomicQueue#<init>	../../../../libgdx/gdx/src/com/badlogic/gdx/utils/AtomicQueue.java	37	Tycon — the java.util.concurrent runtime is JVM-only (Scala.js is single-threaded)
456b7c5ddca0/2	portability(all)	java.util.concurrent.atomic.AtomicReferenceArray	sge.utils.AtomicQueue#<init>	../../../../libgdx/gdx/src/com/badlogic/gdx/utils/AtomicQueue.java	37	Tycon — the java.util.concurrent runtime is JVM-only (Scala.js is single-threaded)
2a3368318abe	portability(all)	java.util.concurrent.atomic.AtomicReferenceArray	sge.utils.AtomicQueue#queue	../../../../libgdx/gdx/src/com/badlogic/gdx/utils/AtomicQueue.java	34	Tycon — the java.util.concurrent runtime is JVM-only (Scala.js is single-threaded)
3c310e762ab0	portability(all)	java.util.zip.CRC32	@6917#<init>(java.io.ByteArrayOutputStream,java.util.zip.CRC32)#crc	../../../../libgdx/gdx/src/com/badlogic/gdx/graphics/PixmapIO.java	333	MemberType — java.util.zip is JVM-only
f76ab5d802e5	portability(all)	java.util.zip.CRC32	sge.graphics.PixmapIO$PNG$ChunkBuffer#<init>	../../../../libgdx/gdx/src/com/badlogic/gdx/graphics/PixmapIO.java	330	Instantiate — java.util.zip is JVM-only
7418ff36b4cf	portability(all)	java.util.zip.CRC32	sge.graphics.PixmapIO$PNG$ChunkBuffer#crc	../../../../libgdx/gdx/src/com/badlogic/gdx/graphics/PixmapIO.java	327	MemberType — java.util.zip is JVM-only
0200422fb0dc	portability(all)	java.util.zip.CheckedOutputStream	sge.graphics.PixmapIO$PNG$ChunkBuffer#<init>	../../../../libgdx/gdx/src/com/badlogic/gdx/graphics/PixmapIO.java	334	Instantiate — java.util.zip is JVM-only
3ceaa09d1961	portability(all)	java.util.zip.Deflater	sge.graphics.PixmapIO#writePNG	../../../../libgdx/gdx/src/com/badlogic/gdx/graphics/PixmapIO.java	80	TermRef — java.util.zip is JVM-only
db5ca9a83dbb	portability(all)	java.util.zip.Deflater	sge.graphics.PixmapIO$PNG#<init>	../../../../libgdx/gdx/src/com/badlogic/gdx/graphics/PixmapIO.java	205	Instantiate — java.util.zip is JVM-only
3ef77a5c40bb	portability(all)	java.util.zip.Deflater	sge.graphics.PixmapIO$PNG#deflater	../../../../libgdx/gdx/src/com/badlogic/gdx/graphics/PixmapIO.java	194	MemberType — java.util.zip is JVM-only
8094ea5fe2cf	portability(all)	java.util.zip.DeflaterOutputStream	deflaterOutput	../../../../libgdx/gdx/src/com/badlogic/gdx/graphics/PixmapIO.java	229	Instantiate — java.util.zip is JVM-only
7852e3fd3ec8	portability(all)	java.util.zip.DeflaterOutputStream	deflaterOutput	../../../../libgdx/gdx/src/com/badlogic/gdx/graphics/PixmapIO.java	229	MemberType — java.util.zip is JVM-only
41c3499021fd	portability(all)	java.util.zip.DeflaterOutputStream	deflaterOutputStream	../../../../libgdx/gdx/src/com/badlogic/gdx/graphics/PixmapIO.java	93	Instantiate — java.util.zip is JVM-only
0979f75a1b0e	portability(all)	java.util.zip.DeflaterOutputStream	deflaterOutputStream	../../../../libgdx/gdx/src/com/badlogic/gdx/graphics/PixmapIO.java	93	MemberType — java.util.zip is JVM-only
0bbec3b5d230	portability(all)	java.util.zip.GZIPInputStream	sge.graphics.glutils.ETC1$ETC1Data#<init>	../../../../libgdx/gdx/src/com/badlogic/gdx/graphics/glutils/ETC1.java	67	Instantiate — java.util.zip is JVM-only
bcd628c60192	portability(all)	java.util.zip.GZIPInputStream	sge.graphics.glutils.KTXTextureData#prepare	../../../../libgdx/gdx/src/com/badlogic/gdx/graphics/glutils/KTXTextureData.java	82	Instantiate — java.util.zip is JVM-only
7386a3c805b6	portability(all)	java.util.zip.GZIPInputStream	sge.maps.tiled.BaseTmjMapLoader#getTileIds	../../../../libgdx/gdx/src/com/badlogic/gdx/maps/tiled/BaseTmjMapLoader.java	657	Instantiate — java.util.zip is JVM-only
34686f84b4cc	portability(all)	java.util.zip.GZIPInputStream	sge.maps.tiled.BaseTmxMapLoader#getTileIds	../../../../libgdx/gdx/src/com/badlogic/gdx/maps/tiled/BaseTmxMapLoader.java	703	Instantiate — java.util.zip is JVM-only
dfb7f63580e1	portability(all)	java.util.zip.GZIPOutputStream	sge.graphics.glutils.ETC1$ETC1Data#write	../../../../libgdx/gdx/src/com/badlogic/gdx/graphics/glutils/ETC1.java	109	Instantiate — java.util.zip is JVM-only
97e6b6f3cba6	portability(all)	java.util.zip.InflaterInputStream	sge.graphics.PixmapIO$CIM#read	../../../../libgdx/gdx/src/com/badlogic/gdx/graphics/PixmapIO.java	129	Instantiate — java.util.zip is JVM-only
1367fdb5c219	portability(all)	java.util.zip.InflaterInputStream	sge.maps.tiled.BaseTmjMapLoader#getTileIds	../../../../libgdx/gdx/src/com/badlogic/gdx/maps/tiled/BaseTmjMapLoader.java	659	Instantiate — java.util.zip is JVM-only
96b0640cbf91	portability(all)	java.util.zip.InflaterInputStream	sge.maps.tiled.BaseTmxMapLoader#getTileIds	../../../../libgdx/gdx/src/com/badlogic/gdx/maps/tiled/BaseTmxMapLoader.java	705	Instantiate — java.util.zip is JVM-only
f56e057fedde	trivia(recovered)	recovered by the backstop	src/main/java/de/eskalon/commons/screen/transition/BatchTransition.java	src/main/java/de/eskalon/commons/screen/transition/BatchTransition.java	58	the attachment channel could not place this comment; it was put back after the member it was written in, with its java coordinates — a counted residue, not a success
