# balticporter port map	schema=4	module=sge-screens	engine=balticporter/0.1.0-SNAPSHOT	sources=a6a40dee2864c599	files=20	policy=baa3baf7a859518c	jdk=22
#kind	upstream	emitted	disposition	body	javaPath	javaLine	digest	shape
type	de.eskalon.commons.screen.BlankScreen	sge.screen.BlankScreen	Renamed	-		0		form=class parents=sge.screen.ManagedScreenAdapter primary=() primaryKind=unique-root primaryVis=public
type	de.eskalon.commons.core.ManagedGame	sge.screen.ManagedGame	Renamed	-		0		form=class parents=sge.ApplicationAdapter primary=(ScreenManager) primaryKind=unique-root primaryVis=public secondaries=() tparams="[S <: sge.screen.ManagedScreen, T <: sge.screen.transition.ScreenTransition]"
type	de.eskalon.commons.screen.ManagedScreen	sge.screen.ManagedScreen	Renamed	-		0		flags=abstract form=class parents=sge.Screen primary=() primaryKind=unique-root primaryVis=public
type	de.eskalon.commons.screen.ManagedScreenAdapter	sge.screen.ManagedScreenAdapter	Renamed	-		0		form=class parents=sge.screen.ManagedScreen primary=() primaryKind=unique-root primaryVis=public
type	de.eskalon.commons.screen.ScreenManager	sge.screen.ScreenManager	Renamed	-		0		form=class parents=java.lang.AutoCloseable primary=() primaryKind=unique-root primaryVis=public tparams="[S <: sge.screen.ManagedScreen, T <: sge.screen.transition.ScreenTransition]"
type	de.eskalon.commons.screen.transition.BatchTransition	sge.screen.transition.BatchTransition	Renamed	-		0		flags=abstract form=class parents=sge.screen.transition.TimedTransition primary=(SpriteBatch,float,Nullable) primaryKind=unique-root primaryVis=public
type	de.eskalon.commons.screen.transition.ScreenTransition	sge.screen.transition.ScreenTransition	Renamed	-		0		flags=abstract form=class parents=java.lang.AutoCloseable primary=() primaryKind=unique-root primaryVis=public
type	de.eskalon.commons.screen.transition.SlidingTransition	sge.screen.transition.SlidingTransition	Renamed	-		0		form=class parents=sge.screen.transition.BatchTransition primary=(SpriteBatch,SlidingDirection,boolean,float,Nullable) primaryKind=unique-root primaryVis=public
type	de.eskalon.commons.screen.transition.TimedTransition	sge.screen.transition.TimedTransition	Renamed	-		0		flags=abstract form=class parents=sge.screen.transition.ScreenTransition primary=(float,Nullable) primaryKind=unique-root primaryVis=public secondaries=(float)
type	de.eskalon.commons.screen.transition.impl.BlankTimedTransition	sge.screen.transition.impl.BlankTimedTransition	Renamed	-		0		form=class parents=sge.screen.transition.TimedTransition primary=(float,Nullable) primaryKind=unique-root primaryVis=public secondaries=(float)
type	de.eskalon.commons.screen.transition.impl.BlendingTransition	sge.screen.transition.impl.BlendingTransition	Renamed	-		0		form=class parents=sge.screen.transition.BatchTransition primary=(SpriteBatch,float,Nullable) primaryKind=unique-root primaryVis=public secondaries=(SpriteBatch,float)
type	de.eskalon.commons.screen.transition.impl.GLTransitionsShaderTransition	sge.screen.transition.impl.GLTransitionsShaderTransition	Renamed	-		0		companion=yes form=class parents=sge.screen.transition.impl.ShaderTransition primary=(String,float,Nullable) primaryKind=unique-root primaryVis=public secondaries=(String,float) statics=FRAG_SHADER_POSTPEND,FRAG_SHADER_PREPEND,VERT_SHADER
type	de.eskalon.commons.screen.transition.impl.HorizontalSlicingTransition	sge.screen.transition.impl.HorizontalSlicingTransition	Renamed	-		0		form=class parents=sge.screen.transition.BatchTransition primary=(SpriteBatch,int,float,Nullable) primaryKind=unique-root primaryVis=public secondaries=(SpriteBatch,int,float)
type	de.eskalon.commons.screen.transition.impl.PushTransition	sge.screen.transition.impl.PushTransition	Renamed	-		0		form=class parents=sge.screen.transition.BatchTransition primary=(SpriteBatch,SlidingDirection,float,Nullable) primaryKind=unique-root primaryVis=public secondaries=(SpriteBatch,SlidingDirection,float)
type	de.eskalon.commons.screen.transition.impl.ShaderTransition	sge.screen.transition.impl.ShaderTransition	Renamed	-		0		form=class parents=sge.screen.transition.TimedTransition primary=(String,String,boolean,float,Nullable,boolean) primaryKind=unique-root primaryVis=public secondaries=(String,String,boolean,float);(String,String,boolean,float,Nullable)
type	de.eskalon.commons.screen.transition.impl.SlidingDirection	sge.screen.transition.impl.SlidingDirection	Renamed	-		0		companion=yes flags=enum form=enum parents=java.lang.Enum primary=(int,int) primaryKind=not-funnelled primaryVis=public
type	de.eskalon.commons.screen.transition.impl.SlidingInTransition	sge.screen.transition.impl.SlidingInTransition	Renamed	-		0		form=class parents=sge.screen.transition.SlidingTransition primary=(SpriteBatch,SlidingDirection,float,Nullable) primaryKind=unique-root primaryVis=public secondaries=(SpriteBatch,SlidingDirection,float)
type	de.eskalon.commons.screen.transition.impl.SlidingOutTransition	sge.screen.transition.impl.SlidingOutTransition	Renamed	-		0		form=class parents=sge.screen.transition.SlidingTransition primary=(SpriteBatch,SlidingDirection,float,Nullable) primaryKind=unique-root primaryVis=public secondaries=(SpriteBatch,SlidingDirection,float)
type	de.eskalon.commons.screen.transition.impl.VerticalSlicingTransition	sge.screen.transition.impl.VerticalSlicingTransition	Renamed	-		0		form=class parents=sge.screen.transition.BatchTransition primary=(SpriteBatch,int,float,Nullable) primaryKind=unique-root primaryVis=public secondaries=(SpriteBatch,int,float)
type	de.eskalon.commons.utils.BasicInputMultiplexer	sge.screen.utils.BasicInputMultiplexer	Renamed	-		0		form=class parents=sge.InputMultiplexer primary=() primaryKind=unique-root primaryVis=public
type	de.eskalon.commons.utils.ScreenFboUtils	sge.screen.utils.ScreenFboUtils	Renamed	-		0		form=object primary=() primaryKind=unique-root primaryVis=private
type	de.eskalon.commons.utils.Supplier	sge.screen.utils.Supplier	Renamed	-		0		form=trait tparams="[T <: java.lang.Object]"
type	com.badlogic.gdx.net.NetJavaImpl	sge.net.NetJavaImpl	Dropped	-		0		form=class
type	com.badlogic.gdx.utils.Align	sge.utils.Align	Dropped	-		0		form=class
type	com.badlogic.gdx.utils.Array	sge.utils.Array	Dropped	-		0		form=class
type	com.badlogic.gdx.utils.ArrayMap	sge.utils.ArrayMap	Dropped	-		0		form=class
type	com.badlogic.gdx.utils.Bits	sge.utils.Bits	Dropped	-		0		form=class
type	com.badlogic.gdx.utils.BooleanArray	sge.utils.BooleanArray	Dropped	-		0		form=class
type	com.badlogic.gdx.utils.ByteArray	sge.utils.ByteArray	Dropped	-		0		form=class
type	com.badlogic.gdx.utils.CharArray	sge.utils.CharArray	Dropped	-		0		form=class
type	com.badlogic.gdx.utils.DelayedRemovalArray	sge.utils.DelayedRemovalArray	Dropped	-		0		form=class
type	com.badlogic.gdx.utils.Disposable	sge.utils.Disposable	Dropped	-		0		form=class
type	com.badlogic.gdx.utils.FloatArray	sge.utils.FloatArray	Dropped	-		0		form=class
type	com.badlogic.gdx.utils.IdentityMap	sge.utils.IdentityMap	Dropped	-		0		form=class
type	com.badlogic.gdx.utils.IntArray	sge.utils.IntArray	Dropped	-		0		form=class
type	com.badlogic.gdx.utils.IntFloatMap	sge.utils.IntFloatMap	Dropped	-		0		form=class
type	com.badlogic.gdx.utils.IntIntMap	sge.utils.IntIntMap	Dropped	-		0		form=class
type	com.badlogic.gdx.utils.IntMap	sge.utils.IntMap	Dropped	-		0		form=class
type	com.badlogic.gdx.utils.IntSet	sge.utils.IntSet	Dropped	-		0		form=class
type	com.badlogic.gdx.utils.Json	sge.utils.Json	Dropped	-		0		form=class
type	com.badlogic.gdx.utils.LongArray	sge.utils.LongArray	Dropped	-		0		form=class
type	com.badlogic.gdx.utils.LongMap	sge.utils.LongMap	Dropped	-		0		form=class
type	com.badlogic.gdx.utils.ObjectFloatMap	sge.utils.ObjectFloatMap	Dropped	-		0		form=class
type	com.badlogic.gdx.utils.ObjectIntMap	sge.utils.ObjectIntMap	Dropped	-		0		form=class
type	com.badlogic.gdx.utils.ObjectLongMap	sge.utils.ObjectLongMap	Dropped	-		0		form=class
type	com.badlogic.gdx.utils.ObjectMap	sge.utils.ObjectMap	Dropped	-		0		form=class
type	com.badlogic.gdx.utils.ObjectSet	sge.utils.ObjectSet	Dropped	-		0		form=class
type	com.badlogic.gdx.utils.OrderedMap	sge.utils.OrderedMap	Dropped	-		0		form=class
type	com.badlogic.gdx.utils.OrderedSet	sge.utils.OrderedSet	Dropped	-		0		form=class
type	com.badlogic.gdx.utils.Pool	sge.utils.Pool	Dropped	-		0		form=class
type	com.badlogic.gdx.utils.Pools	sge.utils.Pools	Dropped	-		0		form=class
type	com.badlogic.gdx.utils.Queue	sge.utils.Queue	Dropped	-		0		form=class
type	com.badlogic.gdx.utils.ReflectionPool	sge.utils.ReflectionPool	Dropped	-		0		form=class
type	com.badlogic.gdx.utils.ShortArray	sge.utils.ShortArray	Dropped	-		0		form=class
type	com.badlogic.gdx.utils.SnapshotArray	sge.utils.SnapshotArray	Dropped	-		0		form=class
type	com.badlogic.gdx.utils.reflect.Annotation	sge.utils.reflect.Annotation	Dropped	-		0		form=class
type	com.badlogic.gdx.utils.reflect.ArrayReflection	sge.utils.reflect.ArrayReflection	Dropped	-		0		form=class
type	com.badlogic.gdx.utils.reflect.ClassReflection	sge.utils.reflect.ClassReflection	Dropped	-		0		form=class
type	com.badlogic.gdx.utils.reflect.Constructor	sge.utils.reflect.Constructor	Dropped	-		0		form=class
type	com.badlogic.gdx.utils.reflect.Field	sge.utils.reflect.Field	Dropped	-		0		form=class
type	com.badlogic.gdx.utils.reflect.Method	sge.utils.reflect.Method	Dropped	-		0		form=class
type	com.badlogic.gdx.utils.reflect.ReflectionException	sge.utils.reflect.ReflectionException	Dropped	-		0		form=class
type		balticporter.runtime.JavaCollection	Added	-		0		
type		balticporter.runtime.JavaCollections	Added	-		0		
type		balticporter.runtime.JavaEnumMap	Added	-		0		
type		balticporter.runtime.JavaEnumSet	Added	-		0		
type		balticporter.runtime.JavaIterable	Added	-		0		
type		balticporter.runtime.JavaIterator	Added	-		0		
type		balticporter.runtime.JavaListIterator	Added	-		0		
type		balticporter.runtime.JavaOptionalDouble	Added	-		0		
type		balticporter.runtime.JavaOptionalInt	Added	-		0		
type		balticporter.runtime.JavaOptionalLong	Added	-		0		
type		balticporter.runtime.JavaStack	Added	-		0		
member	de.eskalon.commons.core.ManagedGame#<init>(Sge)	sge.screen.ManagedGame#<init>(Sge)	Renamed	-	de/eskalon/commons/core/ManagedGame.java	60	f0f676d3dae7c921	
member	de.eskalon.commons.core.ManagedGame#<stmt1>	sge.screen.ManagedGame#<stmt1>	Renamed	-	de/eskalon/commons/core/ManagedGame.java	57	8bec5cb29fca25b6	
member	de.eskalon.commons.core.ManagedGame#create()	sge.screen.ManagedGame#create()	Renamed	-	de/eskalon/commons/core/ManagedGame.java	65	09383acc4fab3c82	
member	de.eskalon.commons.core.ManagedGame#dispose()	sge.screen.ManagedGame#dispose()	Renamed	-	de/eskalon/commons/core/ManagedGame.java	127	154386a36c9b5999	
member	de.eskalon.commons.core.ManagedGame#getInputMultiplexer()	sge.screen.ManagedGame#inputMultiplexer()	Renamed	-	de/eskalon/commons/core/ManagedGame.java	137	f21887577ca7b49e	
member	de.eskalon.commons.core.ManagedGame#inputProcessor	sge.screen.ManagedGame#inputProcessor	Renamed	-	de/eskalon/commons/core/ManagedGame.java	50	3e57eea222a0469a	
member	de.eskalon.commons.core.ManagedGame#pause()	sge.screen.ManagedGame#pause()	Renamed	-	de/eskalon/commons/core/ManagedGame.java	104	e2147ccd966edd5e	
member	de.eskalon.commons.core.ManagedGame#render()	sge.screen.ManagedGame#render()	Renamed	-	de/eskalon/commons/core/ManagedGame.java	74	561dde114320f822	
member	de.eskalon.commons.core.ManagedGame#resize(int,int)	sge.screen.ManagedGame#resize(int,int)	Renamed	-	de/eskalon/commons/core/ManagedGame.java	92	fd66a4960c29f766	
member	de.eskalon.commons.core.ManagedGame#resume()	sge.screen.ManagedGame#resume()	Renamed	-	de/eskalon/commons/core/ManagedGame.java	109	3ccec081fcaf0221	
member	de.eskalon.commons.core.ManagedGame#getScreenManager	sge.screen.ManagedGame#screenManager	Renamed	-	de/eskalon/commons/core/ManagedGame.java	54	f7eb47cdf71cae55	name=screenManager$field
member	de.eskalon.commons.core.ManagedGame#getScreenManager()	sge.screen.ManagedGame#screenManager()	Renamed	-	de/eskalon/commons/core/ManagedGame.java	113	426e46c1d5c83a89	
member	de.eskalon.commons.screen.ManagedScreen#addInputProcessor(InputProcessor)	sge.screen.ManagedScreen#addInputProcessor(InputProcessor)	Renamed	-	de/eskalon/commons/screen/ManagedScreen.java	73	1f24d4a2d46b0658	
member	de.eskalon.commons.screen.ManagedScreen#getClearColor()	sge.screen.ManagedScreen#clearColor()	Renamed	-	de/eskalon/commons/screen/ManagedScreen.java	221	4e3820b023d7502f	
member	de.eskalon.commons.screen.ManagedScreen#dispose()	sge.screen.ManagedScreen#close()	Renamed	-	de/eskalon/commons/screen/ManagedScreen.java	211	702bb3c652ddaaf9	
member	de.eskalon.commons.screen.ManagedScreen#hide()	sge.screen.ManagedScreen#hide()	Renamed	-	de/eskalon/commons/screen/ManagedScreen.java	102	d6b290e8bed4dd65	
member	de.eskalon.commons.screen.ManagedScreen#getInputProcessors	sge.screen.ManagedScreen#inputProcessors	Renamed	-	de/eskalon/commons/screen/ManagedScreen.java	59	8db97003032411bd	name=inputProcessors$field
member	de.eskalon.commons.screen.ManagedScreen#getInputProcessors()	sge.screen.ManagedScreen#inputProcessors()	Renamed	-	de/eskalon/commons/screen/ManagedScreen.java	213	9c269c970b131ecb	
member	de.eskalon.commons.screen.ManagedScreen#pause()	sge.screen.ManagedScreen#pause()	Renamed	-	de/eskalon/commons/screen/ManagedScreen.java	171	5d138930f49f7e97	
member	de.eskalon.commons.screen.ManagedScreen#render(float)	sge.screen.ManagedScreen#render(float)	Renamed	-	de/eskalon/commons/screen/ManagedScreen.java	134	ca556a41079a2c52	
member	de.eskalon.commons.screen.ManagedScreen#resize(int,int)	sge.screen.ManagedScreen#resize(int,int)	Renamed	-	de/eskalon/commons/screen/ManagedScreen.java	149	9b8097b2042aade8	
member	de.eskalon.commons.screen.ManagedScreen#resume()	sge.screen.ManagedScreen#resume()	Renamed	-	de/eskalon/commons/screen/ManagedScreen.java	190	327bb5b9e03e8928	
member	de.eskalon.commons.screen.ManagedScreen#show()	sge.screen.ManagedScreen#show()	Renamed	-	de/eskalon/commons/screen/ManagedScreen.java	90	1a827b564af5432b	
member	de.eskalon.commons.screen.ManagedScreenAdapter#dispose()	sge.screen.ManagedScreenAdapter#close()	Renamed	-	de/eskalon/commons/screen/ManagedScreenAdapter.java	42	d921dd803edaf315	
member	de.eskalon.commons.screen.ManagedScreenAdapter#render(float)	sge.screen.ManagedScreenAdapter#render(float)	Renamed	-	de/eskalon/commons/screen/ManagedScreenAdapter.java	32	f8e1c11dc9a4f8ed	
member	de.eskalon.commons.screen.ManagedScreenAdapter#resize(int,int)	sge.screen.ManagedScreenAdapter#resize(int,int)	Renamed	-	de/eskalon/commons/screen/ManagedScreenAdapter.java	37	8251b8592695c3e9	
member	de.eskalon.commons.screen.ScreenManager#LOG	sge.screen.ScreenManager#LOG	Renamed	-	de/eskalon/commons/screen/ScreenManager.java	69	d18db3726990fbf6	vis=private
member	de.eskalon.commons.screen.ScreenManager#autoDisposeScreens	sge.screen.ScreenManager#autoDisposeScreens	Renamed	-	de/eskalon/commons/screen/ScreenManager.java	118	efb7b49757df8768	
member	de.eskalon.commons.screen.ScreenManager#autoDisposeTransitions	sge.screen.ScreenManager#autoDisposeTransitions	Renamed	-	de/eskalon/commons/screen/ScreenManager.java	119	a3856449bf869636	
member	de.eskalon.commons.screen.ScreenManager#blankScreen	sge.screen.ScreenManager#blankScreen	Renamed	-	de/eskalon/commons/screen/ScreenManager.java	102	c1abd29e0b519d17	vis=private
member	de.eskalon.commons.screen.ScreenManager#dispose()	sge.screen.ScreenManager#close()	Renamed	-	de/eskalon/commons/screen/ScreenManager.java	417	1aba4f70fc856cb7	
member	de.eskalon.commons.screen.ScreenManager#createFrameBuffer()	sge.screen.ScreenManager#createFrameBuffer()	Renamed	-	de/eskalon/commons/screen/ScreenManager.java	144	69d9784dd726b893	
member	de.eskalon.commons.screen.ScreenManager#currFBO	sge.screen.ScreenManager#currFBO	Renamed	-	de/eskalon/commons/screen/ScreenManager.java	81	f07d77e25a3a6cd1	vis=private
member	de.eskalon.commons.screen.ScreenManager#currScreen	sge.screen.ScreenManager#currScreen	Renamed	-	de/eskalon/commons/screen/ScreenManager.java	92	f634a7a11b31301e	
member	de.eskalon.commons.screen.ScreenManager#currentHeight	sge.screen.ScreenManager#currentHeight	Renamed	-	de/eskalon/commons/screen/ScreenManager.java	113	2283448627d2cc0b	
member	de.eskalon.commons.screen.ScreenManager#currentProcessors	sge.screen.ScreenManager#currentProcessors	Renamed	-	de/eskalon/commons/screen/ScreenManager.java	97	ce22b445423a4c14	vis=private
member	de.eskalon.commons.screen.ScreenManager#getCurrentScreen()	sge.screen.ScreenManager#currentScreen()	Renamed	-	de/eskalon/commons/screen/ScreenManager.java	474	4207ce398007af1e	
member	de.eskalon.commons.screen.ScreenManager#currentWidth	sge.screen.ScreenManager#currentWidth	Renamed	-	de/eskalon/commons/screen/ScreenManager.java	113	d0b5af0ba022d3c5	
member	de.eskalon.commons.screen.ScreenManager#finalizeScreen(ManagedScreen)	sge.screen.ScreenManager#finalizeScreen(ManagedScreen)	Renamed	-	de/eskalon/commons/screen/ScreenManager.java	344	9b7d56c908452bce	
member	de.eskalon.commons.screen.ScreenManager#finalizeTransition(T)	sge.screen.ScreenManager#finalizeTransition(T)	Renamed	-	de/eskalon/commons/screen/ScreenManager.java	350	8a0387f4f4d4e07a	
member	de.eskalon.commons.screen.ScreenManager#gameInputMultiplexer	sge.screen.ScreenManager#gameInputMultiplexer	Renamed	-	de/eskalon/commons/screen/ScreenManager.java	111	4bd425490c585666	vis=private
member	de.eskalon.commons.screen.ScreenManager#hasDepth	sge.screen.ScreenManager#hasDepth	Renamed	-	de/eskalon/commons/screen/ScreenManager.java	117	3f9c3e9a78c358fc	
member	de.eskalon.commons.screen.ScreenManager#initBuffers()	sge.screen.ScreenManager#initBuffers()	Renamed	-	de/eskalon/commons/screen/ScreenManager.java	135	b8961bf957656eb6	
member	de.eskalon.commons.screen.ScreenManager#initialize(BasicInputMultiplexer,int,int,boolean)	sge.screen.ScreenManager#initialize(BasicInputMultiplexer,int,int,boolean)	Renamed	-	de/eskalon/commons/screen/ScreenManager.java	121	60d651ed0688ab56	
member	de.eskalon.commons.screen.ScreenManager#initializeScreen(ManagedScreen)	sge.screen.ScreenManager#initializeScreen(ManagedScreen)	Renamed	-	de/eskalon/commons/screen/ScreenManager.java	334	8f945cda6c664f8b	
member	de.eskalon.commons.screen.ScreenManager#initializeTransition(T)	sge.screen.ScreenManager#initializeTransition(T)	Renamed	-	de/eskalon/commons/screen/ScreenManager.java	339	8f86a266fc0aa0e4	
member	de.eskalon.commons.screen.ScreenManager#initialized	sge.screen.ScreenManager#initialized	Renamed	-	de/eskalon/commons/screen/ScreenManager.java	115	fe39aead08e5eb6e	vis=private
member	de.eskalon.commons.screen.ScreenManager#lastFBO	sge.screen.ScreenManager#lastFBO	Renamed	-	de/eskalon/commons/screen/ScreenManager.java	75	b82ee1d48e2c2525	vis=private
member	de.eskalon.commons.screen.ScreenManager#getLastScreen	sge.screen.ScreenManager#lastScreen	Renamed	-	de/eskalon/commons/screen/ScreenManager.java	87	73bd26e8a557e3a7	name=lastScreen$field
member	de.eskalon.commons.screen.ScreenManager#getLastScreen()	sge.screen.ScreenManager#lastScreen()	Renamed	-	de/eskalon/commons/screen/ScreenManager.java	461	7050c1d5ba3231f3	
member	de.eskalon.commons.screen.ScreenManager#pause()	sge.screen.ScreenManager#pause()	Renamed	-	de/eskalon/commons/screen/ScreenManager.java	385	9e39007418b015d6	
member	de.eskalon.commons.screen.ScreenManager#pushScreen(S,Nullable)	sge.screen.ScreenManager#pushScreen(S,Nullable<T>)	Renamed	-	de/eskalon/commons/screen/ScreenManager.java	208	163a3554aec73a64	
member	de.eskalon.commons.screen.ScreenManager#pushScreen(Supplier,Nullable)	sge.screen.ScreenManager#pushScreen(Supplier<S>,Nullable<Supplier<T>>)	Renamed	-	de/eskalon/commons/screen/ScreenManager.java	243	54a73165e79d8066	
member	de.eskalon.commons.screen.ScreenManager#render(float)	sge.screen.ScreenManager#render(float)	Renamed	-	de/eskalon/commons/screen/ScreenManager.java	259	08fc75f262b766f2	
member	de.eskalon.commons.screen.ScreenManager#resize(int,int)	sge.screen.ScreenManager#resize(int,int)	Renamed	-	de/eskalon/commons/screen/ScreenManager.java	360	5f5e5f90d641e6e0	
member	de.eskalon.commons.screen.ScreenManager#resume()	sge.screen.ScreenManager#resume()	Renamed	-	de/eskalon/commons/screen/ScreenManager.java	398	aa5cb55fa6818fa4	
member	de.eskalon.commons.screen.ScreenManager#setAutoDispose(boolean,boolean)	sge.screen.ScreenManager#setAutoDispose(boolean,boolean)	Renamed	-	de/eskalon/commons/screen/ScreenManager.java	180	621a92f2a2cb3e33	
member	de.eskalon.commons.screen.ScreenManager#setHasDepth(boolean)	sge.screen.ScreenManager#setHasDepth(boolean)	Renamed	-	de/eskalon/commons/screen/ScreenManager.java	159	79caa240167560c7	
member	de.eskalon.commons.screen.ScreenManager#transition	sge.screen.ScreenManager#transition	Renamed	-	de/eskalon/commons/screen/ScreenManager.java	107	3ce167de7e8c918f	
member	de.eskalon.commons.screen.ScreenManager#transitionQueue	sge.screen.ScreenManager#transitionQueue	Renamed	-	de/eskalon/commons/screen/ScreenManager.java	109	caa67bc3328dc9ee	
member	de.eskalon.commons.screen.ScreenManager#isTransitioning()	sge.screen.ScreenManager#transitioning()	Renamed	-	de/eskalon/commons/screen/ScreenManager.java	485	c9f4954a3a38b67e	
member	de.eskalon.commons.screen.transition.BatchTransition#<stmt1>	sge.screen.transition.BatchTransition#<stmt1>	Renamed	-	de/eskalon/commons/screen/transition/BatchTransition.java	54	e79c6b486078d08c	
member	de.eskalon.commons.screen.transition.BatchTransition#<stmt2>	sge.screen.transition.BatchTransition#<stmt2>	Renamed	-	de/eskalon/commons/screen/transition/BatchTransition.java	56	8c122036d563d03e	
member	de.eskalon.commons.screen.transition.BatchTransition#<stmt3>	sge.screen.transition.BatchTransition#<stmt3>	Renamed	-	de/eskalon/commons/screen/transition/BatchTransition.java	57	0335719265c94f2a	
member	de.eskalon.commons.screen.transition.BatchTransition#batch	sge.screen.transition.BatchTransition#batch	Renamed	-	de/eskalon/commons/screen/transition/BatchTransition.java	36	b8cf586ed61c90d9	
member	de.eskalon.commons.screen.transition.BatchTransition#dispose()	sge.screen.transition.BatchTransition#close()	Renamed	-	de/eskalon/commons/screen/transition/BatchTransition.java	100	78769c83b3463e85	
member	de.eskalon.commons.screen.transition.BatchTransition#height	sge.screen.transition.BatchTransition#height	Renamed	-	de/eskalon/commons/screen/transition/BatchTransition.java	38	e80a1281456063c8	
member	de.eskalon.commons.screen.transition.BatchTransition#render(float,TextureRegion,TextureRegion)	sge.screen.transition.BatchTransition#render(float,TextureRegion,TextureRegion)	Renamed	-	de/eskalon/commons/screen/transition/BatchTransition.java	63	3540eb629ad5ddce	
member	de.eskalon.commons.screen.transition.BatchTransition#render(float,TextureRegion,TextureRegion,float)	sge.screen.transition.BatchTransition#render(float,TextureRegion,TextureRegion,float)	Renamed	-	de/eskalon/commons/screen/transition/BatchTransition.java	88	2c1ee93640a2a702	
member	de.eskalon.commons.screen.transition.BatchTransition#resize(int,int)	sge.screen.transition.BatchTransition#resize(int,int)	Renamed	-	de/eskalon/commons/screen/transition/BatchTransition.java	92	4b4effcf609b9a34	
member	de.eskalon.commons.screen.transition.BatchTransition#viewport	sge.screen.transition.BatchTransition#viewport	Renamed	-	de/eskalon/commons/screen/transition/BatchTransition.java	37	70aaa0e5de7d791c	
member	de.eskalon.commons.screen.transition.BatchTransition#width	sge.screen.transition.BatchTransition#width	Renamed	-	de/eskalon/commons/screen/transition/BatchTransition.java	38	bd652063951716d0	
member	de.eskalon.commons.screen.transition.ScreenTransition#getClearColor()	sge.screen.transition.ScreenTransition#clearColor()	Renamed	-	de/eskalon/commons/screen/transition/ScreenTransition.java	122	d84017ef4d4454e1	
member	de.eskalon.commons.screen.transition.ScreenTransition#dispose()	sge.screen.transition.ScreenTransition#close()	Renamed	-	de/eskalon/commons/screen/transition/ScreenTransition.java	116	f0050b5f82bacf38	
member	de.eskalon.commons.screen.transition.ScreenTransition#isDone()	sge.screen.transition.ScreenTransition#done()	Renamed	-	de/eskalon/commons/screen/transition/ScreenTransition.java	81	10d93065a60d513f	
member	de.eskalon.commons.screen.transition.ScreenTransition#hide()	sge.screen.transition.ScreenTransition#hide()	Renamed	-	de/eskalon/commons/screen/transition/ScreenTransition.java	60	251235ffcce52220	
member	de.eskalon.commons.screen.transition.ScreenTransition#render(float,TextureRegion,TextureRegion)	sge.screen.transition.ScreenTransition#render(float,TextureRegion,TextureRegion)	Renamed	-	de/eskalon/commons/screen/transition/ScreenTransition.java	74	3fe38147640e47c4	
member	de.eskalon.commons.screen.transition.ScreenTransition#resize(int,int)	sge.screen.transition.ScreenTransition#resize(int,int)	Renamed	-	de/eskalon/commons/screen/transition/ScreenTransition.java	97	d28b9694fecd46ce	
member	de.eskalon.commons.screen.transition.ScreenTransition#show()	sge.screen.transition.ScreenTransition#show()	Renamed	-	de/eskalon/commons/screen/transition/ScreenTransition.java	49	cc2ef6a333030f43	
member	de.eskalon.commons.screen.transition.SlidingTransition#<stmt1>	sge.screen.transition.SlidingTransition#<stmt1>	Renamed	-	de/eskalon/commons/screen/transition/SlidingTransition.java	50	31b1142516d05234	
member	de.eskalon.commons.screen.transition.SlidingTransition#<stmt2>	sge.screen.transition.SlidingTransition#<stmt2>	Renamed	-	de/eskalon/commons/screen/transition/SlidingTransition.java	52	39aeddb63d133d12	
member	de.eskalon.commons.screen.transition.SlidingTransition#<stmt3>	sge.screen.transition.SlidingTransition#<stmt3>	Renamed	-	de/eskalon/commons/screen/transition/SlidingTransition.java	53	d3c86b95107a00ec	
member	de.eskalon.commons.screen.transition.SlidingTransition#dir	sge.screen.transition.SlidingTransition#dir	Renamed	-	de/eskalon/commons/screen/transition/SlidingTransition.java	39	f58a2b27561c7c96	
member	de.eskalon.commons.screen.transition.SlidingTransition#render(float,TextureRegion,TextureRegion,float)	sge.screen.transition.SlidingTransition#render(float,TextureRegion,TextureRegion,float)	Renamed	-	de/eskalon/commons/screen/transition/SlidingTransition.java	57	e794239fb385f11e	
member	de.eskalon.commons.screen.transition.SlidingTransition#slideLastScreen	sge.screen.transition.SlidingTransition#slideLastScreen	Renamed	-	de/eskalon/commons/screen/transition/SlidingTransition.java	44	af5154a03a76648a	
member	de.eskalon.commons.screen.transition.TimedTransition#<init>(float)	sge.screen.transition.TimedTransition#<init>(float)	Renamed	-	de/eskalon/commons/screen/transition/TimedTransition.java	59	a1fcd8a0e28c29dc	
member	de.eskalon.commons.screen.transition.TimedTransition#<stmt1>	sge.screen.transition.TimedTransition#<stmt1>	Renamed	-	de/eskalon/commons/screen/transition/TimedTransition.java	50	3fe94415201bb442	
member	de.eskalon.commons.screen.transition.TimedTransition#<stmt2>	sge.screen.transition.TimedTransition#<stmt2>	Renamed	-	de/eskalon/commons/screen/transition/TimedTransition.java	51	9ca935e87ee643f3	
member	de.eskalon.commons.screen.transition.TimedTransition#<stmt3>	sge.screen.transition.TimedTransition#<stmt3>	Renamed	-	de/eskalon/commons/screen/transition/TimedTransition.java	52	2e7b0da537d94c15	
member	de.eskalon.commons.screen.transition.TimedTransition#isDone()	sge.screen.transition.TimedTransition#done()	Renamed	-	de/eskalon/commons/screen/transition/TimedTransition.java	98	7dc1e3500e2c4578	
member	de.eskalon.commons.screen.transition.TimedTransition#duration	sge.screen.transition.TimedTransition#duration	Renamed	-	de/eskalon/commons/screen/transition/TimedTransition.java	35	51c966b781a464e0	
member	de.eskalon.commons.screen.transition.TimedTransition#interpolation	sge.screen.transition.TimedTransition#interpolation	Renamed	-	de/eskalon/commons/screen/transition/TimedTransition.java	34	fc2d444271279317	
member	de.eskalon.commons.screen.transition.TimedTransition#render(float,TextureRegion,TextureRegion)	sge.screen.transition.TimedTransition#render(float,TextureRegion,TextureRegion)	Renamed	-	de/eskalon/commons/screen/transition/TimedTransition.java	69	95432d40a6dc191c	
member	de.eskalon.commons.screen.transition.TimedTransition#render(float,TextureRegion,TextureRegion,float)	sge.screen.transition.TimedTransition#render(float,TextureRegion,TextureRegion,float)	Renamed	-	de/eskalon/commons/screen/transition/TimedTransition.java	94	0ee4cde9e69e1762	
member	de.eskalon.commons.screen.transition.TimedTransition#show()	sge.screen.transition.TimedTransition#show()	Renamed	-	de/eskalon/commons/screen/transition/TimedTransition.java	64	10807e1018422fc7	
member	de.eskalon.commons.screen.transition.TimedTransition#timePassed	sge.screen.transition.TimedTransition#timePassed	Renamed	-	de/eskalon/commons/screen/transition/TimedTransition.java	36	2fbe1cc9e7a80e50	
member	de.eskalon.commons.screen.transition.impl.BlankTimedTransition#<init>(float)	sge.screen.transition.impl.BlankTimedTransition#<init>(float)	Renamed	-	de/eskalon/commons/screen/transition/impl/BlankTimedTransition.java	48	a1fcd8a0e28c29dc	
member	de.eskalon.commons.screen.transition.impl.BlankTimedTransition#dispose()	sge.screen.transition.impl.BlankTimedTransition#close()	Renamed	-	de/eskalon/commons/screen/transition/impl/BlankTimedTransition.java	64	a600f950b17cb289	
member	de.eskalon.commons.screen.transition.impl.BlankTimedTransition#render(float,TextureRegion,TextureRegion,float)	sge.screen.transition.impl.BlankTimedTransition#render(float,TextureRegion,TextureRegion,float)	Renamed	-	de/eskalon/commons/screen/transition/impl/BlankTimedTransition.java	53	565d3d07ab88ab2d	
member	de.eskalon.commons.screen.transition.impl.BlankTimedTransition#resize(int,int)	sge.screen.transition.impl.BlankTimedTransition#resize(int,int)	Renamed	-	de/eskalon/commons/screen/transition/impl/BlankTimedTransition.java	59	3ea1958c4f08fb2c	
member	de.eskalon.commons.screen.transition.impl.BlendingTransition#<init>(SpriteBatch,float,Sge)	sge.screen.transition.impl.BlendingTransition#<init>(SpriteBatch,float,Sge)	Renamed	-	de/eskalon/commons/screen/transition/impl/BlendingTransition.java	61	101d602daca7305e	
member	de.eskalon.commons.screen.transition.impl.BlendingTransition#render(float,TextureRegion,TextureRegion,float)	sge.screen.transition.impl.BlendingTransition#render(float,TextureRegion,TextureRegion,float)	Renamed	-	de/eskalon/commons/screen/transition/impl/BlendingTransition.java	66	680aa5baa87a7d3d	
member	de.eskalon.commons.screen.transition.impl.GLTransitionsShaderTransition#<init>(String,float,Sge)	sge.screen.transition.impl.GLTransitionsShaderTransition#<init>(String,float,Sge)	Renamed	-	de/eskalon/commons/screen/transition/impl/GLTransitionsShaderTransition.java	117	47131ae9e4739cc9	
member	de.eskalon.commons.screen.transition.impl.GLTransitionsShaderTransition#FRAG_SHADER_POSTPEND	sge.screen.transition.impl.GLTransitionsShaderTransition#FRAG_SHADER_POSTPEND	Renamed	-	de/eskalon/commons/screen/transition/impl/GLTransitionsShaderTransition.java	88	ecb0fae5945abce0	placement=companion vis=private
member	de.eskalon.commons.screen.transition.impl.GLTransitionsShaderTransition#FRAG_SHADER_PREPEND	sge.screen.transition.impl.GLTransitionsShaderTransition#FRAG_SHADER_PREPEND	Renamed	-	de/eskalon/commons/screen/transition/impl/GLTransitionsShaderTransition.java	67	fd6f21360f7357a0	placement=companion vis=private
member	de.eskalon.commons.screen.transition.impl.GLTransitionsShaderTransition#VERT_SHADER	sge.screen.transition.impl.GLTransitionsShaderTransition#VERT_SHADER	Renamed	-	de/eskalon/commons/screen/transition/impl/GLTransitionsShaderTransition.java	49	c257928484fbb814	placement=companion vis=private
member	de.eskalon.commons.screen.transition.impl.HorizontalSlicingTransition#<init>(SpriteBatch,int,float,Sge)	sge.screen.transition.impl.HorizontalSlicingTransition#<init>(SpriteBatch,int,float,Sge)	Renamed	-	de/eskalon/commons/screen/transition/impl/HorizontalSlicingTransition.java	71	c4ac5219a4ae7e8a	
member	de.eskalon.commons.screen.transition.impl.HorizontalSlicingTransition#<stmt1>	sge.screen.transition.impl.HorizontalSlicingTransition#<stmt1>	Renamed	-	de/eskalon/commons/screen/transition/impl/HorizontalSlicingTransition.java	55	c32ab24908704f5c	
member	de.eskalon.commons.screen.transition.impl.HorizontalSlicingTransition#<stmt2>	sge.screen.transition.impl.HorizontalSlicingTransition#<stmt2>	Renamed	-	de/eskalon/commons/screen/transition/impl/HorizontalSlicingTransition.java	58	0f0c5d295f88dac7	
member	de.eskalon.commons.screen.transition.impl.HorizontalSlicingTransition#render(float,TextureRegion,TextureRegion,float)	sge.screen.transition.impl.HorizontalSlicingTransition#render(float,TextureRegion,TextureRegion,float)	Renamed	-	de/eskalon/commons/screen/transition/impl/HorizontalSlicingTransition.java	77	9b3ad9ff21391d60	
member	de.eskalon.commons.screen.transition.impl.HorizontalSlicingTransition#sliceCount	sge.screen.transition.impl.HorizontalSlicingTransition#sliceCount	Renamed	-	de/eskalon/commons/screen/transition/impl/HorizontalSlicingTransition.java	38	54418312e9526795	
member	de.eskalon.commons.screen.transition.impl.PushTransition#<init>(SpriteBatch,SlidingDirection,float,Sge)	sge.screen.transition.impl.PushTransition#<init>(SpriteBatch,SlidingDirection,float,Sge)	Renamed	-	de/eskalon/commons/screen/transition/impl/PushTransition.java	69	83cba01b07d0da72	
member	de.eskalon.commons.screen.transition.impl.PushTransition#<stmt1>	sge.screen.transition.impl.PushTransition#<stmt1>	Renamed	-	de/eskalon/commons/screen/transition/impl/PushTransition.java	54	31b1142516d05234	
member	de.eskalon.commons.screen.transition.impl.PushTransition#<stmt2>	sge.screen.transition.impl.PushTransition#<stmt2>	Renamed	-	de/eskalon/commons/screen/transition/impl/PushTransition.java	56	39aeddb63d133d12	
member	de.eskalon.commons.screen.transition.impl.PushTransition#dir	sge.screen.transition.impl.PushTransition#dir	Renamed	-	de/eskalon/commons/screen/transition/impl/PushTransition.java	37	f58a2b27561c7c96	
member	de.eskalon.commons.screen.transition.impl.PushTransition#render(float,TextureRegion,TextureRegion,float)	sge.screen.transition.impl.PushTransition#render(float,TextureRegion,TextureRegion,float)	Renamed	-	de/eskalon/commons/screen/transition/impl/PushTransition.java	75	9a65b0a5e5697742	
member	de.eskalon.commons.screen.transition.impl.ShaderTransition#<init>(String,String,boolean,float,Nullable,Sge)	sge.screen.transition.impl.ShaderTransition#<init>(String,String,boolean,float,Nullable<Interpolation>,Sge)	Renamed	-	de/eskalon/commons/screen/transition/impl/ShaderTransition.java	114	d86c0fd3e7f45ee6	
member	de.eskalon.commons.screen.transition.impl.ShaderTransition#<init>(String,String,boolean,float,Sge)	sge.screen.transition.impl.ShaderTransition#<init>(String,String,boolean,float,Sge)	Renamed	-	de/eskalon/commons/screen/transition/impl/ShaderTransition.java	92	4f03dea03c0781a5	
member	de.eskalon.commons.screen.transition.impl.ShaderTransition#<stmt1>	sge.screen.transition.impl.ShaderTransition#<stmt1>	Renamed	-	de/eskalon/commons/screen/transition/impl/ShaderTransition.java	125	0ac04274f1e98911	
member	de.eskalon.commons.screen.transition.impl.ShaderTransition#<stmt2>	sge.screen.transition.impl.ShaderTransition#<stmt2>	Renamed	-	de/eskalon/commons/screen/transition/impl/ShaderTransition.java	126	fef876b9ddc23be3	
member	de.eskalon.commons.screen.transition.impl.ShaderTransition#<stmt3>	sge.screen.transition.impl.ShaderTransition#<stmt3>	Renamed	-	de/eskalon/commons/screen/transition/impl/ShaderTransition.java	128	0335719265c94f2a	
member	de.eskalon.commons.screen.transition.impl.ShaderTransition#<stmt4>	sge.screen.transition.impl.ShaderTransition#<stmt4>	Renamed	-	de/eskalon/commons/screen/transition/impl/ShaderTransition.java	133	3dbb18b35f33d036	
member	de.eskalon.commons.screen.transition.impl.ShaderTransition#<stmt5>	sge.screen.transition.impl.ShaderTransition#<stmt5>	Renamed	-	de/eskalon/commons/screen/transition/impl/ShaderTransition.java	141	8acaac69bf0bf9a6	
member	de.eskalon.commons.screen.transition.impl.ShaderTransition#<stmt6>	sge.screen.transition.impl.ShaderTransition#<stmt6>	Renamed	-	de/eskalon/commons/screen/transition/impl/ShaderTransition.java	142	b1927024229b5fd4	
member	de.eskalon.commons.screen.transition.impl.ShaderTransition#<stmt7>	sge.screen.transition.impl.ShaderTransition#<stmt7>	Renamed	-	de/eskalon/commons/screen/transition/impl/ShaderTransition.java	143	441384ef9ed9eda5	
member	de.eskalon.commons.screen.transition.impl.ShaderTransition#<stmt8>	sge.screen.transition.impl.ShaderTransition#<stmt8>	Renamed	-	de/eskalon/commons/screen/transition/impl/ShaderTransition.java	144	39c301c88d7436f8	
member	de.eskalon.commons.screen.transition.impl.ShaderTransition#<stmt9>	sge.screen.transition.impl.ShaderTransition#<stmt9>	Renamed	-	de/eskalon/commons/screen/transition/impl/ShaderTransition.java	146	4250281f9a355fa7	
member	de.eskalon.commons.screen.transition.impl.ShaderTransition#dispose()	sge.screen.transition.impl.ShaderTransition#close()	Renamed	-	de/eskalon/commons/screen/transition/impl/ShaderTransition.java	184	3fd42b953717b990	
member	de.eskalon.commons.screen.transition.impl.ShaderTransition#currScreenLoc	sge.screen.transition.impl.ShaderTransition#currScreenLoc	Renamed	-	de/eskalon/commons/screen/transition/impl/ShaderTransition.java	72	d0b233dbca7290cc	
member	de.eskalon.commons.screen.transition.impl.ShaderTransition#lastScreenLoc	sge.screen.transition.impl.ShaderTransition#lastScreenLoc	Renamed	-	de/eskalon/commons/screen/transition/impl/ShaderTransition.java	72	fe19f5b4c961a576	
member	de.eskalon.commons.screen.transition.impl.ShaderTransition#getProgram	sge.screen.transition.impl.ShaderTransition#program	Renamed	-	de/eskalon/commons/screen/transition/impl/ShaderTransition.java	63	bc597515e6498374	name=program$field
member	de.eskalon.commons.screen.transition.impl.ShaderTransition#getProgram()	sge.screen.transition.impl.ShaderTransition#program()	Renamed	-	de/eskalon/commons/screen/transition/impl/ShaderTransition.java	194	aaf7632407312fb3	
member	de.eskalon.commons.screen.transition.impl.ShaderTransition#progressLoc	sge.screen.transition.impl.ShaderTransition#progressLoc	Renamed	-	de/eskalon/commons/screen/transition/impl/ShaderTransition.java	73	ce8b34c9bbb20732	
member	de.eskalon.commons.screen.transition.impl.ShaderTransition#projTransLoc	sge.screen.transition.impl.ShaderTransition#projTransLoc	Renamed	-	de/eskalon/commons/screen/transition/impl/ShaderTransition.java	71	a0f7cad4a659e87a	
member	de.eskalon.commons.screen.transition.impl.ShaderTransition#render(float,TextureRegion,TextureRegion,float)	sge.screen.transition.impl.ShaderTransition#render(float,TextureRegion,TextureRegion,float)	Renamed	-	de/eskalon/commons/screen/transition/impl/ShaderTransition.java	151	78a3a259d315bc75	
member	de.eskalon.commons.screen.transition.impl.ShaderTransition#renderContext	sge.screen.transition.impl.ShaderTransition#renderContext	Renamed	-	de/eskalon/commons/screen/transition/impl/ShaderTransition.java	66	6248ce28e276f655	
member	de.eskalon.commons.screen.transition.impl.ShaderTransition#resize(int,int)	sge.screen.transition.impl.ShaderTransition#resize(int,int)	Renamed	-	de/eskalon/commons/screen/transition/impl/ShaderTransition.java	174	f9070e0060ac408b	
member	de.eskalon.commons.screen.transition.impl.ShaderTransition#screenQuad	sge.screen.transition.impl.ShaderTransition#screenQuad	Renamed	-	de/eskalon/commons/screen/transition/impl/ShaderTransition.java	70	52c932bd3e040f22	vis=private
member	de.eskalon.commons.screen.transition.impl.ShaderTransition#viewport	sge.screen.transition.impl.ShaderTransition#viewport	Renamed	-	de/eskalon/commons/screen/transition/impl/ShaderTransition.java	64	d0d0db0661ef5b62	
member	de.eskalon.commons.screen.transition.impl.SlidingInTransition#<init>(SpriteBatch,SlidingDirection,float,Sge)	sge.screen.transition.impl.SlidingInTransition#<init>(SpriteBatch,SlidingDirection,float,Sge)	Renamed	-	de/eskalon/commons/screen/transition/impl/SlidingInTransition.java	60	7dfe60c5d38ecaa6	
member	de.eskalon.commons.screen.transition.impl.SlidingOutTransition#<init>(SpriteBatch,SlidingDirection,float,Sge)	sge.screen.transition.impl.SlidingOutTransition#<init>(SpriteBatch,SlidingDirection,float,Sge)	Renamed	-	de/eskalon/commons/screen/transition/impl/SlidingOutTransition.java	60	bbeb7305b6514632	
member	de.eskalon.commons.screen.transition.impl.VerticalSlicingTransition#<init>(SpriteBatch,int,float,Sge)	sge.screen.transition.impl.VerticalSlicingTransition#<init>(SpriteBatch,int,float,Sge)	Renamed	-	de/eskalon/commons/screen/transition/impl/VerticalSlicingTransition.java	71	c4ac5219a4ae7e8a	
member	de.eskalon.commons.screen.transition.impl.VerticalSlicingTransition#<stmt1>	sge.screen.transition.impl.VerticalSlicingTransition#<stmt1>	Renamed	-	de/eskalon/commons/screen/transition/impl/VerticalSlicingTransition.java	55	c32ab24908704f5c	
member	de.eskalon.commons.screen.transition.impl.VerticalSlicingTransition#<stmt2>	sge.screen.transition.impl.VerticalSlicingTransition#<stmt2>	Renamed	-	de/eskalon/commons/screen/transition/impl/VerticalSlicingTransition.java	58	0f0c5d295f88dac7	
member	de.eskalon.commons.screen.transition.impl.VerticalSlicingTransition#render(float,TextureRegion,TextureRegion,float)	sge.screen.transition.impl.VerticalSlicingTransition#render(float,TextureRegion,TextureRegion,float)	Renamed	-	de/eskalon/commons/screen/transition/impl/VerticalSlicingTransition.java	77	2ed794960160a999	
member	de.eskalon.commons.screen.transition.impl.VerticalSlicingTransition#sliceCount	sge.screen.transition.impl.VerticalSlicingTransition#sliceCount	Renamed	-	de/eskalon/commons/screen/transition/impl/VerticalSlicingTransition.java	38	54418312e9526795	
member	de.eskalon.commons.utils.BasicInputMultiplexer#addProcessors(DynamicArray)	sge.screen.utils.BasicInputMultiplexer#addProcessors(DynamicArray<InputProcessor>)	Renamed	-	de/eskalon/commons/utils/BasicInputMultiplexer.java	56	ba67a0ea107731da	
member	de.eskalon.commons.utils.BasicInputMultiplexer#removeProcessors()	sge.screen.utils.BasicInputMultiplexer#removeProcessors()	Renamed	-	de/eskalon/commons/utils/BasicInputMultiplexer.java	39	61b65c2ab83baf02	
member	de.eskalon.commons.utils.BasicInputMultiplexer#removeProcessors(DynamicArray)	sge.screen.utils.BasicInputMultiplexer#removeProcessors(DynamicArray<InputProcessor>)	Renamed	-	de/eskalon/commons/utils/BasicInputMultiplexer.java	50	5001ba9e303c9795	
member	de.eskalon.commons.utils.ScreenFboUtils#restoreFboStatus(Array,Sge)	sge.screen.utils.ScreenFboUtils#restoreFboStatus(Array<int>,Sge)	Renamed	-	de/eskalon/commons/utils/ScreenFboUtils.java	76	b4eb2c3d37fea383	placement=companion
member	de.eskalon.commons.utils.ScreenFboUtils#retrieveFboStatus()	sge.screen.utils.ScreenFboUtils#retrieveFboStatus()	Renamed	-	de/eskalon/commons/utils/ScreenFboUtils.java	67	6bbdef0e7d6c7d6b	placement=companion
member	de.eskalon.commons.utils.ScreenFboUtils#screenToTexture(ManagedScreen,FrameBuffer,float,Sge)	sge.screen.utils.ScreenFboUtils#screenToTexture(ManagedScreen,FrameBuffer,float,Sge)	Renamed	-	de/eskalon/commons/utils/ScreenFboUtils.java	49	c96e873c2ab0bb46	placement=companion
member	de.eskalon.commons.utils.Supplier#get()	sge.screen.utils.Supplier#get()	Renamed	-	de/eskalon/commons/utils/Supplier.java	10	666a8ba65422b449	
member	com.badlogic.gdx.graphics.g3d.particles.ParallelArray$ChannelDescriptor#<init>(int,Class,int)		Dropped	-		0		
member	com.badlogic.gdx.graphics.g3d.particles.batches.BufferedParticleBatch#<init>(Class)		Dropped	-		0		
member	com.badlogic.gdx.scenes.scene2d.ui.Skin#findMethod		Dropped	-		0		
member	com.badlogic.gdx.scenes.scene2d.ui.Skin#setEnabledReflection		Dropped	-		0		
member	com.badlogic.gdx.utils.Array#<init>(Class)		Dropped	-		0		
member	com.badlogic.gdx.utils.Array#<init>(boolean,int,Class)		Dropped	-		0		
member	com.badlogic.gdx.utils.Array#of(Class)		Dropped	-		0		
member	com.badlogic.gdx.utils.Array#of(boolean,int,Class)		Dropped	-		0		
member	com.badlogic.gdx.utils.Array#toArray(Class)		Dropped	-		0		
member	com.badlogic.gdx.utils.ArrayMap#<init>(Class,Class)		Dropped	-		0		
member	com.badlogic.gdx.utils.ArrayMap#<init>(boolean,int,Class,Class)		Dropped	-		0		
member	com.badlogic.gdx.utils.DelayedRemovalArray#<init>(Class)		Dropped	-		0		
member	com.badlogic.gdx.utils.DelayedRemovalArray#<init>(boolean,int,Class)		Dropped	-		0		
member	com.badlogic.gdx.utils.Queue#<init>(int,Class)		Dropped	-		0		
member	com.badlogic.gdx.utils.SnapshotArray#<init>(Class)		Dropped	-		0		
member	com.badlogic.gdx.utils.SnapshotArray#<init>(boolean,int,Class)		Dropped	-		0		
