# balticporter port map	schema=2	module=noise4j	engine=balticporter/0.1.0-SNAPSHOT	sources=883167e7e3853c31	files=12
#kind	upstream	emitted	disposition	body	javaPath	javaLine	digest
type	com.github.czyzby.noise4j.array.Array2D	sge.noise.Array2D	Renamed	-		0	
type	com.github.czyzby.noise4j.map.Grid	sge.noise.Grid	Renamed	-		0	
type	com.github.czyzby.noise4j.array.Int2dArray	sge.noise.Int2dArray	Renamed	-		0	
type	com.github.czyzby.noise4j.array.Object2dArray	sge.noise.Object2dArray	Renamed	-		0	
type	com.github.czyzby.noise4j.map.generator.AbstractGenerator	sge.noise.generator.AbstractGenerator	Renamed	-		0	
type	com.github.czyzby.noise4j.map.generator.Generator	sge.noise.generator.Generator	Renamed	-		0	
type	com.github.czyzby.noise4j.map.generator.cellular.CellularAutomataGenerator	sge.noise.generator.cellular.CellularAutomataGenerator	Renamed	-		0	
type	com.github.czyzby.noise4j.map.generator.noise.NoiseGenerator	sge.noise.generator.noise.NoiseGenerator	Renamed	-		0	
type	com.github.czyzby.noise4j.map.generator.room.AbstractRoomGenerator	sge.noise.generator.room.AbstractRoomGenerator	Renamed	-		0	
type	com.github.czyzby.noise4j.map.generator.room.RoomType	sge.noise.generator.room.RoomType	Renamed	-		0	
type	com.github.czyzby.noise4j.map.generator.room.dungeon.DungeonGenerator	sge.noise.generator.room.dungeon.DungeonGenerator	Renamed	-		0	
type	com.github.czyzby.noise4j.map.generator.util.Generators	sge.noise.generator.util.Generators	Renamed	-		0	
member	com.github.czyzby.noise4j.array.Array2D#<init>(int)	sge.noise.Array2D#<init>(int)	Renamed	-	com/github/czyzby/noise4j/array/Array2D.java	11	4ecd5ceac44e306d
member	com.github.czyzby.noise4j.array.Array2D#<stmt1>	sge.noise.Array2D#<stmt1>	Renamed	-	com/github/czyzby/noise4j/array/Array2D.java	18	19ab7a3c85329e47
member	com.github.czyzby.noise4j.array.Array2D#<stmt2>	sge.noise.Array2D#<stmt2>	Renamed	-	com/github/czyzby/noise4j/array/Array2D.java	19	756b3dfe32c62344
member	com.github.czyzby.noise4j.array.Array2D#getHeight()	sge.noise.Array2D#getHeight()	Renamed	-	com/github/czyzby/noise4j/array/Array2D.java	28	95c506fc5cbd91f7
member	com.github.czyzby.noise4j.array.Array2D#getWidth()	sge.noise.Array2D#getWidth()	Renamed	-	com/github/czyzby/noise4j/array/Array2D.java	23	a8b5292d525fae96
member	com.github.czyzby.noise4j.array.Array2D#height	sge.noise.Array2D#height	Renamed	-	com/github/czyzby/noise4j/array/Array2D.java	8	18a776f59db249e6
member	com.github.czyzby.noise4j.array.Array2D#isIndexValid(int,int)	sge.noise.Array2D#isIndexValid(int,int)	Renamed	-	com/github/czyzby/noise4j/array/Array2D.java	35	6ac5df75ff9facf0
member	com.github.czyzby.noise4j.array.Array2D#toIndex(int,int)	sge.noise.Array2D#toIndex(int,int)	Renamed	-	com/github/czyzby/noise4j/array/Array2D.java	42	a9418a67e53e992b
member	com.github.czyzby.noise4j.array.Array2D#toX(int)	sge.noise.Array2D#toX(int)	Renamed	-	com/github/czyzby/noise4j/array/Array2D.java	48	297db741577a25ce
member	com.github.czyzby.noise4j.array.Array2D#toY(int)	sge.noise.Array2D#toY(int)	Renamed	-	com/github/czyzby/noise4j/array/Array2D.java	54	9d23ac1bb3800285
member	com.github.czyzby.noise4j.array.Array2D#width	sge.noise.Array2D#width	Renamed	-	com/github/czyzby/noise4j/array/Array2D.java	7	4daa7c5118f966d5
member	com.github.czyzby.noise4j.map.Grid#<init>(float,int,int)	sge.noise.Grid#<init>(float,int,int)	Renamed	-	com/github/czyzby/noise4j/map/Grid.java	27	10324f33f5ebbc3d
member	com.github.czyzby.noise4j.map.Grid#<init>(int)	sge.noise.Grid#<init>(int)	Renamed	-	com/github/czyzby/noise4j/map/Grid.java	14	4ecd5ceac44e306d
member	com.github.czyzby.noise4j.map.Grid#<init>(int,int)	sge.noise.Grid#<init>(int,int)	Renamed	-	com/github/czyzby/noise4j/map/Grid.java	20	c278ff22d832779d
member	com.github.czyzby.noise4j.map.Grid#<stmt1>	sge.noise.Grid#<stmt1>	Renamed	-	com/github/czyzby/noise4j/map/Grid.java	37	cc43d4232d3a0325
member	com.github.czyzby.noise4j.map.Grid#<stmt2>	sge.noise.Grid#<stmt2>	Renamed	-	com/github/czyzby/noise4j/map/Grid.java	38	9c79ad231bd64119
member	com.github.czyzby.noise4j.map.Grid#add(Grid)	sge.noise.Grid#add(Grid)	Renamed	-	com/github/czyzby/noise4j/map/Grid.java	150	5a8084b849a7907f
member	com.github.czyzby.noise4j.map.Grid#add(float)	sge.noise.Grid#add(float)	Renamed	-	com/github/czyzby/noise4j/map/Grid.java	237	877ad561c03316e4
member	com.github.czyzby.noise4j.map.Grid#add(int,int,float)	sge.noise.Grid#add(int,int,float)	Renamed	-	com/github/czyzby/noise4j/map/Grid.java	68	555f7ff6401e4809
member	com.github.czyzby.noise4j.map.Grid#clamp(float,float)	sge.noise.Grid#clamp(float,float)	Renamed	-	com/github/czyzby/noise4j/map/Grid.java	301	8af08652091c91e6
member	com.github.czyzby.noise4j.map.Grid#copy()	sge.noise.Grid#copy()	Renamed	-	com/github/czyzby/noise4j/map/Grid.java	355	1f1336965b81948f
member	com.github.czyzby.noise4j.map.Grid#decrement()	sge.noise.Grid#decrement()	Renamed	-	com/github/czyzby/noise4j/map/Grid.java	334	00c8208fb5501dfa
member	com.github.czyzby.noise4j.map.Grid#divide(Grid)	sge.noise.Grid#divide(Grid)	Renamed	-	com/github/czyzby/noise4j/map/Grid.java	174	0bdbcf2bb1c06b97
member	com.github.czyzby.noise4j.map.Grid#divide(float)	sge.noise.Grid#divide(float)	Renamed	-	com/github/czyzby/noise4j/map/Grid.java	270	a64d94ae5857d9fc
member	com.github.czyzby.noise4j.map.Grid#divide(int,int,float)	sge.noise.Grid#divide(int,int,float)	Renamed	-	com/github/czyzby/noise4j/map/Grid.java	92	3ff36f269a4b0ef0
member	com.github.czyzby.noise4j.map.Grid#equals(Any)	sge.noise.Grid#equals(Any)	Renamed	-	com/github/czyzby/noise4j/map/Grid.java	342	fa6c59dfaca77cec
member	com.github.czyzby.noise4j.map.Grid#fill(float)	sge.noise.Grid#fill(float)	Renamed	-	com/github/czyzby/noise4j/map/Grid.java	205	619d2cc4445807c9
member	com.github.czyzby.noise4j.map.Grid#fillColumn(int,float)	sge.noise.Grid#fillColumn(int,float)	Renamed	-	com/github/czyzby/noise4j/map/Grid.java	214	eaff7240885de6ad
member	com.github.czyzby.noise4j.map.Grid#fillRow(int,float)	sge.noise.Grid#fillRow(int,float)	Renamed	-	com/github/czyzby/noise4j/map/Grid.java	226	e5b0c04e11ff6a4c
member	com.github.czyzby.noise4j.map.Grid#forEach(CellConsumer)	sge.noise.Grid#forEach(CellConsumer)	Renamed	-	com/github/czyzby/noise4j/map/Grid.java	107	4d82abf7dbdf99fd
member	com.github.czyzby.noise4j.map.Grid#forEach(CellConsumer,int,int)	sge.noise.Grid#forEach(CellConsumer,int,int)	Renamed	-	com/github/czyzby/noise4j/map/Grid.java	116	287ac0577672c06d
member	com.github.czyzby.noise4j.map.Grid#forEach(CellConsumer,int,int,int,int)	sge.noise.Grid#forEach(CellConsumer,int,int,int,int)	Renamed	-	com/github/czyzby/noise4j/map/Grid.java	127	89ff3ebe66b5f5dc
member	com.github.czyzby.noise4j.map.Grid#get(int,int)	sge.noise.Grid#get(int,int)	Renamed	-	com/github/czyzby/noise4j/map/Grid.java	52	b84f1aa01426b64d
member	com.github.czyzby.noise4j.map.Grid#getArray()	sge.noise.Grid#getArray()	Renamed	-	com/github/czyzby/noise4j/map/Grid.java	45	c26ea0e9d4210512
member	com.github.czyzby.noise4j.map.Grid#grid	sge.noise.Grid#grid	Renamed	-	com/github/czyzby/noise4j/map/Grid.java	11	6270fde14e0ea227
member	com.github.czyzby.noise4j.map.Grid#hashCode()	sge.noise.Grid#hashCode()	Renamed	-	com/github/czyzby/noise4j/map/Grid.java	348	db97bfd75c1b0d58
member	com.github.czyzby.noise4j.map.Grid#increment()	sge.noise.Grid#increment()	Renamed	-	com/github/czyzby/noise4j/map/Grid.java	324	300fa78c9e784d41
member	com.github.czyzby.noise4j.map.Grid#iterate(CellConsumer,int,int)	sge.noise.Grid#iterate(CellConsumer,int,int)	Renamed	-	com/github/czyzby/noise4j/map/Grid.java	135	4a8a82bf1ae54ca8
member	com.github.czyzby.noise4j.map.Grid#modulo(float)	sge.noise.Grid#modulo(float)	Renamed	-	com/github/czyzby/noise4j/map/Grid.java	281	7ff0b483eb5616ea
member	com.github.czyzby.noise4j.map.Grid#modulo(int,int,float)	sge.noise.Grid#modulo(int,int,float)	Renamed	-	com/github/czyzby/noise4j/map/Grid.java	100	658c9910111ac1c4
member	com.github.czyzby.noise4j.map.Grid#multiply(Grid)	sge.noise.Grid#multiply(Grid)	Renamed	-	com/github/czyzby/noise4j/map/Grid.java	166	6351fcf7fa81e08b
member	com.github.czyzby.noise4j.map.Grid#multiply(float)	sge.noise.Grid#multiply(float)	Renamed	-	com/github/czyzby/noise4j/map/Grid.java	259	91eb8f51ae8c4676
member	com.github.czyzby.noise4j.map.Grid#multiply(int,int,float)	sge.noise.Grid#multiply(int,int,float)	Renamed	-	com/github/czyzby/noise4j/map/Grid.java	84	a0a3476041b7083b
member	com.github.czyzby.noise4j.map.Grid#negate()	sge.noise.Grid#negate()	Renamed	-	com/github/czyzby/noise4j/map/Grid.java	291	04ffeb92d0bf28b0
member	com.github.czyzby.noise4j.map.Grid#replace(float,float)	sge.noise.Grid#replace(float,float)	Renamed	-	com/github/czyzby/noise4j/map/Grid.java	312	095dbdf3d8b83bee
member	com.github.czyzby.noise4j.map.Grid#set(Grid)	sge.noise.Grid#set(Grid)	Renamed	-	com/github/czyzby/noise4j/map/Grid.java	144	9e86d819fed65988
member	com.github.czyzby.noise4j.map.Grid#set(float)	sge.noise.Grid#set(float)	Renamed	-	com/github/czyzby/noise4j/map/Grid.java	193	bd7825d2667c91df
member	com.github.czyzby.noise4j.map.Grid#set(int,int,float)	sge.noise.Grid#set(int,int,float)	Renamed	-	com/github/czyzby/noise4j/map/Grid.java	60	74e5c3321f4d0c04
member	com.github.czyzby.noise4j.map.Grid#subtract(Grid)	sge.noise.Grid#subtract(Grid)	Renamed	-	com/github/czyzby/noise4j/map/Grid.java	158	77a365e6631bfaf7
member	com.github.czyzby.noise4j.map.Grid#subtract(float)	sge.noise.Grid#subtract(float)	Renamed	-	com/github/czyzby/noise4j/map/Grid.java	248	c327d9363a9b5e1d
member	com.github.czyzby.noise4j.map.Grid#subtract(int,int,float)	sge.noise.Grid#subtract(int,int,float)	Renamed	-	com/github/czyzby/noise4j/map/Grid.java	76	952a6d4b0d794076
member	com.github.czyzby.noise4j.map.Grid#toString()	sge.noise.Grid#toString()	Renamed	-	com/github/czyzby/noise4j/map/Grid.java	362	2d83a684d9cb45a2
member	com.github.czyzby.noise4j.map.Grid#validateGrid(Grid)	sge.noise.Grid#validateGrid(Grid)	Renamed	-	com/github/czyzby/noise4j/map/Grid.java	183	a9aece5b1e43a51c
member	com.github.czyzby.noise4j.map.Grid$CellConsumer#BREAK	sge.noise.Grid$CellConsumer#BREAK	Renamed	-	com/github/czyzby/noise4j/map/Grid.java	384	98f22ba55cd2de8f
member	com.github.czyzby.noise4j.map.Grid$CellConsumer#CONTINUE	sge.noise.Grid$CellConsumer#CONTINUE	Renamed	-	com/github/czyzby/noise4j/map/Grid.java	384	61d549a4b3619dea
member	com.github.czyzby.noise4j.map.Grid$CellConsumer#consume(Grid,int,int,float)	sge.noise.Grid$CellConsumer#consume(Grid,int,int,float)	Renamed	-	com/github/czyzby/noise4j/map/Grid.java	395	acd23a5cb17c9ee8
member	com.github.czyzby.noise4j.array.Int2dArray#<init>(int)	sge.noise.Int2dArray#<init>(int)	Renamed	-	com/github/czyzby/noise4j/array/Int2dArray.java	9	9745a4f59463e7eb
member	com.github.czyzby.noise4j.array.Int2dArray#<stmt1>	sge.noise.Int2dArray#<stmt1>	Renamed	-	com/github/czyzby/noise4j/array/Int2dArray.java	15	14305bea04836a23
member	com.github.czyzby.noise4j.array.Int2dArray#array	sge.noise.Int2dArray#array	Renamed	-	com/github/czyzby/noise4j/array/Int2dArray.java	7	bc5e6f6d4528fef8
member	com.github.czyzby.noise4j.array.Int2dArray#get(int,int)	sge.noise.Int2dArray#get(int,int)	Renamed	-	com/github/czyzby/noise4j/array/Int2dArray.java	21	e3a88a925bee507d
member	com.github.czyzby.noise4j.array.Int2dArray#set(int)	sge.noise.Int2dArray#set(int)	Renamed	-	com/github/czyzby/noise4j/array/Int2dArray.java	34	26fefbfd1c5a2144
member	com.github.czyzby.noise4j.array.Int2dArray#set(int,int,int)	sge.noise.Int2dArray#set(int,int,int)	Renamed	-	com/github/czyzby/noise4j/array/Int2dArray.java	28	6ebcdc07dfdef7ed
member	com.github.czyzby.noise4j.array.Object2dArray#<init>(Array,int)	sge.noise.Object2dArray#<init>(Array<Type>,int)	Renamed	-	com/github/czyzby/noise4j/array/Object2dArray.java	28	e6a4bbdfd75e952a
member	com.github.czyzby.noise4j.array.Object2dArray#<init>(Array,int,int)	sge.noise.Object2dArray#<init>(Array<Type>,int,int)	Renamed	-	com/github/czyzby/noise4j/array/Object2dArray.java	35	f6d7094ecc7a09d3
member	com.github.czyzby.noise4j.array.Object2dArray#<init>(int)	sge.noise.Object2dArray#<init>(int)	Renamed	-	com/github/czyzby/noise4j/array/Object2dArray.java	14	f7fe7d171a818874
member	com.github.czyzby.noise4j.array.Object2dArray#<stmt1>	sge.noise.Object2dArray#<stmt1>	Renamed	-	com/github/czyzby/noise4j/array/Object2dArray.java	23	9715b392fe4bf159
member	com.github.czyzby.noise4j.array.Object2dArray#array	sge.noise.Object2dArray#array	Renamed	-	com/github/czyzby/noise4j/array/Object2dArray.java	11	b1854b9fe96738e5
member	com.github.czyzby.noise4j.array.Object2dArray#fill(Type)	sge.noise.Object2dArray#fill(Type)	Renamed	-	com/github/czyzby/noise4j/array/Object2dArray.java	125	8d90449d24580c43
member	com.github.czyzby.noise4j.array.Object2dArray#get(int,int)	sge.noise.Object2dArray#get(int,int)	Renamed	-	com/github/czyzby/noise4j/array/Object2dArray.java	82	07162578ac16b1af
member	com.github.czyzby.noise4j.array.Object2dArray#getArray()	sge.noise.Object2dArray#getArray()	Renamed	-	com/github/czyzby/noise4j/array/Object2dArray.java	67	c764f4985e350595
member	com.github.czyzby.noise4j.array.Object2dArray#getArray(int)	sge.noise.Object2dArray#getArray(int)	Renamed	-	com/github/czyzby/noise4j/array/Object2dArray.java	63	41a115251805c2ab
member	com.github.czyzby.noise4j.array.Object2dArray#getObjectArray()	sge.noise.Object2dArray#getObjectArray()	Renamed	-	com/github/czyzby/noise4j/array/Object2dArray.java	74	fbc5854421c962b4
member	com.github.czyzby.noise4j.array.Object2dArray#getOrElse(int,int,Type)	sge.noise.Object2dArray#getOrElse(int,int,Type)	Renamed	-	com/github/czyzby/noise4j/array/Object2dArray.java	98	ca1cf45da840749b
member	com.github.czyzby.noise4j.array.Object2dArray#getOrNull(int,int)	sge.noise.Object2dArray#getOrNull(int,int)	Renamed	-	com/github/czyzby/noise4j/array/Object2dArray.java	89	a7e44118815fe100
member	com.github.czyzby.noise4j.array.Object2dArray#iterator()	sge.noise.Object2dArray#iterator()	Renamed	-	com/github/czyzby/noise4j/array/Object2dArray.java	132	88f1bd9a73196ff1
member	com.github.czyzby.noise4j.array.Object2dArray#newNotTyped(int,int)	sge.noise.Object2dArray#newNotTyped(int,int)	Renamed	-	com/github/czyzby/noise4j/array/Object2dArray.java	51	1c0b3d276321df49
member	com.github.czyzby.noise4j.array.Object2dArray#set(int,int,Type)	sge.noise.Object2dArray#set(int,int,Type)	Renamed	-	com/github/czyzby/noise4j/array/Object2dArray.java	108	9f8e7a14b24fa109
member	com.github.czyzby.noise4j.array.Object2dArray#swap(int,int,int,int)	sge.noise.Object2dArray#swap(int,int,int,int)	Renamed	-	com/github/czyzby/noise4j/array/Object2dArray.java	118	6e397470a574393c
member	com.github.czyzby.noise4j.array.Object2dArray$ArrayIterator#hasNext()	sge.noise.Object2dArray$ArrayIterator#hasNext()	Renamed	-	com/github/czyzby/noise4j/array/Object2dArray.java	145	49c7eac37deb21f9
member	com.github.czyzby.noise4j.array.Object2dArray$ArrayIterator#index	sge.noise.Object2dArray$ArrayIterator#index	Renamed	-	com/github/czyzby/noise4j/array/Object2dArray.java	142	6c7e617b81d65d51
member	com.github.czyzby.noise4j.array.Object2dArray$ArrayIterator#next()	sge.noise.Object2dArray$ArrayIterator#next()	Renamed	-	com/github/czyzby/noise4j/array/Object2dArray.java	150	33abfc508409be47
member	com.github.czyzby.noise4j.array.Object2dArray$ArrayIterator#remove()	sge.noise.Object2dArray$ArrayIterator#remove()	Renamed	-	com/github/czyzby/noise4j/array/Object2dArray.java	158	96a9a196d6c08de8
member	com.github.czyzby.noise4j.array.Object2dArray$ArrayIterator#reset()	sge.noise.Object2dArray$ArrayIterator#reset()	Renamed	-	com/github/czyzby/noise4j/array/Object2dArray.java	166	1454b638d78fd2ff
member	com.github.czyzby.noise4j.array.Object2dArray$ArrayIterator#size	sge.noise.Object2dArray$ArrayIterator#size	Renamed	-	com/github/czyzby/noise4j/array/Object2dArray.java	141	b44ec916fa2eb44d
member	com.github.czyzby.noise4j.map.generator.AbstractGenerator#getMode()	sge.noise.generator.AbstractGenerator#getMode()	Renamed	-	com/github/czyzby/noise4j/map/generator/AbstractGenerator.java	12	8ef17e23f54f18de
member	com.github.czyzby.noise4j.map.generator.AbstractGenerator#mode	sge.noise.generator.AbstractGenerator#mode	Renamed	-	com/github/czyzby/noise4j/map/generator/AbstractGenerator.java	9	64d35bf8122c6bb4
member	com.github.czyzby.noise4j.map.generator.AbstractGenerator#modifyCell(Grid,int,int,float)	sge.noise.generator.AbstractGenerator#modifyCell(Grid,int,int,float)	Renamed	-	com/github/czyzby/noise4j/map/generator/AbstractGenerator.java	28	bc2f7a3f47e37835
member	com.github.czyzby.noise4j.map.generator.AbstractGenerator#setMode(GenerationMode)	sge.noise.generator.AbstractGenerator#setMode(GenerationMode)	Renamed	-	com/github/czyzby/noise4j/map/generator/AbstractGenerator.java	17	112180b2092c8ea8
member	com.github.czyzby.noise4j.map.generator.Generator#generate(Grid)	sge.noise.generator.Generator#generate(Grid)	Renamed	-	com/github/czyzby/noise4j/map/generator/Generator.java	11	a66640720c505ee9
member	com.github.czyzby.noise4j.map.generator.Generator#getMode()	sge.noise.generator.Generator#getMode()	Renamed	-	com/github/czyzby/noise4j/map/generator/Generator.java	14	c375e3e8d8938e96
member	com.github.czyzby.noise4j.map.generator.Generator#setMode(GenerationMode)	sge.noise.generator.Generator#setMode(GenerationMode)	Renamed	-	com/github/czyzby/noise4j/map/generator/Generator.java	17	a52cfcd79d628e68
member	com.github.czyzby.noise4j.map.generator.Generator$GenerationMode#modify(Grid,int,int,float)	sge.noise.generator.Generator$GenerationMode#modify(Grid,int,int,float)	Renamed	-	com/github/czyzby/noise4j/map/generator/Generator.java	63	c27e97197894754f
member	com.github.czyzby.noise4j.map.generator.cellular.CellularAutomataGenerator#INSTANCE	sge.noise.generator.cellular.CellularAutomataGenerator#INSTANCE	Renamed	-	com/github/czyzby/noise4j/map/generator/cellular/CellularAutomataGenerator.java	22	b336cf7f902048d1
member	com.github.czyzby.noise4j.map.generator.cellular.CellularAutomataGenerator#aliveChance	sge.noise.generator.cellular.CellularAutomataGenerator#aliveChance	Renamed	-	com/github/czyzby/noise4j/map/generator/cellular/CellularAutomataGenerator.java	26	6303e34cf4e2e9be
member	com.github.czyzby.noise4j.map.generator.cellular.CellularAutomataGenerator#birthLimit	sge.noise.generator.cellular.CellularAutomataGenerator#birthLimit	Renamed	-	com/github/czyzby/noise4j/map/generator/cellular/CellularAutomataGenerator.java	28	b67d0c3b9316c531
member	com.github.czyzby.noise4j.map.generator.cellular.CellularAutomataGenerator#consume(Grid,int,int,float)	sge.noise.generator.cellular.CellularAutomataGenerator#consume(Grid,int,int,float)	Renamed	-	com/github/czyzby/noise4j/map/generator/cellular/CellularAutomataGenerator.java	208	0dcfe26a37a0dd46
member	com.github.czyzby.noise4j.map.generator.cellular.CellularAutomataGenerator#countLivingNeighbors(Grid,int,int)	sge.noise.generator.cellular.CellularAutomataGenerator#countLivingNeighbors(Grid,int,int)	Renamed	-	com/github/czyzby/noise4j/map/generator/cellular/CellularAutomataGenerator.java	258	ffbe20e2b2d52005
member	com.github.czyzby.noise4j.map.generator.cellular.CellularAutomataGenerator#deathLimit	sge.noise.generator.cellular.CellularAutomataGenerator#deathLimit	Renamed	-	com/github/czyzby/noise4j/map/generator/cellular/CellularAutomataGenerator.java	29	795c6e523811871f
member	com.github.czyzby.noise4j.map.generator.cellular.CellularAutomataGenerator#generate(Grid)	sge.noise.generator.cellular.CellularAutomataGenerator#generate(Grid)	Renamed	-	com/github/czyzby/noise4j/map/generator/cellular/CellularAutomataGenerator.java	148	05a4b8504f415d61
member	com.github.czyzby.noise4j.map.generator.cellular.CellularAutomataGenerator#generate(Grid,int)	sge.noise.generator.cellular.CellularAutomataGenerator#generate(Grid,int)	Renamed	-	com/github/czyzby/noise4j/map/generator/cellular/CellularAutomataGenerator.java	38	f265b6a5c26310a7
member	com.github.czyzby.noise4j.map.generator.cellular.CellularAutomataGenerator#generate(Grid,int,float,boolean)	sge.noise.generator.cellular.CellularAutomataGenerator#generate(Grid,int,float,boolean)	Renamed	-	com/github/czyzby/noise4j/map/generator/cellular/CellularAutomataGenerator.java	49	6b0c44178b8544ce
member	com.github.czyzby.noise4j.map.generator.cellular.CellularAutomataGenerator#getAliveChance()	sge.noise.generator.cellular.CellularAutomataGenerator#getAliveChance()	Renamed	-	com/github/czyzby/noise4j/map/generator/cellular/CellularAutomataGenerator.java	78	972a007892fb61a6
member	com.github.czyzby.noise4j.map.generator.cellular.CellularAutomataGenerator#getBirthLimit()	sge.noise.generator.cellular.CellularAutomataGenerator#getBirthLimit()	Renamed	-	com/github/czyzby/noise4j/map/generator/cellular/CellularAutomataGenerator.java	126	d6a108da46651205
member	com.github.czyzby.noise4j.map.generator.cellular.CellularAutomataGenerator#getDeathLimit()	sge.noise.generator.cellular.CellularAutomataGenerator#getDeathLimit()	Renamed	-	com/github/czyzby/noise4j/map/generator/cellular/CellularAutomataGenerator.java	137	c3173a74531ac422
member	com.github.czyzby.noise4j.map.generator.cellular.CellularAutomataGenerator#getInstance()	sge.noise.generator.cellular.CellularAutomataGenerator#getInstance()	Renamed	-	com/github/czyzby/noise4j/map/generator/cellular/CellularAutomataGenerator.java	59	ef30bb24f4811202
member	com.github.czyzby.noise4j.map.generator.cellular.CellularAutomataGenerator#getIterationsAmount()	sge.noise.generator.cellular.CellularAutomataGenerator#getIterationsAmount()	Renamed	-	com/github/czyzby/noise4j/map/generator/cellular/CellularAutomataGenerator.java	67	b4fb5566d7737727
member	com.github.czyzby.noise4j.map.generator.cellular.CellularAutomataGenerator#getMarker()	sge.noise.generator.cellular.CellularAutomataGenerator#getMarker()	Renamed	-	com/github/czyzby/noise4j/map/generator/cellular/CellularAutomataGenerator.java	113	9403ef856f08c33e
member	com.github.czyzby.noise4j.map.generator.cellular.CellularAutomataGenerator#getRadius()	sge.noise.generator.cellular.CellularAutomataGenerator#getRadius()	Renamed	-	com/github/czyzby/noise4j/map/generator/cellular/CellularAutomataGenerator.java	100	eebc163e6cbbebe3
member	com.github.czyzby.noise4j.map.generator.cellular.CellularAutomataGenerator#getTemporaryGrid()	sge.noise.generator.cellular.CellularAutomataGenerator#getTemporaryGrid()	Renamed	-	com/github/czyzby/noise4j/map/generator/cellular/CellularAutomataGenerator.java	203	2f9c91b51a5f897a
member	com.github.czyzby.noise4j.map.generator.cellular.CellularAutomataGenerator#initiate	sge.noise.generator.cellular.CellularAutomataGenerator#initiate	Renamed	-	com/github/czyzby/noise4j/map/generator/cellular/CellularAutomataGenerator.java	24	f6ac27b398513076
member	com.github.czyzby.noise4j.map.generator.cellular.CellularAutomataGenerator#initiate(Grid,CellularAutomataGenerator)	sge.noise.generator.cellular.CellularAutomataGenerator#initiate(Grid,CellularAutomataGenerator)	Renamed	-	com/github/czyzby/noise4j/map/generator/cellular/CellularAutomataGenerator.java	174	32065b41927052e8
member	com.github.czyzby.noise4j.map.generator.cellular.CellularAutomataGenerator#initiate(Grid,float,float)	sge.noise.generator.cellular.CellularAutomataGenerator#initiate(Grid,float,float)	Renamed	-	com/github/czyzby/noise4j/map/generator/cellular/CellularAutomataGenerator.java	188	cac6076700db87e5
member	com.github.czyzby.noise4j.map.generator.cellular.CellularAutomataGenerator#isAlive(float)	sge.noise.generator.cellular.CellularAutomataGenerator#isAlive(float)	Renamed	-	com/github/czyzby/noise4j/map/generator/cellular/CellularAutomataGenerator.java	250	9452996e5b473cfa
member	com.github.czyzby.noise4j.map.generator.cellular.CellularAutomataGenerator#isInitiating()	sge.noise.generator.cellular.CellularAutomataGenerator#isInitiating()	Renamed	-	com/github/czyzby/noise4j/map/generator/cellular/CellularAutomataGenerator.java	89	ee2e4c07346d7e17
member	com.github.czyzby.noise4j.map.generator.cellular.CellularAutomataGenerator#iterationsAmount	sge.noise.generator.cellular.CellularAutomataGenerator#iterationsAmount	Renamed	-	com/github/czyzby/noise4j/map/generator/cellular/CellularAutomataGenerator.java	27	04d78f0140fec848
member	com.github.czyzby.noise4j.map.generator.cellular.CellularAutomataGenerator#marker	sge.noise.generator.cellular.CellularAutomataGenerator#marker	Renamed	-	com/github/czyzby/noise4j/map/generator/cellular/CellularAutomataGenerator.java	25	b817cc1856e120ad
member	com.github.czyzby.noise4j.map.generator.cellular.CellularAutomataGenerator#radius	sge.noise.generator.cellular.CellularAutomataGenerator#radius	Renamed	-	com/github/czyzby/noise4j/map/generator/cellular/CellularAutomataGenerator.java	30	49935404eed87015
member	com.github.czyzby.noise4j.map.generator.cellular.CellularAutomataGenerator#setAlive(int,int)	sge.noise.generator.cellular.CellularAutomataGenerator#setAlive(int,int)	Renamed	-	com/github/czyzby/noise4j/map/generator/cellular/CellularAutomataGenerator.java	224	4e467fa60724745c
member	com.github.czyzby.noise4j.map.generator.cellular.CellularAutomataGenerator#setAliveChance(float)	sge.noise.generator.cellular.CellularAutomataGenerator#setAliveChance(float)	Renamed	-	com/github/czyzby/noise4j/map/generator/cellular/CellularAutomataGenerator.java	84	20ebc0a7d0a26183
member	com.github.czyzby.noise4j.map.generator.cellular.CellularAutomataGenerator#setBirthLimit(int)	sge.noise.generator.cellular.CellularAutomataGenerator#setBirthLimit(int)	Renamed	-	com/github/czyzby/noise4j/map/generator/cellular/CellularAutomataGenerator.java	132	f6065278b78ee2c4
member	com.github.czyzby.noise4j.map.generator.cellular.CellularAutomataGenerator#setDead(int,int)	sge.noise.generator.cellular.CellularAutomataGenerator#setDead(int,int)	Renamed	-	com/github/czyzby/noise4j/map/generator/cellular/CellularAutomataGenerator.java	232	ee29edccb00a2c47
member	com.github.czyzby.noise4j.map.generator.cellular.CellularAutomataGenerator#setDeathLimit(int)	sge.noise.generator.cellular.CellularAutomataGenerator#setDeathLimit(int)	Renamed	-	com/github/czyzby/noise4j/map/generator/cellular/CellularAutomataGenerator.java	143	20e2a22aca2744b6
member	com.github.czyzby.noise4j.map.generator.cellular.CellularAutomataGenerator#setInitiate(boolean)	sge.noise.generator.cellular.CellularAutomataGenerator#setInitiate(boolean)	Renamed	-	com/github/czyzby/noise4j/map/generator/cellular/CellularAutomataGenerator.java	95	1123e872fab8d4a1
member	com.github.czyzby.noise4j.map.generator.cellular.CellularAutomataGenerator#setIterationsAmount(int)	sge.noise.generator.cellular.CellularAutomataGenerator#setIterationsAmount(int)	Renamed	-	com/github/czyzby/noise4j/map/generator/cellular/CellularAutomataGenerator.java	72	10e2abd1e5c3bbaf
member	com.github.czyzby.noise4j.map.generator.cellular.CellularAutomataGenerator#setMarker(float)	sge.noise.generator.cellular.CellularAutomataGenerator#setMarker(float)	Renamed	-	com/github/czyzby/noise4j/map/generator/cellular/CellularAutomataGenerator.java	121	768244446f4d3416
member	com.github.czyzby.noise4j.map.generator.cellular.CellularAutomataGenerator#setRadius(int)	sge.noise.generator.cellular.CellularAutomataGenerator#setRadius(int)	Renamed	-	com/github/czyzby/noise4j/map/generator/cellular/CellularAutomataGenerator.java	106	01d5a0bf7be22e0a
member	com.github.czyzby.noise4j.map.generator.cellular.CellularAutomataGenerator#shouldBeBorn(int)	sge.noise.generator.cellular.CellularAutomataGenerator#shouldBeBorn(int)	Renamed	-	com/github/czyzby/noise4j/map/generator/cellular/CellularAutomataGenerator.java	244	5cb8095f0fa458b4
member	com.github.czyzby.noise4j.map.generator.cellular.CellularAutomataGenerator#shouldDie(int)	sge.noise.generator.cellular.CellularAutomataGenerator#shouldDie(int)	Renamed	-	com/github/czyzby/noise4j/map/generator/cellular/CellularAutomataGenerator.java	238	3a52b1cc00618425
member	com.github.czyzby.noise4j.map.generator.cellular.CellularAutomataGenerator#spawnLivingCells(Grid)	sge.noise.generator.cellular.CellularAutomataGenerator#spawnLivingCells(Grid)	Renamed	-	com/github/czyzby/noise4j/map/generator/cellular/CellularAutomataGenerator.java	163	27d2df014338ce84
member	com.github.czyzby.noise4j.map.generator.cellular.CellularAutomataGenerator#temporaryGrid	sge.noise.generator.cellular.CellularAutomataGenerator#temporaryGrid	Renamed	-	com/github/czyzby/noise4j/map/generator/cellular/CellularAutomataGenerator.java	31	fd15f330df343dee
member	com.github.czyzby.noise4j.map.generator.noise.NoiseGenerator#INSTANCE	sge.noise.generator.noise.NoiseGenerator#INSTANCE	Renamed	-	com/github/czyzby/noise4j/map/generator/noise/NoiseGenerator.java	16	0000c940755243b4
member	com.github.czyzby.noise4j.map.generator.noise.NoiseGenerator#algorithmProvider	sge.noise.generator.noise.NoiseGenerator#algorithmProvider	Renamed	-	com/github/czyzby/noise4j/map/generator/noise/NoiseGenerator.java	18	a7d50cc65fcc08e9
member	com.github.czyzby.noise4j.map.generator.noise.NoiseGenerator#consume(Grid,int,int,float)	sge.noise.generator.noise.NoiseGenerator#consume(Grid,int,int,float)	Renamed	-	com/github/czyzby/noise4j/map/generator/noise/NoiseGenerator.java	105	c63af7a7e6b9ffca
member	com.github.czyzby.noise4j.map.generator.noise.NoiseGenerator#generate(Grid)	sge.noise.generator.noise.NoiseGenerator#generate(Grid)	Renamed	-	com/github/czyzby/noise4j/map/generator/noise/NoiseGenerator.java	97	6a0c6c764a00f0cf
member	com.github.czyzby.noise4j.map.generator.noise.NoiseGenerator#generate(Grid,int,float)	sge.noise.generator.noise.NoiseGenerator#generate(Grid,int,float)	Renamed	-	com/github/czyzby/noise4j/map/generator/noise/NoiseGenerator.java	29	16edeea0daa7f0a4
member	com.github.czyzby.noise4j.map.generator.noise.NoiseGenerator#generate(Grid,int,float,int)	sge.noise.generator.noise.NoiseGenerator#generate(Grid,int,float,int)	Renamed	-	com/github/czyzby/noise4j/map/generator/noise/NoiseGenerator.java	40	b5e49f5bd4623057
member	com.github.czyzby.noise4j.map.generator.noise.NoiseGenerator#getInstance()	sge.noise.generator.noise.NoiseGenerator#getInstance()	Renamed	-	com/github/czyzby/noise4j/map/generator/noise/NoiseGenerator.java	49	a7af771a0df39eec
member	com.github.czyzby.noise4j.map.generator.noise.NoiseGenerator#getModifier()	sge.noise.generator.noise.NoiseGenerator#getModifier()	Renamed	-	com/github/czyzby/noise4j/map/generator/noise/NoiseGenerator.java	80	5589f1d4240f02a6
member	com.github.czyzby.noise4j.map.generator.noise.NoiseGenerator#getRadius()	sge.noise.generator.noise.NoiseGenerator#getRadius()	Renamed	-	com/github/czyzby/noise4j/map/generator/noise/NoiseGenerator.java	58	59dc5c68f4f8823b
member	com.github.czyzby.noise4j.map.generator.noise.NoiseGenerator#getSeed()	sge.noise.generator.noise.NoiseGenerator#getSeed()	Renamed	-	com/github/czyzby/noise4j/map/generator/noise/NoiseGenerator.java	69	ee6398f0d1ead386
member	com.github.czyzby.noise4j.map.generator.noise.NoiseGenerator#modifier	sge.noise.generator.noise.NoiseGenerator#modifier	Renamed	-	com/github/czyzby/noise4j/map/generator/noise/NoiseGenerator.java	20	dd8a16569c1f12b9
member	com.github.czyzby.noise4j.map.generator.noise.NoiseGenerator#radius	sge.noise.generator.noise.NoiseGenerator#radius	Renamed	-	com/github/czyzby/noise4j/map/generator/noise/NoiseGenerator.java	19	bc1cf119621106af
member	com.github.czyzby.noise4j.map.generator.noise.NoiseGenerator#seed	sge.noise.generator.noise.NoiseGenerator#seed	Renamed	-	com/github/czyzby/noise4j/map/generator/noise/NoiseGenerator.java	21	01c6c2bfc01f8734
member	com.github.czyzby.noise4j.map.generator.noise.NoiseGenerator#setAlgorithmProvider(NoiseAlgorithmProvider)	sge.noise.generator.noise.NoiseGenerator#setAlgorithmProvider(NoiseAlgorithmProvider)	Renamed	-	com/github/czyzby/noise4j/map/generator/noise/NoiseGenerator.java	92	4338cbcdc6f23fa8
member	com.github.czyzby.noise4j.map.generator.noise.NoiseGenerator#setModifier(float)	sge.noise.generator.noise.NoiseGenerator#setModifier(float)	Renamed	-	com/github/czyzby/noise4j/map/generator/noise/NoiseGenerator.java	86	b463a0cb0647932e
member	com.github.czyzby.noise4j.map.generator.noise.NoiseGenerator#setRadius(int)	sge.noise.generator.noise.NoiseGenerator#setRadius(int)	Renamed	-	com/github/czyzby/noise4j/map/generator/noise/NoiseGenerator.java	64	4493b5c071cd58e1
member	com.github.czyzby.noise4j.map.generator.noise.NoiseGenerator#setSeed(int)	sge.noise.generator.noise.NoiseGenerator#setSeed(int)	Renamed	-	com/github/czyzby/noise4j/map/generator/noise/NoiseGenerator.java	74	9be07645010e3f97
member	com.github.czyzby.noise4j.map.generator.noise.NoiseGenerator$DefaultNoiseAlgorithmProvider#PI	sge.noise.generator.noise.NoiseGenerator$DefaultNoiseAlgorithmProvider#PI	Renamed	-	com/github/czyzby/noise4j/map/generator/noise/NoiseGenerator.java	159	47ef20ace147ca73
member	com.github.czyzby.noise4j.map.generator.noise.NoiseGenerator$DefaultNoiseAlgorithmProvider#interpolate(float,float,float)	sge.noise.generator.noise.NoiseGenerator$DefaultNoiseAlgorithmProvider#interpolate(float,float,float)	Renamed	-	com/github/czyzby/noise4j/map/generator/noise/NoiseGenerator.java	181	617603cc3e1d103a
member	com.github.czyzby.noise4j.map.generator.noise.NoiseGenerator$DefaultNoiseAlgorithmProvider#noise(NoiseGenerator,int,int)	sge.noise.generator.noise.NoiseGenerator$DefaultNoiseAlgorithmProvider#noise(NoiseGenerator,int,int)	Renamed	-	com/github/czyzby/noise4j/map/generator/noise/NoiseGenerator.java	163	1c3198094a0a82cf
member	com.github.czyzby.noise4j.map.generator.noise.NoiseGenerator$DefaultNoiseAlgorithmProvider#smoothNoise(NoiseGenerator,int,int)	sge.noise.generator.noise.NoiseGenerator$DefaultNoiseAlgorithmProvider#smoothNoise(NoiseGenerator,int,int)	Renamed	-	com/github/czyzby/noise4j/map/generator/noise/NoiseGenerator.java	169	b609937dd31e278a
member	com.github.czyzby.noise4j.map.generator.noise.NoiseGenerator$NoiseAlgorithmProvider#interpolate(float,float,float)	sge.noise.generator.noise.NoiseGenerator$NoiseAlgorithmProvider#interpolate(float,float,float)	Renamed	-	com/github/czyzby/noise4j/map/generator/noise/NoiseGenerator.java	152	143061d10306a2be
member	com.github.czyzby.noise4j.map.generator.noise.NoiseGenerator$NoiseAlgorithmProvider#noise(NoiseGenerator,int,int)	sge.noise.generator.noise.NoiseGenerator$NoiseAlgorithmProvider#noise(NoiseGenerator,int,int)	Renamed	-	com/github/czyzby/noise4j/map/generator/noise/NoiseGenerator.java	137	3f660f1b3b6bee58
member	com.github.czyzby.noise4j.map.generator.noise.NoiseGenerator$NoiseAlgorithmProvider#smoothNoise(NoiseGenerator,int,int)	sge.noise.generator.noise.NoiseGenerator$NoiseAlgorithmProvider#smoothNoise(NoiseGenerator,int,int)	Renamed	-	com/github/czyzby/noise4j/map/generator/noise/NoiseGenerator.java	146	e6c6ec96343fa6f6
member	com.github.czyzby.noise4j.map.generator.room.AbstractRoomGenerator#addRoomType(RoomType)	sge.noise.generator.room.AbstractRoomGenerator#addRoomType(RoomType)	Renamed	-	com/github/czyzby/noise4j/map/generator/room/AbstractRoomGenerator.java	30	4151f1687dde4a5d
member	com.github.czyzby.noise4j.map.generator.room.AbstractRoomGenerator#addRoomType(RoomType,int)	sge.noise.generator.room.AbstractRoomGenerator#addRoomType(RoomType,int)	Renamed	-	com/github/czyzby/noise4j/map/generator/room/AbstractRoomGenerator.java	38	aa34ea55e49d0be1
member	com.github.czyzby.noise4j.map.generator.room.AbstractRoomGenerator#addRoomTypes(Array)	sge.noise.generator.room.AbstractRoomGenerator#addRoomTypes(Array<RoomType>)	Renamed	-	com/github/czyzby/noise4j/map/generator/room/AbstractRoomGenerator.java	47	57d7d43fb691d9e3
member	com.github.czyzby.noise4j.map.generator.room.AbstractRoomGenerator#carveRoom(Grid,Room,float)	sge.noise.generator.room.AbstractRoomGenerator#carveRoom(Grid,Room,float)	Renamed	-	com/github/czyzby/noise4j/map/generator/room/AbstractRoomGenerator.java	56	65dbb9ea2d9c75e9
member	com.github.czyzby.noise4j.map.generator.room.AbstractRoomGenerator#getMaxRoomSize()	sge.noise.generator.room.AbstractRoomGenerator#getMaxRoomSize()	Renamed	-	com/github/czyzby/noise4j/map/generator/room/AbstractRoomGenerator.java	131	a217f5f1d06d0b3e
member	com.github.czyzby.noise4j.map.generator.room.AbstractRoomGenerator#getMaxRoomsAmount()	sge.noise.generator.room.AbstractRoomGenerator#getMaxRoomsAmount()	Renamed	-	com/github/czyzby/noise4j/map/generator/room/AbstractRoomGenerator.java	156	de7872c65f9beee3
member	com.github.czyzby.noise4j.map.generator.room.AbstractRoomGenerator#getMinRoomSize()	sge.noise.generator.room.AbstractRoomGenerator#getMinRoomSize()	Renamed	-	com/github/czyzby/noise4j/map/generator/room/AbstractRoomGenerator.java	117	b7e3171dc347de76
member	com.github.czyzby.noise4j.map.generator.room.AbstractRoomGenerator#getRandomRoom(Grid)	sge.noise.generator.room.AbstractRoomGenerator#getRandomRoom(Grid)	Renamed	-	com/github/czyzby/noise4j/map/generator/room/AbstractRoomGenerator.java	77	01e488ea901d2705
member	com.github.czyzby.noise4j.map.generator.room.AbstractRoomGenerator#getRoomTypes()	sge.noise.generator.room.AbstractRoomGenerator#getRoomTypes()	Renamed	-	com/github/czyzby/noise4j/map/generator/room/AbstractRoomGenerator.java	23	32b1ded2104ef9e7
member	com.github.czyzby.noise4j.map.generator.room.AbstractRoomGenerator#getTolerance()	sge.noise.generator.room.AbstractRoomGenerator#getTolerance()	Renamed	-	com/github/czyzby/noise4j/map/generator/room/AbstractRoomGenerator.java	151	c41f36cf65269bd1
member	com.github.czyzby.noise4j.map.generator.room.AbstractRoomGenerator#maxRoomSize	sge.noise.generator.room.AbstractRoomGenerator#maxRoomSize	Renamed	-	com/github/czyzby/noise4j/map/generator/room/AbstractRoomGenerator.java	18	401201e9764b022d
member	com.github.czyzby.noise4j.map.generator.room.AbstractRoomGenerator#maxRoomsAmount	sge.noise.generator.room.AbstractRoomGenerator#maxRoomsAmount	Renamed	-	com/github/czyzby/noise4j/map/generator/room/AbstractRoomGenerator.java	20	642e940f3e3b4623
member	com.github.czyzby.noise4j.map.generator.room.AbstractRoomGenerator#minRoomSize	sge.noise.generator.room.AbstractRoomGenerator#minRoomSize	Renamed	-	com/github/czyzby/noise4j/map/generator/room/AbstractRoomGenerator.java	17	7becd33a6bad5c0e
member	com.github.czyzby.noise4j.map.generator.room.AbstractRoomGenerator#normalizePosition(int)	sge.noise.generator.room.AbstractRoomGenerator#normalizePosition(int)	Renamed	-	com/github/czyzby/noise4j/map/generator/room/AbstractRoomGenerator.java	92	7412bc73d278029c
member	com.github.czyzby.noise4j.map.generator.room.AbstractRoomGenerator#normalizeSize(int)	sge.noise.generator.room.AbstractRoomGenerator#normalizeSize(int)	Renamed	-	com/github/czyzby/noise4j/map/generator/room/AbstractRoomGenerator.java	98	c219eb9eeaff2a08
member	com.github.czyzby.noise4j.map.generator.room.AbstractRoomGenerator#randomSize()	sge.noise.generator.room.AbstractRoomGenerator#randomSize()	Renamed	-	com/github/czyzby/noise4j/map/generator/room/AbstractRoomGenerator.java	103	5592ad35de4ea252
member	com.github.czyzby.noise4j.map.generator.room.AbstractRoomGenerator#randomSize(int)	sge.noise.generator.room.AbstractRoomGenerator#randomSize(int)	Renamed	-	com/github/czyzby/noise4j/map/generator/room/AbstractRoomGenerator.java	110	2de8a03f3914e84f
member	com.github.czyzby.noise4j.map.generator.room.AbstractRoomGenerator#roomTypes	sge.noise.generator.room.AbstractRoomGenerator#roomTypes	Renamed	-	com/github/czyzby/noise4j/map/generator/room/AbstractRoomGenerator.java	16	7383287b28f215e9
member	com.github.czyzby.noise4j.map.generator.room.AbstractRoomGenerator#setMaxRoomSize(int)	sge.noise.generator.room.AbstractRoomGenerator#setMaxRoomSize(int)	Renamed	-	com/github/czyzby/noise4j/map/generator/room/AbstractRoomGenerator.java	137	635e8f7eebd31333
member	com.github.czyzby.noise4j.map.generator.room.AbstractRoomGenerator#setMaxRoomsAmount(int)	sge.noise.generator.room.AbstractRoomGenerator#setMaxRoomsAmount(int)	Renamed	-	com/github/czyzby/noise4j/map/generator/room/AbstractRoomGenerator.java	164	55a7870d02055b2e
member	com.github.czyzby.noise4j.map.generator.room.AbstractRoomGenerator#setMinRoomSize(int)	sge.noise.generator.room.AbstractRoomGenerator#setMinRoomSize(int)	Renamed	-	com/github/czyzby/noise4j/map/generator/room/AbstractRoomGenerator.java	123	cfb0ffdb327895ef
member	com.github.czyzby.noise4j.map.generator.room.AbstractRoomGenerator#setTolerance(int)	sge.noise.generator.room.AbstractRoomGenerator#setTolerance(int)	Renamed	-	com/github/czyzby/noise4j/map/generator/room/AbstractRoomGenerator.java	146	b313b611cdee8c29
member	com.github.czyzby.noise4j.map.generator.room.AbstractRoomGenerator#tolerance	sge.noise.generator.room.AbstractRoomGenerator#tolerance	Renamed	-	com/github/czyzby/noise4j/map/generator/room/AbstractRoomGenerator.java	19	d125cecaa1f39a32
member	com.github.czyzby.noise4j.map.generator.room.AbstractRoomGenerator$Room#<stmt1>	sge.noise.generator.room.AbstractRoomGenerator$Room#<stmt1>	Renamed	-	com/github/czyzby/noise4j/map/generator/room/AbstractRoomGenerator.java	176	2c6f9558e98e88ba
member	com.github.czyzby.noise4j.map.generator.room.AbstractRoomGenerator$Room#<stmt2>	sge.noise.generator.room.AbstractRoomGenerator$Room#<stmt2>	Renamed	-	com/github/czyzby/noise4j/map/generator/room/AbstractRoomGenerator.java	177	f31e0f9cd77a7e56
member	com.github.czyzby.noise4j.map.generator.room.AbstractRoomGenerator$Room#<stmt3>	sge.noise.generator.room.AbstractRoomGenerator$Room#<stmt3>	Renamed	-	com/github/czyzby/noise4j/map/generator/room/AbstractRoomGenerator.java	178	a14884eb87a8add3
member	com.github.czyzby.noise4j.map.generator.room.AbstractRoomGenerator$Room#<stmt4>	sge.noise.generator.room.AbstractRoomGenerator$Room#<stmt4>	Renamed	-	com/github/czyzby/noise4j/map/generator/room/AbstractRoomGenerator.java	179	123ce846ee159a30
member	com.github.czyzby.noise4j.map.generator.room.AbstractRoomGenerator$Room#fill(Grid,float)	sge.noise.generator.room.AbstractRoomGenerator$Room#fill(Grid,float)	Renamed	-	com/github/czyzby/noise4j/map/generator/room/AbstractRoomGenerator.java	190	85847c240c84d573
member	com.github.czyzby.noise4j.map.generator.room.AbstractRoomGenerator$Room#fill(Int2dArray,int)	sge.noise.generator.room.AbstractRoomGenerator$Room#fill(Int2dArray,int)	Renamed	-	com/github/czyzby/noise4j/map/generator/room/AbstractRoomGenerator.java	200	df8b5c32a062ec33
member	com.github.czyzby.noise4j.map.generator.room.AbstractRoomGenerator$Room#getHeight()	sge.noise.generator.room.AbstractRoomGenerator$Room#getHeight()	Renamed	-	com/github/czyzby/noise4j/map/generator/room/AbstractRoomGenerator.java	231	c7b5edb7e773b6b9
member	com.github.czyzby.noise4j.map.generator.room.AbstractRoomGenerator$Room#getWidth()	sge.noise.generator.room.AbstractRoomGenerator$Room#getWidth()	Renamed	-	com/github/czyzby/noise4j/map/generator/room/AbstractRoomGenerator.java	226	c17c8f21f113971b
member	com.github.czyzby.noise4j.map.generator.room.AbstractRoomGenerator$Room#getX()	sge.noise.generator.room.AbstractRoomGenerator$Room#getX()	Renamed	-	com/github/czyzby/noise4j/map/generator/room/AbstractRoomGenerator.java	216	bea08cd9714eec0b
member	com.github.czyzby.noise4j.map.generator.room.AbstractRoomGenerator$Room#getY()	sge.noise.generator.room.AbstractRoomGenerator$Room#getY()	Renamed	-	com/github/czyzby/noise4j/map/generator/room/AbstractRoomGenerator.java	221	7573b05132dd7af1
member	com.github.czyzby.noise4j.map.generator.room.AbstractRoomGenerator$Room#height	sge.noise.generator.room.AbstractRoomGenerator$Room#height	Renamed	-	com/github/czyzby/noise4j/map/generator/room/AbstractRoomGenerator.java	173	212557026960fe60
member	com.github.czyzby.noise4j.map.generator.room.AbstractRoomGenerator$Room#isBorder(int,int)	sge.noise.generator.room.AbstractRoomGenerator$Room#isBorder(int,int)	Renamed	-	com/github/czyzby/noise4j/map/generator/room/AbstractRoomGenerator.java	211	41ae7795ae7fe6c9
member	com.github.czyzby.noise4j.map.generator.room.AbstractRoomGenerator$Room#overlaps(Room)	sge.noise.generator.room.AbstractRoomGenerator$Room#overlaps(Room)	Renamed	-	com/github/czyzby/noise4j/map/generator/room/AbstractRoomGenerator.java	184	0db007ee48c51fa3
member	com.github.czyzby.noise4j.map.generator.room.AbstractRoomGenerator$Room#toString()	sge.noise.generator.room.AbstractRoomGenerator$Room#toString()	Renamed	-	com/github/czyzby/noise4j/map/generator/room/AbstractRoomGenerator.java	236	a7f519bee87854f1
member	com.github.czyzby.noise4j.map.generator.room.AbstractRoomGenerator$Room#width	sge.noise.generator.room.AbstractRoomGenerator$Room#width	Renamed	-	com/github/czyzby/noise4j/map/generator/room/AbstractRoomGenerator.java	173	25023f4356662e64
member	com.github.czyzby.noise4j.map.generator.room.AbstractRoomGenerator$Room#x	sge.noise.generator.room.AbstractRoomGenerator$Room#x	Renamed	-	com/github/czyzby/noise4j/map/generator/room/AbstractRoomGenerator.java	172	a467ba530b98b8fb
member	com.github.czyzby.noise4j.map.generator.room.AbstractRoomGenerator$Room#y	sge.noise.generator.room.AbstractRoomGenerator$Room#y	Renamed	-	com/github/czyzby/noise4j/map/generator/room/AbstractRoomGenerator.java	172	65a2e00a4ebadcad
member	com.github.czyzby.noise4j.map.generator.room.RoomType#carve(Room,Grid,float)	sge.noise.generator.room.RoomType#carve(Room,Grid,float)	Renamed	-	com/github/czyzby/noise4j/map/generator/room/RoomType.java	21	39e5be00260d940e
member	com.github.czyzby.noise4j.map.generator.room.RoomType#isValid(Room)	sge.noise.generator.room.RoomType#isValid(Room)	Renamed	-	com/github/czyzby/noise4j/map/generator/room/RoomType.java	26	d5151fa0f61087fc
member	com.github.czyzby.noise4j.map.generator.room.RoomType$DefaultRoomType#isValid(Room)	sge.noise.generator.room.RoomType$DefaultRoomType#isValid(Room)	Renamed	-	com/github/czyzby/noise4j/map/generator/room/RoomType.java	177	4bbd6b129a1f2434
member	com.github.czyzby.noise4j.map.generator.room.RoomType$Interceptor#<stmt1>	sge.noise.generator.room.RoomType$Interceptor#<stmt1>	Renamed	-	com/github/czyzby/noise4j/map/generator/room/RoomType.java	40	3cee554c1a79c2d4
member	com.github.czyzby.noise4j.map.generator.room.RoomType$Interceptor#<stmt2>	sge.noise.generator.room.RoomType$Interceptor#<stmt2>	Renamed	-	com/github/czyzby/noise4j/map/generator/room/RoomType.java	41	9745ab4ce578f73b
member	com.github.czyzby.noise4j.map.generator.room.RoomType$Interceptor#carve(Room,Grid,float)	sge.noise.generator.room.RoomType$Interceptor#carve(Room,Grid,float)	Renamed	-	com/github/czyzby/noise4j/map/generator/room/RoomType.java	45	c525deef8b0d2329
member	com.github.czyzby.noise4j.map.generator.room.RoomType$Interceptor#isValid(Room)	sge.noise.generator.room.RoomType$Interceptor#isValid(Room)	Renamed	-	com/github/czyzby/noise4j/map/generator/room/RoomType.java	50	5587be9f4037e222
member	com.github.czyzby.noise4j.map.generator.room.RoomType$Interceptor#type	sge.noise.generator.room.RoomType$Interceptor#type	Renamed	-	com/github/czyzby/noise4j/map/generator/room/RoomType.java	34	2ad32afb6b8127fc
member	com.github.czyzby.noise4j.map.generator.room.RoomType$Interceptor#value	sge.noise.generator.room.RoomType$Interceptor#value	Renamed	-	com/github/czyzby/noise4j/map/generator/room/RoomType.java	35	3a078df4919d4c90
member	com.github.czyzby.noise4j.map.generator.room.dungeon.DungeonGenerator#INSTANCE	sge.noise.generator.room.dungeon.DungeonGenerator#INSTANCE	Renamed	-	com/github/czyzby/noise4j/map/generator/room/dungeon/DungeonGenerator.java	61	0bd99f8525d0f117
member	com.github.czyzby.noise4j.map.generator.room.dungeon.DungeonGenerator#addConnector(Grid,Map,int,int)	sge.noise.generator.room.dungeon.DungeonGenerator#addConnector(Grid,Map<Point,Set<Integer>>,int,int)	Renamed	-	com/github/czyzby/noise4j/map/generator/room/dungeon/DungeonGenerator.java	344	86bbf52d7e9acf51
member	com.github.czyzby.noise4j.map.generator.room.dungeon.DungeonGenerator#carveConnector(Grid,int,int)	sge.noise.generator.room.dungeon.DungeonGenerator#carveConnector(Grid,int,int)	Renamed	-	com/github/czyzby/noise4j/map/generator/room/dungeon/DungeonGenerator.java	322	26851deab6f8ec61
member	com.github.czyzby.noise4j.map.generator.room.dungeon.DungeonGenerator#carveCorridor(Grid,Point)	sge.noise.generator.room.dungeon.DungeonGenerator#carveCorridor(Grid,Point)	Renamed	-	com/github/czyzby/noise4j/map/generator/room/dungeon/DungeonGenerator.java	231	2b11461332717e8d
member	com.github.czyzby.noise4j.map.generator.room.dungeon.DungeonGenerator#carveMaze(Grid,Point)	sge.noise.generator.room.dungeon.DungeonGenerator#carveMaze(Grid,Point)	Renamed	-	com/github/czyzby/noise4j/map/generator/room/dungeon/DungeonGenerator.java	193	83ebfb1797a4386f
member	com.github.czyzby.noise4j.map.generator.room.dungeon.DungeonGenerator#corridorThreshold	sge.noise.generator.room.dungeon.DungeonGenerator#corridorThreshold	Renamed	-	com/github/czyzby/noise4j/map/generator/room/dungeon/DungeonGenerator.java	67	b097c1184d687531
member	com.github.czyzby.noise4j.map.generator.room.dungeon.DungeonGenerator#currentRegion	sge.noise.generator.room.dungeon.DungeonGenerator#currentRegion	Renamed	-	com/github/czyzby/noise4j/map/generator/room/dungeon/DungeonGenerator.java	76	2de5aeaa56f1b3b4
member	com.github.czyzby.noise4j.map.generator.room.dungeon.DungeonGenerator#deadEndRemovalIterations	sge.noise.generator.room.dungeon.DungeonGenerator#deadEndRemovalIterations	Renamed	-	com/github/czyzby/noise4j/map/generator/room/dungeon/DungeonGenerator.java	70	2495252856ca9dd7
member	com.github.czyzby.noise4j.map.generator.room.dungeon.DungeonGenerator#directions	sge.noise.generator.room.dungeon.DungeonGenerator#directions	Renamed	-	com/github/czyzby/noise4j/map/generator/room/dungeon/DungeonGenerator.java	74	3e1bc9f3ee841ac6
member	com.github.czyzby.noise4j.map.generator.room.dungeon.DungeonGenerator#findConnectors(Grid)	sge.noise.generator.room.dungeon.DungeonGenerator#findConnectors(Grid)	Renamed	-	com/github/czyzby/noise4j/map/generator/room/dungeon/DungeonGenerator.java	330	17a160281911e27e
member	com.github.czyzby.noise4j.map.generator.room.dungeon.DungeonGenerator#findDeadEndNeighbor(Grid,Point)	sge.noise.generator.room.dungeon.DungeonGenerator#findDeadEndNeighbor(Grid,Point)	Renamed	-	com/github/czyzby/noise4j/map/generator/room/dungeon/DungeonGenerator.java	416	9b28c1487148403a
member	com.github.czyzby.noise4j.map.generator.room.dungeon.DungeonGenerator#floorThreshold	sge.noise.generator.room.dungeon.DungeonGenerator#floorThreshold	Renamed	-	com/github/czyzby/noise4j/map/generator/room/dungeon/DungeonGenerator.java	66	5d52ecf916c87d41
member	com.github.czyzby.noise4j.map.generator.room.dungeon.DungeonGenerator#generate(Grid)	sge.noise.generator.room.dungeon.DungeonGenerator#generate(Grid)	Renamed	-	com/github/czyzby/noise4j/map/generator/room/dungeon/DungeonGenerator.java	99	a40077b0b9eb8db5
member	com.github.czyzby.noise4j.map.generator.room.dungeon.DungeonGenerator#generate(Grid,int)	sge.noise.generator.room.dungeon.DungeonGenerator#generate(Grid,int)	Renamed	-	com/github/czyzby/noise4j/map/generator/room/dungeon/DungeonGenerator.java	84	b95841e11c0354e1
member	com.github.czyzby.noise4j.map.generator.room.dungeon.DungeonGenerator#getCorridorThreshold()	sge.noise.generator.room.dungeon.DungeonGenerator#getCorridorThreshold()	Renamed	-	com/github/czyzby/noise4j/map/generator/room/dungeon/DungeonGenerator.java	507	484b8340025c3de3
member	com.github.czyzby.noise4j.map.generator.room.dungeon.DungeonGenerator#getDeadEndRemovalIterations()	sge.noise.generator.room.dungeon.DungeonGenerator#getDeadEndRemovalIterations()	Renamed	-	com/github/czyzby/noise4j/map/generator/room/dungeon/DungeonGenerator.java	547	22aaea6dbc93c386
member	com.github.czyzby.noise4j.map.generator.room.dungeon.DungeonGenerator#getDefaultRoomsAmount(Grid)	sge.noise.generator.room.dungeon.DungeonGenerator#getDefaultRoomsAmount(Grid)	Renamed	-	com/github/czyzby/noise4j/map/generator/room/dungeon/DungeonGenerator.java	139	6709da7eb8d29a34
member	com.github.czyzby.noise4j.map.generator.room.dungeon.DungeonGenerator#getDestinations(Set,Iterator,Array)	sge.noise.generator.room.dungeon.DungeonGenerator#getDestinations(Set<Integer>,Iterator<Integer>,Array<Integer>)	Renamed	-	com/github/czyzby/noise4j/map/generator/room/dungeon/DungeonGenerator.java	365	be67b89bc27c0ae2
member	com.github.czyzby.noise4j.map.generator.room.dungeon.DungeonGenerator#getFloorThreshold()	sge.noise.generator.room.dungeon.DungeonGenerator#getFloorThreshold()	Renamed	-	com/github/czyzby/noise4j/map/generator/room/dungeon/DungeonGenerator.java	496	9f8eb044097106dd
member	com.github.czyzby.noise4j.map.generator.room.dungeon.DungeonGenerator#getInstance()	sge.noise.generator.room.dungeon.DungeonGenerator#getInstance()	Renamed	-	com/github/czyzby/noise4j/map/generator/room/dungeon/DungeonGenerator.java	91	c36123fa41087194
member	com.github.czyzby.noise4j.map.generator.room.dungeon.DungeonGenerator#getRandomConnectorChance()	sge.noise.generator.room.dungeon.DungeonGenerator#getRandomConnectorChance()	Renamed	-	com/github/czyzby/noise4j/map/generator/room/dungeon/DungeonGenerator.java	532	435cbaf32dc48651
member	com.github.czyzby.noise4j.map.generator.room.dungeon.DungeonGenerator#getRegion(int,int)	sge.noise.generator.room.dungeon.DungeonGenerator#getRegion(int,int)	Renamed	-	com/github/czyzby/noise4j/map/generator/room/dungeon/DungeonGenerator.java	378	aa12360c56ec10b3
member	com.github.czyzby.noise4j.map.generator.room.dungeon.DungeonGenerator#getRoomGenerationAttempts()	sge.noise.generator.room.dungeon.DungeonGenerator#getRoomGenerationAttempts()	Renamed	-	com/github/czyzby/noise4j/map/generator/room/dungeon/DungeonGenerator.java	474	45495af2a7e40124
member	com.github.czyzby.noise4j.map.generator.room.dungeon.DungeonGenerator#getWallThreshold()	sge.noise.generator.room.dungeon.DungeonGenerator#getWallThreshold()	Renamed	-	com/github/czyzby/noise4j/map/generator/room/dungeon/DungeonGenerator.java	485	9c4fa47a3d8848df
member	com.github.czyzby.noise4j.map.generator.room.dungeon.DungeonGenerator#getWindingChance()	sge.noise.generator.room.dungeon.DungeonGenerator#getWindingChance()	Renamed	-	com/github/czyzby/noise4j/map/generator/room/dungeon/DungeonGenerator.java	518	f8eef39dbb6b9f3c
member	com.github.czyzby.noise4j.map.generator.room.dungeon.DungeonGenerator#isCarveable(Grid,int,int)	sge.noise.generator.room.dungeon.DungeonGenerator#isCarveable(Grid,int,int)	Renamed	-	com/github/czyzby/noise4j/map/generator/room/dungeon/DungeonGenerator.java	250	d5905d8108faa017
member	com.github.czyzby.noise4j.map.generator.room.dungeon.DungeonGenerator#isCarveable(Point,Grid,Direction)	sge.noise.generator.room.dungeon.DungeonGenerator#isCarveable(Point,Grid,Direction)	Renamed	-	com/github/czyzby/noise4j/map/generator/room/dungeon/DungeonGenerator.java	239	607e079da9a0ecd5
member	com.github.czyzby.noise4j.map.generator.room.dungeon.DungeonGenerator#isCorridor(int,int)	sge.noise.generator.room.dungeon.DungeonGenerator#isCorridor(int,int)	Renamed	-	com/github/czyzby/noise4j/map/generator/room/dungeon/DungeonGenerator.java	453	1b2ab15bea1e7fee
member	com.github.czyzby.noise4j.map.generator.room.dungeon.DungeonGenerator#isDeadEnd(Grid,int,int)	sge.noise.generator.room.dungeon.DungeonGenerator#isDeadEnd(Grid,int,int)	Renamed	-	com/github/czyzby/noise4j/map/generator/room/dungeon/DungeonGenerator.java	432	fecba4ac7f2aa7a3
member	com.github.czyzby.noise4j.map.generator.room.dungeon.DungeonGenerator#isWall(Grid,int,int)	sge.noise.generator.room.dungeon.DungeonGenerator#isWall(Grid,int,int)	Renamed	-	com/github/czyzby/noise4j/map/generator/room/dungeon/DungeonGenerator.java	187	6162b622ba976b65
member	com.github.czyzby.noise4j.map.generator.room.dungeon.DungeonGenerator#joinRegions(Grid)	sge.noise.generator.room.dungeon.DungeonGenerator#joinRegions(Grid)	Renamed	-	com/github/czyzby/noise4j/map/generator/room/dungeon/DungeonGenerator.java	258	c558d3dfbceba606
member	com.github.czyzby.noise4j.map.generator.room.dungeon.DungeonGenerator#lastRoomRegion	sge.noise.generator.room.dungeon.DungeonGenerator#lastRoomRegion	Renamed	-	com/github/czyzby/noise4j/map/generator/room/dungeon/DungeonGenerator.java	77	9f7b5c03321adf4f
member	com.github.czyzby.noise4j.map.generator.room.dungeon.DungeonGenerator#nextRegion()	sge.noise.generator.room.dungeon.DungeonGenerator#nextRegion()	Renamed	-	com/github/czyzby/noise4j/map/generator/room/dungeon/DungeonGenerator.java	126	e84345d0df2f9ef0
member	com.github.czyzby.noise4j.map.generator.room.dungeon.DungeonGenerator#normalizePosition(int)	sge.noise.generator.room.dungeon.DungeonGenerator#normalizePosition(int)	Renamed	-	com/github/czyzby/noise4j/map/generator/room/dungeon/DungeonGenerator.java	458	68e2dbb8c23ea3e1
member	com.github.czyzby.noise4j.map.generator.room.dungeon.DungeonGenerator#normalizeSize(int)	sge.noise.generator.room.dungeon.DungeonGenerator#normalizeSize(int)	Renamed	-	com/github/czyzby/noise4j/map/generator/room/dungeon/DungeonGenerator.java	466	5d4c57509603bc91
member	com.github.czyzby.noise4j.map.generator.room.dungeon.DungeonGenerator#overlapsAny(Room)	sge.noise.generator.room.dungeon.DungeonGenerator#overlapsAny(Room)	Renamed	-	com/github/czyzby/noise4j/map/generator/room/dungeon/DungeonGenerator.java	163	c0b2fb90054316f5
member	com.github.czyzby.noise4j.map.generator.room.dungeon.DungeonGenerator#randomConnectorChance	sge.noise.generator.room.dungeon.DungeonGenerator#randomConnectorChance	Renamed	-	com/github/czyzby/noise4j/map/generator/room/dungeon/DungeonGenerator.java	69	d4e3d7a189b81af9
member	com.github.czyzby.noise4j.map.generator.room.dungeon.DungeonGenerator#regions	sge.noise.generator.room.dungeon.DungeonGenerator#regions	Renamed	-	com/github/czyzby/noise4j/map/generator/room/dungeon/DungeonGenerator.java	75	401f73da1fe45fa6
member	com.github.czyzby.noise4j.map.generator.room.dungeon.DungeonGenerator#removeDeadEnds(Grid)	sge.noise.generator.room.dungeon.DungeonGenerator#removeDeadEnds(Grid)	Renamed	-	com/github/czyzby/noise4j/map/generator/room/dungeon/DungeonGenerator.java	386	32f9c79b50989a2a
member	com.github.czyzby.noise4j.map.generator.room.dungeon.DungeonGenerator#reset()	sge.noise.generator.room.dungeon.DungeonGenerator#reset()	Renamed	-	com/github/czyzby/noise4j/map/generator/room/dungeon/DungeonGenerator.java	118	a35ad55b265ece46
member	com.github.czyzby.noise4j.map.generator.room.dungeon.DungeonGenerator#roomGenerationAttempts	sge.noise.generator.room.dungeon.DungeonGenerator#roomGenerationAttempts	Renamed	-	com/github/czyzby/noise4j/map/generator/room/dungeon/DungeonGenerator.java	64	c0fc61f99d3decd9
member	com.github.czyzby.noise4j.map.generator.room.dungeon.DungeonGenerator#rooms	sge.noise.generator.room.dungeon.DungeonGenerator#rooms	Renamed	-	com/github/czyzby/noise4j/map/generator/room/dungeon/DungeonGenerator.java	73	ea23b5b87b637baa
member	com.github.czyzby.noise4j.map.generator.room.dungeon.DungeonGenerator#setCorridorThreshold(float)	sge.noise.generator.room.dungeon.DungeonGenerator#setCorridorThreshold(float)	Renamed	-	com/github/czyzby/noise4j/map/generator/room/dungeon/DungeonGenerator.java	513	7fa13608036cd3a7
member	com.github.czyzby.noise4j.map.generator.room.dungeon.DungeonGenerator#setDeadEndRemovalIterations(int)	sge.noise.generator.room.dungeon.DungeonGenerator#setDeadEndRemovalIterations(int)	Renamed	-	com/github/czyzby/noise4j/map/generator/room/dungeon/DungeonGenerator.java	559	966bf54ab415b537
member	com.github.czyzby.noise4j.map.generator.room.dungeon.DungeonGenerator#setFloorThreshold(float)	sge.noise.generator.room.dungeon.DungeonGenerator#setFloorThreshold(float)	Renamed	-	com/github/czyzby/noise4j/map/generator/room/dungeon/DungeonGenerator.java	502	f187248bce74a052
member	com.github.czyzby.noise4j.map.generator.room.dungeon.DungeonGenerator#setRandomConnectorChance(float)	sge.noise.generator.room.dungeon.DungeonGenerator#setRandomConnectorChance(float)	Renamed	-	com/github/czyzby/noise4j/map/generator/room/dungeon/DungeonGenerator.java	542	99cff384ce506a08
member	com.github.czyzby.noise4j.map.generator.room.dungeon.DungeonGenerator#setRoomGenerationAttempts(int)	sge.noise.generator.room.dungeon.DungeonGenerator#setRoomGenerationAttempts(int)	Renamed	-	com/github/czyzby/noise4j/map/generator/room/dungeon/DungeonGenerator.java	480	3b34996440f62688
member	com.github.czyzby.noise4j.map.generator.room.dungeon.DungeonGenerator#setWallThreshold(float)	sge.noise.generator.room.dungeon.DungeonGenerator#setWallThreshold(float)	Renamed	-	com/github/czyzby/noise4j/map/generator/room/dungeon/DungeonGenerator.java	491	5c2728265f304c49
member	com.github.czyzby.noise4j.map.generator.room.dungeon.DungeonGenerator#setWindingChance(float)	sge.noise.generator.room.dungeon.DungeonGenerator#setWindingChance(float)	Renamed	-	com/github/czyzby/noise4j/map/generator/room/dungeon/DungeonGenerator.java	527	b067c3b816341dba
member	com.github.czyzby.noise4j.map.generator.room.dungeon.DungeonGenerator#spawnCorridors(Grid)	sge.noise.generator.room.dungeon.DungeonGenerator#spawnCorridors(Grid)	Renamed	-	com/github/czyzby/noise4j/map/generator/room/dungeon/DungeonGenerator.java	173	2c717113d854fef0
member	com.github.czyzby.noise4j.map.generator.room.dungeon.DungeonGenerator#spawnRooms(Grid,int)	sge.noise.generator.room.dungeon.DungeonGenerator#spawnRooms(Grid,int)	Renamed	-	com/github/czyzby/noise4j/map/generator/room/dungeon/DungeonGenerator.java	145	da461cd631737eb9
member	com.github.czyzby.noise4j.map.generator.room.dungeon.DungeonGenerator#validateRoomSizes()	sge.noise.generator.room.dungeon.DungeonGenerator#validateRoomSizes()	Renamed	-	com/github/czyzby/noise4j/map/generator/room/dungeon/DungeonGenerator.java	131	5c2705fbe1d5e52e
member	com.github.czyzby.noise4j.map.generator.room.dungeon.DungeonGenerator#wallThreshold	sge.noise.generator.room.dungeon.DungeonGenerator#wallThreshold	Renamed	-	com/github/czyzby/noise4j/map/generator/room/dungeon/DungeonGenerator.java	65	f19704962b2a3a8a
member	com.github.czyzby.noise4j.map.generator.room.dungeon.DungeonGenerator#windingChance	sge.noise.generator.room.dungeon.DungeonGenerator#windingChance	Renamed	-	com/github/czyzby/noise4j/map/generator/room/dungeon/DungeonGenerator.java	68	4ad0816bd767e271
member	com.github.czyzby.noise4j.map.generator.room.dungeon.DungeonGenerator$Direction#next(Point)	sge.noise.generator.room.dungeon.DungeonGenerator$Direction#next(Point)	Renamed	-	com/github/czyzby/noise4j/map/generator/room/dungeon/DungeonGenerator.java	665	29463ccf218b8216
member	com.github.czyzby.noise4j.map.generator.room.dungeon.DungeonGenerator$Direction#nextX(int)	sge.noise.generator.room.dungeon.DungeonGenerator$Direction#nextX(int)	Renamed	-	com/github/czyzby/noise4j/map/generator/room/dungeon/DungeonGenerator.java	669	30164defff835d53
member	com.github.czyzby.noise4j.map.generator.room.dungeon.DungeonGenerator$Direction#nextX(int,int)	sge.noise.generator.room.dungeon.DungeonGenerator$Direction#nextX(int,int)	Renamed	-	com/github/czyzby/noise4j/map/generator/room/dungeon/DungeonGenerator.java	682	314f023733447fb4
member	com.github.czyzby.noise4j.map.generator.room.dungeon.DungeonGenerator$Direction#nextY(int)	sge.noise.generator.room.dungeon.DungeonGenerator$Direction#nextY(int)	Renamed	-	com/github/czyzby/noise4j/map/generator/room/dungeon/DungeonGenerator.java	675	05d250bb2a87b5da
member	com.github.czyzby.noise4j.map.generator.room.dungeon.DungeonGenerator$Direction#nextY(int,int)	sge.noise.generator.room.dungeon.DungeonGenerator$Direction#nextY(int,int)	Renamed	-	com/github/czyzby/noise4j/map/generator/room/dungeon/DungeonGenerator.java	689	965cc5c51e3a79d4
member	com.github.czyzby.noise4j.map.generator.room.dungeon.DungeonGenerator$Point#<stmt1>	sge.noise.generator.room.dungeon.DungeonGenerator$Point#<stmt1>	Renamed	-	com/github/czyzby/noise4j/map/generator/room/dungeon/DungeonGenerator.java	572	641f32ef44d4e806
member	com.github.czyzby.noise4j.map.generator.room.dungeon.DungeonGenerator$Point#<stmt2>	sge.noise.generator.room.dungeon.DungeonGenerator$Point#<stmt2>	Renamed	-	com/github/czyzby/noise4j/map/generator/room/dungeon/DungeonGenerator.java	573	6dfd60fd71d2e8c6
member	com.github.czyzby.noise4j.map.generator.room.dungeon.DungeonGenerator$Point#equals(Any)	sge.noise.generator.room.dungeon.DungeonGenerator$Point#equals(Any)	Renamed	-	com/github/czyzby/noise4j/map/generator/room/dungeon/DungeonGenerator.java	599	2bb71fec483b99fe
member	com.github.czyzby.noise4j.map.generator.room.dungeon.DungeonGenerator$Point#hashCode()	sge.noise.generator.room.dungeon.DungeonGenerator$Point#hashCode()	Renamed	-	com/github/czyzby/noise4j/map/generator/room/dungeon/DungeonGenerator.java	604	4d02e1860d55df19
member	com.github.czyzby.noise4j.map.generator.room.dungeon.DungeonGenerator$Point#isNeighbor(Point)	sge.noise.generator.room.dungeon.DungeonGenerator$Point#isNeighbor(Point)	Renamed	-	com/github/czyzby/noise4j/map/generator/room/dungeon/DungeonGenerator.java	578	5f13c507f1073cf0
member	com.github.czyzby.noise4j.map.generator.room.dungeon.DungeonGenerator$Point#toString()	sge.noise.generator.room.dungeon.DungeonGenerator$Point#toString()	Renamed	-	com/github/czyzby/noise4j/map/generator/room/dungeon/DungeonGenerator.java	609	6dea0a90098cdf3e
member	com.github.czyzby.noise4j.map.generator.room.dungeon.DungeonGenerator$Point#x	sge.noise.generator.room.dungeon.DungeonGenerator$Point#x	Renamed	-	com/github/czyzby/noise4j/map/generator/room/dungeon/DungeonGenerator.java	569	1b750b8326d97432
member	com.github.czyzby.noise4j.map.generator.room.dungeon.DungeonGenerator$Point#x()	sge.noise.generator.room.dungeon.DungeonGenerator$Point#x()	Renamed	-	com/github/czyzby/noise4j/map/generator/room/dungeon/DungeonGenerator.java	589	caaf8e4ada6fd118
member	com.github.czyzby.noise4j.map.generator.room.dungeon.DungeonGenerator$Point#y	sge.noise.generator.room.dungeon.DungeonGenerator$Point#y	Renamed	-	com/github/czyzby/noise4j/map/generator/room/dungeon/DungeonGenerator.java	569	87b9f055f1e6ac37
member	com.github.czyzby.noise4j.map.generator.room.dungeon.DungeonGenerator$Point#y()	sge.noise.generator.room.dungeon.DungeonGenerator$Point#y()	Renamed	-	com/github/czyzby/noise4j/map/generator/room/dungeon/DungeonGenerator.java	594	e0e3993ca226f638
member	com.github.czyzby.noise4j.map.generator.util.Generators#CALCULATOR	sge.noise.generator.util.Generators#CALCULATOR	Renamed	-	com/github/czyzby/noise4j/map/generator/util/Generators.java	39	d44a70aff3be8a42
member	com.github.czyzby.noise4j.map.generator.util.Generators#DEFAULT_SEED_BIT_LENGTH	sge.noise.generator.util.Generators#DEFAULT_SEED_BIT_LENGTH	Renamed	-	com/github/czyzby/noise4j/map/generator/util/Generators.java	36	959326538a201309
member	com.github.czyzby.noise4j.map.generator.util.Generators#RANDOM	sge.noise.generator.util.Generators#RANDOM	Renamed	-	com/github/czyzby/noise4j/map/generator/util/Generators.java	38	a9bd7b1ed0093487
member	com.github.czyzby.noise4j.map.generator.util.Generators#getCalculator()	sge.noise.generator.util.Generators#getCalculator()	Renamed	-	com/github/czyzby/noise4j/map/generator/util/Generators.java	61	a4201ddf19f74d0e
member	com.github.czyzby.noise4j.map.generator.util.Generators#getRandom()	sge.noise.generator.util.Generators#getRandom()	Renamed	-	com/github/czyzby/noise4j/map/generator/util/Generators.java	46	d28bb8f0bf40237a
member	com.github.czyzby.noise4j.map.generator.util.Generators#randomElement(List)	sge.noise.generator.util.Generators#randomElement(List<Type>)	Renamed	-	com/github/czyzby/noise4j/map/generator/util/Generators.java	106	15b64f7f2ee66f96
member	com.github.czyzby.noise4j.map.generator.util.Generators#randomIndex(List)	sge.noise.generator.util.Generators#randomIndex(List<?>)	Renamed	-	com/github/czyzby/noise4j/map/generator/util/Generators.java	112	f2b1cc9714dede0b
member	com.github.czyzby.noise4j.map.generator.util.Generators#randomInt(int,int)	sge.noise.generator.util.Generators#randomInt(int,int)	Renamed	-	com/github/czyzby/noise4j/map/generator/util/Generators.java	99	8aba6d5eee1c327a
member	com.github.czyzby.noise4j.map.generator.util.Generators#randomPercent()	sge.noise.generator.util.Generators#randomPercent()	Renamed	-	com/github/czyzby/noise4j/map/generator/util/Generators.java	117	990ec94a7c96300d
member	com.github.czyzby.noise4j.map.generator.util.Generators#rollSeed()	sge.noise.generator.util.Generators#rollSeed()	Renamed	-	com/github/czyzby/noise4j/map/generator/util/Generators.java	85	ccb7106574d81da0
member	com.github.czyzby.noise4j.map.generator.util.Generators#rollSeed(int)	sge.noise.generator.util.Generators#rollSeed(int)	Renamed	-	com/github/czyzby/noise4j/map/generator/util/Generators.java	92	73ea24c4bd259a71
member	com.github.czyzby.noise4j.map.generator.util.Generators#setCalculator(Calculator)	sge.noise.generator.util.Generators#setCalculator(Calculator)	Renamed	-	com/github/czyzby/noise4j/map/generator/util/Generators.java	79	c81677e0e719445e
member	com.github.czyzby.noise4j.map.generator.util.Generators#setRandom(Random)	sge.noise.generator.util.Generators#setRandom(Random)	Renamed	-	com/github/czyzby/noise4j/map/generator/util/Generators.java	56	e0ee22517cbf1d21
member	com.github.czyzby.noise4j.map.generator.util.Generators#shuffle(List)	sge.noise.generator.util.Generators#shuffle(List<Type>)	Renamed	-	com/github/czyzby/noise4j/map/generator/util/Generators.java	127	f854558288c9a7b2
member	com.github.czyzby.noise4j.map.generator.util.Generators$Calculator#cos(float)	sge.noise.generator.util.Generators$Calculator#cos(float)	Renamed	-	com/github/czyzby/noise4j/map/generator/util/Generators.java	155	10a92364fbea372d
member	com.github.czyzby.noise4j.map.generator.util.Generators$Calculator#sin(float)	sge.noise.generator.util.Generators$Calculator#sin(float)	Renamed	-	com/github/czyzby/noise4j/map/generator/util/Generators.java	150	be1a0ec7a1cd0d1c
