#module	kind	subject	java_says	hand_port_says	evidence	status	spelling	decided_by
sge-ecs	addition	#SystemListener	not present			not-a-divergence	census artefact	div-systemlistener
sge-ecs	addition	#Type	not present			not-a-divergence	census artefact	div-bag
sge-ecs	addition	#Type	not present			not-a-divergence	census artefact	div-bag
sge-ecs	addition	#clear	not present			not-a-divergence	census artefact	div-bag
sge-ecs	addition	#contains	not present			not-a-divergence	census artefact	div-bag
sge-ecs	addition	#data	not present			not-a-divergence	census artefact	div-bag
sge-ecs	addition	#entity	not present			not-a-divergence	census artefact	div-bag
sge-ecs	addition	#get	not present			not-a-divergence	census artefact	div-bag
sge-ecs	addition	#getCapacity	not present			not-a-divergence	census artefact	div-bag
sge-ecs	addition	#initialCapacity	not present			not-a-divergence	none: census artefact — empty owner; Pool class-to-trait override	divergence-investigator
sge-ecs	addition	#initialCapacity	not present			not-a-divergence	none: census artefact — empty owner; Pool class-to-trait override	divergence-investigator
sge-ecs	addition	#isEmpty	not present			not-a-divergence	census artefact	div-bag
sge-ecs	addition	#isIndexWithinBounds	not present			not-a-divergence	census artefact	div-bag
sge-ecs	addition	#k	not present			not-a-divergence	census artefact	div-bag
sge-ecs	addition	#len	not present			not-a-divergence	census artefact	div-bag
sge-ecs	addition	#max	not present			not-a-divergence	none: census artefact — empty owner; Pool class-to-trait override	divergence-investigator
sge-ecs	addition	#max	not present			not-a-divergence	none: census artefact — empty owner; Pool class-to-trait override	divergence-investigator
sge-ecs	addition	#newCapacity	not present			not-a-divergence	census artefact	div-bag
sge-ecs	addition	#newObject	not present			not-a-divergence	none: census artefact — owner mismatch (nested static vs top-level private class); api-parity should match by declaring class	divergence-investigator
sge-ecs	addition	#newObject	not present			not-a-divergence	none: census artefact — owner mismatch (nested static vs top-level private class); api-parity should match by declaring class	divergence-investigator
sge-ecs	addition	#oldData	not present			not-a-divergence	census artefact	div-bag
sge-ecs	addition	#operationType	not present			not-a-divergence	census artefact	div-bag
sge-ecs	addition	#priority	not present			not-a-divergence	census artefact	div-bag
sge-ecs	addition	#removeLast	not present			not-a-divergence	census artefact	div-bag
sge-ecs	addition	#reset	not present			not-a-divergence	census artefact	div-bag
sge-ecs	addition	#set	not present			not-a-divergence	census artefact	div-bag
sge-ecs	addition	#size	not present			not-a-divergence	census artefact	div-bag
sge-ecs	addition	#sorted	not present			not-a-divergence	census artefact	div-bag
sge-ecs	addition	ComponentType#index	not present	val index/0 in reference port only [rename candidates: $prev]	Renames: `com.badlogic.ashley.core` -> `sge.ecs`|Convention: split packages|Idiom: mutable.HashMap instead of ObjectMap for Class keys|Idiom: mutable.BitSet instead of Bits	justified	(b) BeanCollapse idiom phase	div-accessor
sge-ecs	addition	Engine#componentFactories	not present	val componentFactories/0 in reference port only	Renames: `com.badlogic.ashley.core` -> `sge.ecs`|Convention: split packages|Idiom: Nullable[A] for createComponent return|Idiom: inner classes replaced by private methods/lambdas|Idiom: ComponentOperationHandler takes () => Boolean (not BooleanInformer trait)|Idiom: Listener[Entity] implemented via anonymous class	justified	(c) injection `ComponentFactories` + MethodBodyTransform on Engine#createComponent (already in AshleyMigrate)	divergence-investigator
sge-ecs	addition	Engine#registerComponentFactory	not present	def registerComponentFactory/2 in reference port only [rename candidates: addEntityListener, addEntityListener, receive]	Renames: `com.badlogic.ashley.core` -> `sge.ecs`|Convention: split packages|Idiom: Nullable[A] for createComponent return|Idiom: inner classes replaced by private methods/lambdas|Idiom: ComponentOperationHandler takes () => Boolean (not BooleanInformer trait)|Idiom: Listener[Entity] implemented via anonymous class	justified	(c) library-specific injection	div-pooledengine
sge-ecs	addition	EntitySystem#engine	not present	def engine/0 in reference port only [rename candidates: checkProcessing, getEngine]	Renames: `com.badlogic.ashley.core` -> `sge.ecs`|Convention: split packages|Idiom: Nullable[Engine] for engine reference (set/cleared by Engine)|Idiom: processing as public var (replaces get/set pair)	justified	(b) accessor idiom	div-accessor
sge-ecs	addition	Family#index	not present	val index/0 in reference port only [rename candidates: $prev]	Renames: `com.badlogic.ashley.core` -> `sge.ecs`|Convention: split packages|Idiom: mutable.BitSet instead of Bits|Idiom: mutable.HashMap instead of ObjectMap for cache	justified	(b) BeanCollapse idiom phase	div-accessor
sge-ecs	addition	Family$#sb	not present	val sb/0 in reference port only [rename candidates: numBits, stringBuilder, stringBuilder]	Renames: `com.badlogic.ashley.core` -> `sge.ecs`|Convention: split packages|Idiom: mutable.BitSet instead of Bits|Idiom: mutable.HashMap instead of ObjectMap for cache	unjustified	none: hand-port defect	div-family
sge-ecs	addition	Family$#sb	not present	val sb/0 in reference port only [rename candidates: numBits, stringBuilder, stringBuilder]	Renames: `com.badlogic.ashley.core` -> `sge.ecs`|Convention: split packages|Idiom: mutable.BitSet instead of Bits|Idiom: mutable.HashMap instead of ObjectMap for cache	unjustified	none: hand-port defect	div-family
sge-ecs	addition	ImmutableArray#apply	not present	def apply/1 in reference port only [rename candidates: equals, get, toString]	Renames: `com.badlogic.ashley.utils` -> `sge.ecs.utils`|Convention: split packages|Idiom: wraps ArrayBuffer, implements Iterable[A]	justified	(b) injection or substitution for ImmutableArray	div-immutablearray
sge-ecs	addition	ImmutableArray#contains	not present	def contains/1 in reference port only [rename candidates: equals, get, toString]	Renames: `com.badlogic.ashley.utils` -> `sge.ecs.utils`|Convention: split packages|Idiom: wraps ArrayBuffer, implements Iterable[A]	justified	(b) injection or substitution for ImmutableArray	div-immutablearray
sge-ecs	addition	ImmutableArray#indexOf	not present	def indexOf/1 in reference port only [rename candidates: equals, get, toString]	Renames: `com.badlogic.ashley.utils` -> `sge.ecs.utils`|Convention: split packages|Idiom: wraps ArrayBuffer, implements Iterable[A]	justified	(b) injection or substitution for ImmutableArray	div-immutablearray
sge-ecs	addition	ImmutableArray#lastIndexOf	not present	def lastIndexOf/1 in reference port only [rename candidates: equals, get, toString]	Renames: `com.badlogic.ashley.utils` -> `sge.ecs.utils`|Convention: split packages|Idiom: wraps ArrayBuffer, implements Iterable[A]	justified	(b) injection or substitution for ImmutableArray	div-immutablearray
sge-ecs	addition	IntervalIteratingSystem#family	not present	val family/0 in reference port only	Renames: `com.badlogic.ashley.systems` -> `sge.ecs.systems`|Convention: split packages|Idiom: Nullable for entities field (set on addedToEngine)	unjustified	none: hand-port defect	div-mutability
sge-ecs	addition	IntervalIteratingSystem#getEntities	not present	def getEntities/0 in reference port only [rename candidates: endProcessing, entities, family, startProcessing, updateInterval]	Renames: `com.badlogic.ashley.systems` -> `sge.ecs.systems`|Convention: split packages|Idiom: Nullable for entities field (set on addedToEngine)	open		
sge-ecs	addition	IntervalSystem#interval	not present	val interval/0 in reference port only	Renames: `com.badlogic.ashley.systems` -> `sge.ecs.systems`|Convention: split packages	unjustified	none: hand-port defect	div-mutability
sge-ecs	addition	IteratingSystem#family	not present	val family/0 in reference port only	Renames: `com.badlogic.ashley.systems` -> `sge.ecs.systems`|Convention: split packages|Idiom: Nullable for entities field (cleared on removedFromEngine)	unjustified	none: hand-port defect	div-mutability
sge-ecs	addition	IteratingSystem#getEntities	not present	def getEntities/0 in reference port only [rename candidates: endProcessing, entities, family, startProcessing]	Renames: `com.badlogic.ashley.systems` -> `sge.ecs.systems`|Convention: split packages|Idiom: Nullable for entities field (cleared on removedFromEngine)	open		
sge-ecs	addition	PooledEngine#factory	not present	val factory/0 in reference port only [rename candidates: removed]	Renames: `com.badlogic.ashley.core` -> `sge.ecs`|Convention: split packages|Idiom: sge.utils.Pool trait instead of LibGDX Pool/ReflectionPool|Idiom: factory registry approach instead of ReflectionPool for components|Idiom: direct getDeclaredConstructor().newInstance() as reflection fallback|Idiom: HashMap[Class[?], Pool[?]] for component pools|Idiom: PooledEntity is a private inner class extending Entity and Pool.Poolable	justified	(c) library-specific injection	div-pooledengine
sge-ecs	addition	PooledEngine#initialCapacity	not present	val initialCapacity/0 in reference port only [rename candidates: removed]	Renames: `com.badlogic.ashley.core` -> `sge.ecs`|Convention: split packages|Idiom: sge.utils.Pool trait instead of LibGDX Pool/ReflectionPool|Idiom: factory registry approach instead of ReflectionPool for components|Idiom: direct getDeclaredConstructor().newInstance() as reflection fallback|Idiom: HashMap[Class[?], Pool[?]] for component pools|Idiom: PooledEntity is a private inner class extending Entity and Pool.Poolable	not-a-divergence	none: census artefact — Pool class-to-trait override	divergence-investigator
sge-ecs	addition	PooledEngine#initialCapacity	not present	val initialCapacity/0 in reference port only [rename candidates: removed]	Renames: `com.badlogic.ashley.core` -> `sge.ecs`|Convention: split packages|Idiom: sge.utils.Pool trait instead of LibGDX Pool/ReflectionPool|Idiom: factory registry approach instead of ReflectionPool for components|Idiom: direct getDeclaredConstructor().newInstance() as reflection fallback|Idiom: HashMap[Class[?], Pool[?]] for component pools|Idiom: PooledEntity is a private inner class extending Entity and Pool.Poolable	not-a-divergence	none: census artefact — Pool class-to-trait override	divergence-investigator
sge-ecs	addition	PooledEngine#max	not present	val max/0 in reference port only [rename candidates: removed]	Renames: `com.badlogic.ashley.core` -> `sge.ecs`|Convention: split packages|Idiom: sge.utils.Pool trait instead of LibGDX Pool/ReflectionPool|Idiom: factory registry approach instead of ReflectionPool for components|Idiom: direct getDeclaredConstructor().newInstance() as reflection fallback|Idiom: HashMap[Class[?], Pool[?]] for component pools|Idiom: PooledEntity is a private inner class extending Entity and Pool.Poolable	not-a-divergence	none: census artefact — Pool class-to-trait override	divergence-investigator
sge-ecs	addition	PooledEngine#max	not present	val max/0 in reference port only [rename candidates: removed]	Renames: `com.badlogic.ashley.core` -> `sge.ecs`|Convention: split packages|Idiom: sge.utils.Pool trait instead of LibGDX Pool/ReflectionPool|Idiom: factory registry approach instead of ReflectionPool for components|Idiom: direct getDeclaredConstructor().newInstance() as reflection fallback|Idiom: HashMap[Class[?], Pool[?]] for component pools|Idiom: PooledEntity is a private inner class extending Entity and Pool.Poolable	not-a-divergence	none: census artefact — Pool class-to-trait override	divergence-investigator
sge-ecs	addition	SortedIteratingSystem#family	not present	val family/0 in reference port only	Renames: `com.badlogic.ashley.systems` -> `sge.ecs.systems`|Convention: split packages|Idiom: ArrayBuffer instead of Array for sorted entities|Idiom: Ordering[Entity] instead of Comparator[Entity]|Idiom: ImmutableArray wrapping sorted buffer|Idiom: implements EntityListener for add/remove detection	unjustified	none: hand-port defect	div-mutability
sge-ecs	addition	SortedIteratingSystem#getEntities	not present	def getEntities/0 in reference port only [rename candidates: endProcessing, entities, family, forceSort, startProcessing]	Renames: `com.badlogic.ashley.systems` -> `sge.ecs.systems`|Convention: split packages|Idiom: ArrayBuffer instead of Array for sorted entities|Idiom: Ordering[Entity] instead of Comparator[Entity]|Idiom: ImmutableArray wrapping sorted buffer|Idiom: implements EntityListener for add/remove detection	open		
sge-ecs	addition	SortedIteratingSystem#sorted	not present	val sorted/0 in reference port only	Renames: `com.badlogic.ashley.systems` -> `sge.ecs.systems`|Convention: split packages|Idiom: ArrayBuffer instead of Array for sorted entities|Idiom: Ordering[Entity] instead of Comparator[Entity]|Idiom: ImmutableArray wrapping sorted buffer|Idiom: implements EntityListener for add/remove detection	justified	consequence of collection replacement	div-sortediterating
sge-ecs	addition	SystemListener#systemAdded	not present	def systemAdded/1 in reference port only		not-a-divergence	census artefact	div-systemlistener
sge-ecs	addition	SystemListener#systemRemoved	not present	def systemRemoved/1 in reference port only		not-a-divergence	census artefact	div-systemlistener
sge-ecs	addition	Type#Add	not present	case Add/0 in reference port only		not-a-divergence	census artefact	div-componentophandler
sge-ecs	addition	Type#Add	not present	case Add/0 in reference port only		not-a-divergence	census artefact	div-componentophandler
sge-ecs	addition	Type#Remove	not present	case Remove/0 in reference port only		not-a-divergence	census artefact	div-componentophandler
sge-ecs	addition	Type#Remove	not present	case Remove/0 in reference port only		not-a-divergence	census artefact	div-componentophandler
sge-ecs	addition	Type#RemoveAll	not present	case RemoveAll/0 in reference port only		not-a-divergence	census artefact	div-entitymanager
sge-ecs	api	#entitiesInFamily				unjustified	none: hand-port defect	div-mutability
sge-ecs	api	Entity#componentAdded	kind differs: emitted var, reference val	kind differs: emitted var, reference val	Renames: `com.badlogic.ashley.core` -> `sge.ecs`|Convention: split packages|Idiom: mutable.BitSet instead of Bits|Idiom: ArrayBuffer instead of Array for componentsArray|Idiom: Bag uses raw null internally (private[ecs])|Idiom: Nullable[A] in public getComponent return type	not-a-divergence	mechanical port defect (drops final)	div-mutability
sge-ecs	api	Entity#componentRemoved	kind differs: emitted var, reference val	kind differs: emitted var, reference val	Renames: `com.badlogic.ashley.core` -> `sge.ecs`|Convention: split packages|Idiom: mutable.BitSet instead of Bits|Idiom: ArrayBuffer instead of Array for componentsArray|Idiom: Bag uses raw null internally (private[ecs])|Idiom: Nullable[A] in public getComponent return type	not-a-divergence	mechanical port defect (drops final)	div-mutability
sge-ecs	api	EntitySystem#getEngine	def getEngine/0 in emitted port only	def getEngine/0 in emitted port only	Renames: `com.badlogic.ashley.core` -> `sge.ecs`|Convention: split packages|Idiom: Nullable[Engine] for engine reference (set/cleared by Engine)|Idiom: processing as public var (replaces get/set pair)	justified	(b) BeanCollapse idiom phase	div-accessor
sge-ecs	api	EntitySystem#priority	kind differs: emitted var, reference val	kind differs: emitted var, reference val	Renames: `com.badlogic.ashley.core` -> `sge.ecs`|Convention: split packages|Idiom: Nullable[Engine] for engine reference (set/cleared by Engine)|Idiom: processing as public var (replaces get/set pair)	unjustified	none: hand-port defect	div-mutability
sge-ecs	api	EntitySystem#setProcessing	def setProcessing/1 in emitted port only	def setProcessing/1 in emitted port only	Renames: `com.badlogic.ashley.core` -> `sge.ecs`|Convention: split packages|Idiom: Nullable[Engine] for engine reference (set/cleared by Engine)|Idiom: processing as public var (replaces get/set pair)	justified	(b) BeanCollapse idiom phase	div-accessor
sge-ecs	omission	#Bag		not present (skipped or redesigned)		not-a-divergence	census artefact	div-bag
sge-ecs	omission	#ComponentFactories		not present (skipped or redesigned)		justified	(c) library-specific injection (already implemented)	div-componentfactories
sge-ecs	omission	#ComponentOperationHandler		not present (skipped or redesigned)		justified	(b) inner class reorganization	div-componentophandler
sge-ecs	omission	#ComponentPool		not present (skipped or redesigned)		justified	(c) library-specific injection	div-pooledengine
sge-ecs	omission	#Engine		not present (skipped or redesigned)		justified	(b) SAM-to-function-type + inner class elimination	div-engine-companion
sge-ecs	omission	#EntityManager		not present (skipped or redesigned)		unjustified	none: hand-port defect	div-entitymanager
sge-ecs	omission	#FamilyManager		not present (skipped or redesigned)		unjustified	none: hand-port defect	div-familymanager
sge-ecs	omission	#PooledEngine		not present (skipped or redesigned)		justified	(c) library-specific injection	div-pooledengine
sge-ecs	omission	#SystemManager		not present (skipped or redesigned)		justified	(b) convention-driven	div-systemmanager
sge-ecs	omission	#delayed		not present (skipped or redesigned)		not-a-divergence	census artefact	div-internal-fields
sge-ecs	omission	#notifying$field		not present (skipped or redesigned)		not-a-divergence	census artefact	div-internal-fields
sge-ecs	omission	Bag#add	def add/1 in emitted port only	not present (skipped or redesigned)	Renames: `com.badlogic.ashley.utils` -> `sge.ecs.utils`|Convention: split packages|Idiom: raw null OK in internal sparse array	not-a-divergence	census artefact	div-bag
sge-ecs	omission	Bag#clear	def clear/0 in emitted port only	not present (skipped or redesigned)	Renames: `com.badlogic.ashley.utils` -> `sge.ecs.utils`|Convention: split packages|Idiom: raw null OK in internal sparse array	not-a-divergence	census artefact	div-bag
sge-ecs	omission	Bag#contains	def contains/1 in emitted port only	not present (skipped or redesigned)	Renames: `com.badlogic.ashley.utils` -> `sge.ecs.utils`|Convention: split packages|Idiom: raw null OK in internal sparse array	not-a-divergence	census artefact	div-bag
sge-ecs	omission	Bag#data	var data/0 in emitted port only	not present (skipped or redesigned)	Renames: `com.badlogic.ashley.utils` -> `sge.ecs.utils`|Convention: split packages|Idiom: raw null OK in internal sparse array	not-a-divergence	census artefact	div-bag
sge-ecs	omission	Bag#get	def get/1 in emitted port only	not present (skipped or redesigned)	Renames: `com.badlogic.ashley.utils` -> `sge.ecs.utils`|Convention: split packages|Idiom: raw null OK in internal sparse array	not-a-divergence	census artefact	div-bag
sge-ecs	omission	Bag#getCapacity	def getCapacity/0 in emitted port only	not present (skipped or redesigned)	Renames: `com.badlogic.ashley.utils` -> `sge.ecs.utils`|Convention: split packages|Idiom: raw null OK in internal sparse array	not-a-divergence	census artefact	div-bag
sge-ecs	omission	Bag#isEmpty	def isEmpty/0 in emitted port only	not present (skipped or redesigned)	Renames: `com.badlogic.ashley.utils` -> `sge.ecs.utils`|Convention: split packages|Idiom: raw null OK in internal sparse array	not-a-divergence	census artefact	div-bag
sge-ecs	omission	Bag#isIndexWithinBounds	def isIndexWithinBounds/1 in emitted port only	not present (skipped or redesigned)	Renames: `com.badlogic.ashley.utils` -> `sge.ecs.utils`|Convention: split packages|Idiom: raw null OK in internal sparse array	not-a-divergence	census artefact	div-bag
sge-ecs	omission	Bag#newCapacity	val newCapacity/0 in emitted port only	not present (skipped or redesigned)	Renames: `com.badlogic.ashley.utils` -> `sge.ecs.utils`|Convention: split packages|Idiom: raw null OK in internal sparse array	not-a-divergence	census artefact	div-bag
sge-ecs	omission	Bag#oldData	val oldData/0 in emitted port only	not present (skipped or redesigned)	Renames: `com.badlogic.ashley.utils` -> `sge.ecs.utils`|Convention: split packages|Idiom: raw null OK in internal sparse array	not-a-divergence	census artefact	div-bag
sge-ecs	omission	Bag#remove	def remove/1 in emitted port only	not present (skipped or redesigned)	Renames: `com.badlogic.ashley.utils` -> `sge.ecs.utils`|Convention: split packages|Idiom: raw null OK in internal sparse array	not-a-divergence	census artefact	div-bag
sge-ecs	omission	Bag#remove	def remove/1 in emitted port only	not present (skipped or redesigned)	Renames: `com.badlogic.ashley.utils` -> `sge.ecs.utils`|Convention: split packages|Idiom: raw null OK in internal sparse array	not-a-divergence	census artefact	div-bag
sge-ecs	omission	Bag#removeLast	def removeLast/0 in emitted port only	not present (skipped or redesigned)	Renames: `com.badlogic.ashley.utils` -> `sge.ecs.utils`|Convention: split packages|Idiom: raw null OK in internal sparse array	not-a-divergence	census artefact	div-bag
sge-ecs	omission	Bag#set	def set/2 in emitted port only	not present (skipped or redesigned)	Renames: `com.badlogic.ashley.utils` -> `sge.ecs.utils`|Convention: split packages|Idiom: raw null OK in internal sparse array	not-a-divergence	census artefact	div-bag
sge-ecs	omission	Bag#size	def size/0 in emitted port only	not present (skipped or redesigned)	Renames: `com.badlogic.ashley.utils` -> `sge.ecs.utils`|Convention: split packages|Idiom: raw null OK in internal sparse array	not-a-divergence	census artefact	div-bag
sge-ecs	omission	Bag#size$field	var size$field/0 in emitted port only	not present (skipped or redesigned)	Renames: `com.badlogic.ashley.utils` -> `sge.ecs.utils`|Convention: split packages|Idiom: raw null OK in internal sparse array	not-a-divergence	census artefact	div-bag
sge-ecs	omission	ComponentFactories$#create	def create/1 in emitted port only	not present (skipped or redesigned)		justified	(c) library-specific injection (already implemented)	div-componentfactories
sge-ecs	omission	ComponentFactories$#register	def register/2 in emitted port only	not present (skipped or redesigned)		justified	(c) library-specific injection (already implemented)	div-componentfactories
sge-ecs	omission	ComponentOperationHandler$#ComponentOperation	object ComponentOperation/0 in emitted port only	not present (skipped or redesigned)	Renames: `com.badlogic.ashley.core` -> `sge.ecs`|Convention: split packages|Idiom: enum instead of inner enum class|Idiom: ArrayBuffer instead of Array + Pool for operations	justified	(b) inner class reorganization	div-componentophandler
sge-ecs	omission	ComponentOperationHandler$#ComponentOperationPool	object ComponentOperationPool/0 in emitted port only	not present (skipped or redesigned)	Renames: `com.badlogic.ashley.core` -> `sge.ecs`|Convention: split packages|Idiom: enum instead of inner enum class|Idiom: ArrayBuffer instead of Array + Pool for operations	justified	(b) inner class reorganization	div-componentophandler
sge-ecs	omission	ComponentOperationHandler$#entity	var entity/0 in emitted port only	not present (skipped or redesigned)	Renames: `com.badlogic.ashley.core` -> `sge.ecs`|Convention: split packages|Idiom: enum instead of inner enum class|Idiom: ArrayBuffer instead of Array + Pool for operations	justified	(b) inner class reorganization	div-componentophandler
sge-ecs	omission	ComponentOperationHandler$#makeAdd	def makeAdd/1 in emitted port only	not present (skipped or redesigned)	Renames: `com.badlogic.ashley.core` -> `sge.ecs`|Convention: split packages|Idiom: enum instead of inner enum class|Idiom: ArrayBuffer instead of Array + Pool for operations	justified	(b) inner class reorganization	div-componentophandler
sge-ecs	omission	ComponentOperationHandler$#makeRemove	def makeRemove/1 in emitted port only	not present (skipped or redesigned)	Renames: `com.badlogic.ashley.core` -> `sge.ecs`|Convention: split packages|Idiom: enum instead of inner enum class|Idiom: ArrayBuffer instead of Array + Pool for operations	justified	(b) inner class reorganization	div-componentophandler
sge-ecs	omission	ComponentOperationHandler$#newObject	def newObject/0 in emitted port only	not present (skipped or redesigned)	Renames: `com.badlogic.ashley.core` -> `sge.ecs`|Convention: split packages|Idiom: enum instead of inner enum class|Idiom: ArrayBuffer instead of Array + Pool for operations	justified	none: java's private pool is kept (a `private static class` is not surface; PROGRESS §13: java wins on omissions) — the hand port's ArrayBuffer idiom is recorded, not reproduced	divergence-investigator
sge-ecs	omission	ComponentOperationHandler$#reset	def reset/0 in emitted port only	not present (skipped or redesigned)	Renames: `com.badlogic.ashley.core` -> `sge.ecs`|Convention: split packages|Idiom: enum instead of inner enum class|Idiom: ArrayBuffer instead of Array + Pool for operations	justified	(b) inner class reorganization	div-componentophandler
sge-ecs	omission	ComponentOperationHandler$#type	var type/0 in emitted port only	not present (skipped or redesigned)	Renames: `com.badlogic.ashley.core` -> `sge.ecs`|Convention: split packages|Idiom: enum instead of inner enum class|Idiom: ArrayBuffer instead of Array + Pool for operations	justified	(b) inner class reorganization	div-componentophandler
sge-ecs	omission	ComponentOperationHandler$#value	def value/0 in emitted port only	not present (skipped or redesigned)	Renames: `com.badlogic.ashley.core` -> `sge.ecs`|Convention: split packages|Idiom: enum instead of inner enum class|Idiom: ArrayBuffer instead of Array + Pool for operations	justified	(b) inner class reorganization	div-componentophandler
sge-ecs	omission	ComponentOperationHandler$.ComponentOperation$#Type	enum Type/0 in emitted port only	not present (skipped or redesigned)		justified	(b) inner class reorganization	div-componentophandler
sge-ecs	omission	ComponentOperationHandler$.ComponentOperation$.Type#Add	case Add/0 in emitted port only	not present (skipped or redesigned)		justified	(b) inner class reorganization	div-componentophandler
sge-ecs	omission	ComponentOperationHandler$.ComponentOperation$.Type#Remove	case Remove/0 in emitted port only	not present (skipped or redesigned)		justified	(b) inner class reorganization	div-componentophandler
sge-ecs	omission	ComponentPool#clear	def clear/0 in emitted port only	not present (skipped or redesigned)		justified	(c) library-specific injection	div-pooledengine
sge-ecs	omission	ComponentPool#free	def free/1 in emitted port only	not present (skipped or redesigned)		justified	(c) library-specific injection	div-pooledengine
sge-ecs	omission	ComponentPool#getFree	def getFree/0 in emitted port only	not present (skipped or redesigned)		justified	(c) library-specific injection	div-pooledengine
sge-ecs	omission	ComponentPool#obtain	def obtain/0 in emitted port only	not present (skipped or redesigned)		justified	(c) library-specific injection	div-pooledengine
sge-ecs	omission	ComponentType#$prev	val $prev/0 in emitted port only [rename candidates: index]	not present (skipped or redesigned)	Renames: `com.badlogic.ashley.core` -> `sge.ecs`|Convention: split packages|Idiom: mutable.HashMap instead of ObjectMap for Class keys|Idiom: mutable.BitSet instead of Bits	not-a-divergence	census artefact	div-componenttype
sge-ecs	omission	ComponentType#index	def index/0 in emitted port only [rename candidates: hashCode]	not present (skipped or redesigned)	Renames: `com.badlogic.ashley.core` -> `sge.ecs`|Convention: split packages|Idiom: mutable.HashMap instead of ObjectMap for Class keys|Idiom: mutable.BitSet instead of Bits	justified	(b) BeanCollapse idiom phase	div-accessor
sge-ecs	omission	ComponentType#index$field	var index$field/0 in emitted port only	not present (skipped or redesigned)	Renames: `com.badlogic.ashley.core` -> `sge.ecs`|Convention: split packages|Idiom: mutable.HashMap instead of ObjectMap for Class keys|Idiom: mutable.BitSet instead of Bits	open		
sge-ecs	omission	Engine#value	def value/0 in emitted port only [rename candidates: createEntity, getEntities, getSystems, removeAllEntities, removeAllSystems]	not present (skipped or redesigned)	Renames: `com.badlogic.ashley.core` -> `sge.ecs`|Convention: split packages|Idiom: Nullable[A] for createComponent return|Idiom: inner classes replaced by private methods/lambdas|Idiom: ComponentOperationHandler takes () => Boolean (not BooleanInformer trait)|Idiom: Listener[Entity] implemented via anonymous class	not-a-divergence	census artefact	div-engine-companion
sge-ecs	omission	EntityManager$#EntityOperation	object EntityOperation/0 in emitted port only	not present (skipped or redesigned)	Renames: `com.badlogic.ashley.core` -> `sge.ecs`|Convention: split packages|Idiom: ArrayBuffer instead of Array; HashSet instead of ObjectSet|Idiom: sge.utils.Pool trait instead of LibGDX Pool for EntityOperation recycling|Idiom: Nullable[Entity] instead of null for EntityOperation fields	unjustified	none: hand-port defect	div-entitymanager
sge-ecs	omission	EntityManager$#EntityOperationPool	object EntityOperationPool/0 in emitted port only	not present (skipped or redesigned)	Renames: `com.badlogic.ashley.core` -> `sge.ecs`|Convention: split packages|Idiom: ArrayBuffer instead of Array; HashSet instead of ObjectSet|Idiom: sge.utils.Pool trait instead of LibGDX Pool for EntityOperation recycling|Idiom: Nullable[Entity] instead of null for EntityOperation fields	unjustified	none: hand-port defect	div-entitymanager
sge-ecs	omission	EntityManager$#entities	var entities/0 in emitted port only	not present (skipped or redesigned)	Renames: `com.badlogic.ashley.core` -> `sge.ecs`|Convention: split packages|Idiom: ArrayBuffer instead of Array; HashSet instead of ObjectSet|Idiom: sge.utils.Pool trait instead of LibGDX Pool for EntityOperation recycling|Idiom: Nullable[Entity] instead of null for EntityOperation fields	unjustified	none: hand-port defect	div-entitymanager
sge-ecs	omission	EntityManager$#entity	var entity/0 in emitted port only	not present (skipped or redesigned)	Renames: `com.badlogic.ashley.core` -> `sge.ecs`|Convention: split packages|Idiom: ArrayBuffer instead of Array; HashSet instead of ObjectSet|Idiom: sge.utils.Pool trait instead of LibGDX Pool for EntityOperation recycling|Idiom: Nullable[Entity] instead of null for EntityOperation fields	unjustified	none: hand-port defect	div-entitymanager
sge-ecs	omission	EntityManager$#newObject	def newObject/0 in emitted port only	not present (skipped or redesigned)	Renames: `com.badlogic.ashley.core` -> `sge.ecs`|Convention: split packages|Idiom: ArrayBuffer instead of Array; HashSet instead of ObjectSet|Idiom: sge.utils.Pool trait instead of LibGDX Pool for EntityOperation recycling|Idiom: Nullable[Entity] instead of null for EntityOperation fields	not-a-divergence	none: census artefact — owner mismatch	divergence-investigator
sge-ecs	omission	EntityManager$#reset	def reset/0 in emitted port only	not present (skipped or redesigned)	Renames: `com.badlogic.ashley.core` -> `sge.ecs`|Convention: split packages|Idiom: ArrayBuffer instead of Array; HashSet instead of ObjectSet|Idiom: sge.utils.Pool trait instead of LibGDX Pool for EntityOperation recycling|Idiom: Nullable[Entity] instead of null for EntityOperation fields	unjustified	none: hand-port defect	div-entitymanager
sge-ecs	omission	EntityManager$#type	var type/0 in emitted port only	not present (skipped or redesigned)	Renames: `com.badlogic.ashley.core` -> `sge.ecs`|Convention: split packages|Idiom: ArrayBuffer instead of Array; HashSet instead of ObjectSet|Idiom: sge.utils.Pool trait instead of LibGDX Pool for EntityOperation recycling|Idiom: Nullable[Entity] instead of null for EntityOperation fields	unjustified	none: hand-port defect	div-entitymanager
sge-ecs	omission	EntityManager$.EntityOperation$#Type	enum Type/0 in emitted port only	not present (skipped or redesigned)		unjustified	none: hand-port defect	div-entitymanager
sge-ecs	omission	EntityManager$.EntityOperation$.Type#Add	case Add/0 in emitted port only	not present (skipped or redesigned)		unjustified	none: hand-port defect	div-entitymanager
sge-ecs	omission	EntityManager$.EntityOperation$.Type#Remove	case Remove/0 in emitted port only	not present (skipped or redesigned)		unjustified	none: hand-port defect	div-entitymanager
sge-ecs	omission	EntityManager$.EntityOperation$.Type#RemoveAll	case RemoveAll/0 in emitted port only	not present (skipped or redesigned)		unjustified	none: hand-port defect	div-entitymanager
sge-ecs	omission	Family#$prev	val $prev/0 in emitted port only [rename candidates: index]	not present (skipped or redesigned)	Renames: `com.badlogic.ashley.core` -> `sge.ecs`|Convention: split packages|Idiom: mutable.BitSet instead of Bits|Idiom: mutable.HashMap instead of ObjectMap for cache	unjustified	none: hand-port defect	div-family
sge-ecs	omission	Family#index	def index/0 in emitted port only [rename candidates: hashCode]	not present (skipped or redesigned)	Renames: `com.badlogic.ashley.core` -> `sge.ecs`|Convention: split packages|Idiom: mutable.BitSet instead of Bits|Idiom: mutable.HashMap instead of ObjectMap for cache	justified	(b) BeanCollapse idiom phase	div-accessor
sge-ecs	omission	Family#index$field	var index$field/0 in emitted port only	not present (skipped or redesigned)	Renames: `com.badlogic.ashley.core` -> `sge.ecs`|Convention: split packages|Idiom: mutable.BitSet instead of Bits|Idiom: mutable.HashMap instead of ObjectMap for cache	open		
sge-ecs	omission	Family$#stringBuilder	val stringBuilder/0 in emitted port only [rename candidates: numBits, sb, sb]	not present (skipped or redesigned)	Renames: `com.badlogic.ashley.core` -> `sge.ecs`|Convention: split packages|Idiom: mutable.BitSet instead of Bits|Idiom: mutable.HashMap instead of ObjectMap for cache	unjustified	none: hand-port defect	div-family
sge-ecs	omission	Family$#stringBuilder	val stringBuilder/0 in emitted port only [rename candidates: numBits, sb, sb]	not present (skipped or redesigned)	Renames: `com.badlogic.ashley.core` -> `sge.ecs`|Convention: split packages|Idiom: mutable.BitSet instead of Bits|Idiom: mutable.HashMap instead of ObjectMap for cache	unjustified	none: hand-port defect	div-family
sge-ecs	omission	Family$.Builder#all$field	var all$field/0 in emitted port only	not present (skipped or redesigned)		unjustified	none: hand-port defect	div-family
sge-ecs	omission	Family$.Builder#exclude$field	var exclude$field/0 in emitted port only	not present (skipped or redesigned)		unjustified	none: hand-port defect	div-family
sge-ecs	omission	Family$.Builder#one$field	var one$field/0 in emitted port only	not present (skipped or redesigned)		unjustified	none: hand-port defect	div-family
sge-ecs	omission	Family$.Builder#reset	def reset/0 in emitted port only [rename candidates: get]	not present (skipped or redesigned)		unjustified	none: hand-port defect	div-family
sge-ecs	omission	FamilyManager$#BitsPool	object BitsPool/0 in emitted port only	not present (skipped or redesigned)	Renames: `com.badlogic.ashley.core` -> `sge.ecs`|Convention: split packages|Idiom: ArrayBuffer instead of Array/SnapshotArray; HashMap instead of ObjectMap|Idiom: mutable.BitSet instead of Bits; Pool for BitSet reuse|Idiom: snapshot copy during listener notification (replaces SnapshotArray.begin/end)	unjustified	none: hand-port defect	div-familymanager
sge-ecs	omission	FamilyManager$#listener	var listener/0 in emitted port only	not present (skipped or redesigned)	Renames: `com.badlogic.ashley.core` -> `sge.ecs`|Convention: split packages|Idiom: ArrayBuffer instead of Array/SnapshotArray; HashMap instead of ObjectMap|Idiom: mutable.BitSet instead of Bits; Pool for BitSet reuse|Idiom: snapshot copy during listener notification (replaces SnapshotArray.begin/end)	unjustified	none: hand-port defect	div-familymanager
sge-ecs	omission	FamilyManager$#newObject	def newObject/0 in emitted port only	not present (skipped or redesigned)	Renames: `com.badlogic.ashley.core` -> `sge.ecs`|Convention: split packages|Idiom: ArrayBuffer instead of Array/SnapshotArray; HashMap instead of ObjectMap|Idiom: mutable.BitSet instead of Bits; Pool for BitSet reuse|Idiom: snapshot copy during listener notification (replaces SnapshotArray.begin/end)	not-a-divergence	none: census artefact — owner mismatch	divergence-investigator
sge-ecs	omission	FamilyManager$#priority	var priority/0 in emitted port only	not present (skipped or redesigned)	Renames: `com.badlogic.ashley.core` -> `sge.ecs`|Convention: split packages|Idiom: ArrayBuffer instead of Array/SnapshotArray; HashMap instead of ObjectMap|Idiom: mutable.BitSet instead of Bits; Pool for BitSet reuse|Idiom: snapshot copy during listener notification (replaces SnapshotArray.begin/end)	unjustified	none: hand-port defect	div-familymanager
sge-ecs	omission	ImmutableArray#array	var array/0 in emitted port only	not present (skipped or redesigned)	Renames: `com.badlogic.ashley.utils` -> `sge.ecs.utils`|Convention: split packages|Idiom: wraps ArrayBuffer, implements Iterable[A]	not-a-divergence	census artefact (visibility/mutability difference)	div-immutablearray
sge-ecs	omission	ImmutableArray#contains	def contains/2 in emitted port only	not present (skipped or redesigned)	Renames: `com.badlogic.ashley.utils` -> `sge.ecs.utils`|Convention: split packages|Idiom: wraps ArrayBuffer, implements Iterable[A]	justified	(b) injection or substitution for ImmutableArray	div-immutablearray
sge-ecs	omission	ImmutableArray#get	def get/1 in emitted port only [rename candidates: apply, contains, equals, indexOf, lastIndexOf, toString]	not present (skipped or redesigned)	Renames: `com.badlogic.ashley.utils` -> `sge.ecs.utils`|Convention: split packages|Idiom: wraps ArrayBuffer, implements Iterable[A]	not-a-divergence	covered by ImmutableArray redesign verdict	div-immutablearray
sge-ecs	omission	ImmutableArray#indexOf	def indexOf/2 in emitted port only	not present (skipped or redesigned)	Renames: `com.badlogic.ashley.utils` -> `sge.ecs.utils`|Convention: split packages|Idiom: wraps ArrayBuffer, implements Iterable[A]	justified	(b) injection or substitution for ImmutableArray	div-immutablearray
sge-ecs	omission	ImmutableArray#lastIndexOf	def lastIndexOf/2 in emitted port only	not present (skipped or redesigned)	Renames: `com.badlogic.ashley.utils` -> `sge.ecs.utils`|Convention: split packages|Idiom: wraps ArrayBuffer, implements Iterable[A]	justified	(b) injection or substitution for ImmutableArray	div-immutablearray
sge-ecs	omission	IntervalIteratingSystem#entities	def entities/0 in emitted port only [rename candidates: endProcessing, getEntities, startProcessing, updateInterval]	not present (skipped or redesigned)	Renames: `com.badlogic.ashley.systems` -> `sge.ecs.systems`|Convention: split packages|Idiom: Nullable for entities field (set on addedToEngine)	open		
sge-ecs	omission	IntervalIteratingSystem#entities$field	var entities$field/0 in emitted port only	not present (skipped or redesigned)	Renames: `com.badlogic.ashley.systems` -> `sge.ecs.systems`|Convention: split packages|Idiom: Nullable for entities field (set on addedToEngine)	open		
sge-ecs	omission	IntervalIteratingSystem#family	def family/0 in emitted port only [rename candidates: endProcessing, getEntities, startProcessing, updateInterval]	not present (skipped or redesigned)	Renames: `com.badlogic.ashley.systems` -> `sge.ecs.systems`|Convention: split packages|Idiom: Nullable for entities field (set on addedToEngine)	unjustified	none: hand-port defect	div-mutability
sge-ecs	omission	IntervalIteratingSystem#family$field	var family$field/0 in emitted port only	not present (skipped or redesigned)	Renames: `com.badlogic.ashley.systems` -> `sge.ecs.systems`|Convention: split packages|Idiom: Nullable for entities field (set on addedToEngine)	open		
sge-ecs	omission	IntervalSystem#accumulator	var accumulator/0 in emitted port only	not present (skipped or redesigned)	Renames: `com.badlogic.ashley.systems` -> `sge.ecs.systems`|Convention: split packages	not-a-divergence	census artefact (visibility difference, not absence)	div-componenttype
sge-ecs	omission	IntervalSystem#interval	def interval/0 in emitted port only [rename candidates: updateInterval]	not present (skipped or redesigned)	Renames: `com.badlogic.ashley.systems` -> `sge.ecs.systems`|Convention: split packages	unjustified	none: hand-port defect	div-mutability
sge-ecs	omission	IntervalSystem#interval$field	var interval$field/0 in emitted port only	not present (skipped or redesigned)	Renames: `com.badlogic.ashley.systems` -> `sge.ecs.systems`|Convention: split packages	open		
sge-ecs	omission	IteratingSystem#entities	def entities/0 in emitted port only [rename candidates: endProcessing, getEntities, startProcessing]	not present (skipped or redesigned)	Renames: `com.badlogic.ashley.systems` -> `sge.ecs.systems`|Convention: split packages|Idiom: Nullable for entities field (cleared on removedFromEngine)	open		
sge-ecs	omission	IteratingSystem#entities$field	var entities$field/0 in emitted port only	not present (skipped or redesigned)	Renames: `com.badlogic.ashley.systems` -> `sge.ecs.systems`|Convention: split packages|Idiom: Nullable for entities field (cleared on removedFromEngine)	open		
sge-ecs	omission	IteratingSystem#family	def family/0 in emitted port only [rename candidates: endProcessing, getEntities, startProcessing]	not present (skipped or redesigned)	Renames: `com.badlogic.ashley.systems` -> `sge.ecs.systems`|Convention: split packages|Idiom: Nullable for entities field (cleared on removedFromEngine)	unjustified	none: hand-port defect	div-mutability
sge-ecs	omission	IteratingSystem#family$field	var family$field/0 in emitted port only	not present (skipped or redesigned)	Renames: `com.badlogic.ashley.systems` -> `sge.ecs.systems`|Convention: split packages|Idiom: Nullable for entities field (cleared on removedFromEngine)	open		
sge-ecs	omission	PooledEngine#EntityPool	object EntityPool/0 in emitted port only	not present (skipped or redesigned)	Renames: `com.badlogic.ashley.core` -> `sge.ecs`|Convention: split packages|Idiom: sge.utils.Pool trait instead of LibGDX Pool/ReflectionPool|Idiom: factory registry approach instead of ReflectionPool for components|Idiom: direct getDeclaredConstructor().newInstance() as reflection fallback|Idiom: HashMap[Class[?], Pool[?]] for component pools|Idiom: PooledEntity is a private inner class extending Entity and Pool.Poolable	justified	(c) library-specific injection	div-pooledengine
sge-ecs	omission	PooledEngine#componentPools	var componentPools/0 in emitted port only	not present (skipped or redesigned)	Renames: `com.badlogic.ashley.core` -> `sge.ecs`|Convention: split packages|Idiom: sge.utils.Pool trait instead of LibGDX Pool/ReflectionPool|Idiom: factory registry approach instead of ReflectionPool for components|Idiom: direct getDeclaredConstructor().newInstance() as reflection fallback|Idiom: HashMap[Class[?], Pool[?]] for component pools|Idiom: PooledEntity is a private inner class extending Entity and Pool.Poolable	justified	(c) library-specific injection	div-pooledengine
sge-ecs	omission	PooledEngine#entityPool	var entityPool/0 in emitted port only	not present (skipped or redesigned)	Renames: `com.badlogic.ashley.core` -> `sge.ecs`|Convention: split packages|Idiom: sge.utils.Pool trait instead of LibGDX Pool/ReflectionPool|Idiom: factory registry approach instead of ReflectionPool for components|Idiom: direct getDeclaredConstructor().newInstance() as reflection fallback|Idiom: HashMap[Class[?], Pool[?]] for component pools|Idiom: PooledEntity is a private inner class extending Entity and Pool.Poolable	justified	(c) library-specific injection	div-pooledengine
sge-ecs	omission	PooledEngine#freeAll	def freeAll/1 in emitted port only [rename candidates: createComponent, discard, free, obtain, removeEntityInternal]	not present (skipped or redesigned)	Renames: `com.badlogic.ashley.core` -> `sge.ecs`|Convention: split packages|Idiom: sge.utils.Pool trait instead of LibGDX Pool/ReflectionPool|Idiom: factory registry approach instead of ReflectionPool for components|Idiom: direct getDeclaredConstructor().newInstance() as reflection fallback|Idiom: HashMap[Class[?], Pool[?]] for component pools|Idiom: PooledEntity is a private inner class extending Entity and Pool.Poolable	justified	(c) library-specific injection	div-pooledengine
sge-ecs	omission	PooledEngine#initialSize	var initialSize/0 in emitted port only	not present (skipped or redesigned)	Renames: `com.badlogic.ashley.core` -> `sge.ecs`|Convention: split packages|Idiom: sge.utils.Pool trait instead of LibGDX Pool/ReflectionPool|Idiom: factory registry approach instead of ReflectionPool for components|Idiom: direct getDeclaredConstructor().newInstance() as reflection fallback|Idiom: HashMap[Class[?], Pool[?]] for component pools|Idiom: PooledEntity is a private inner class extending Entity and Pool.Poolable	justified	(c) library-specific injection	div-pooledengine
sge-ecs	omission	PooledEngine#maxSize	var maxSize/0 in emitted port only	not present (skipped or redesigned)	Renames: `com.badlogic.ashley.core` -> `sge.ecs`|Convention: split packages|Idiom: sge.utils.Pool trait instead of LibGDX Pool/ReflectionPool|Idiom: factory registry approach instead of ReflectionPool for components|Idiom: direct getDeclaredConstructor().newInstance() as reflection fallback|Idiom: HashMap[Class[?], Pool[?]] for component pools|Idiom: PooledEntity is a private inner class extending Entity and Pool.Poolable	justified	(c) library-specific injection	div-pooledengine
sge-ecs	omission	PooledEngine#pools	var pools/0 in emitted port only	not present (skipped or redesigned)	Renames: `com.badlogic.ashley.core` -> `sge.ecs`|Convention: split packages|Idiom: sge.utils.Pool trait instead of LibGDX Pool/ReflectionPool|Idiom: factory registry approach instead of ReflectionPool for components|Idiom: direct getDeclaredConstructor().newInstance() as reflection fallback|Idiom: HashMap[Class[?], Pool[?]] for component pools|Idiom: PooledEntity is a private inner class extending Entity and Pool.Poolable	justified	(c) library-specific injection	div-pooledengine
sge-ecs	omission	SortedIteratingSystem#comparator	var comparator/0 in emitted port only	not present (skipped or redesigned)	Renames: `com.badlogic.ashley.systems` -> `sge.ecs.systems`|Convention: split packages|Idiom: ArrayBuffer instead of Array for sorted entities|Idiom: Ordering[Entity] instead of Comparator[Entity]|Idiom: ImmutableArray wrapping sorted buffer|Idiom: implements EntityListener for add/remove detection	justified	(b) type-mapping convention	div-sortediterating
sge-ecs	omission	SortedIteratingSystem#entities	def entities/0 in emitted port only [rename candidates: endProcessing, forceSort, getEntities, startProcessing]	not present (skipped or redesigned)	Renames: `com.badlogic.ashley.systems` -> `sge.ecs.systems`|Convention: split packages|Idiom: ArrayBuffer instead of Array for sorted entities|Idiom: Ordering[Entity] instead of Comparator[Entity]|Idiom: ImmutableArray wrapping sorted buffer|Idiom: implements EntityListener for add/remove detection	justified	(b) type-mapping convention	div-sortediterating
sge-ecs	omission	SortedIteratingSystem#entities$field	var entities$field/0 in emitted port only	not present (skipped or redesigned)	Renames: `com.badlogic.ashley.systems` -> `sge.ecs.systems`|Convention: split packages|Idiom: ArrayBuffer instead of Array for sorted entities|Idiom: Ordering[Entity] instead of Comparator[Entity]|Idiom: ImmutableArray wrapping sorted buffer|Idiom: implements EntityListener for add/remove detection	open		
sge-ecs	omission	SortedIteratingSystem#family	def family/0 in emitted port only [rename candidates: endProcessing, forceSort, getEntities, startProcessing]	not present (skipped or redesigned)	Renames: `com.badlogic.ashley.systems` -> `sge.ecs.systems`|Convention: split packages|Idiom: ArrayBuffer instead of Array for sorted entities|Idiom: Ordering[Entity] instead of Comparator[Entity]|Idiom: ImmutableArray wrapping sorted buffer|Idiom: implements EntityListener for add/remove detection	unjustified	none: hand-port defect	div-mutability
sge-ecs	omission	SortedIteratingSystem#family$field	var family$field/0 in emitted port only	not present (skipped or redesigned)	Renames: `com.badlogic.ashley.systems` -> `sge.ecs.systems`|Convention: split packages|Idiom: ArrayBuffer instead of Array for sorted entities|Idiom: Ordering[Entity] instead of Comparator[Entity]|Idiom: ImmutableArray wrapping sorted buffer|Idiom: implements EntityListener for add/remove detection	open		
sge-ecs	omission	SortedIteratingSystem#sortedEntities	var sortedEntities/0 in emitted port only	not present (skipped or redesigned)	Renames: `com.badlogic.ashley.systems` -> `sge.ecs.systems`|Convention: split packages|Idiom: ArrayBuffer instead of Array for sorted entities|Idiom: Ordering[Entity] instead of Comparator[Entity]|Idiom: ImmutableArray wrapping sorted buffer|Idiom: implements EntityListener for add/remove detection	justified	(b) type-mapping convention	div-sortediterating
sge-ecs	omission	SystemManager$#compare	def compare/2 in emitted port only	not present (skipped or redesigned)	Renames: `com.badlogic.ashley.core` -> `sge.ecs`|Convention: split packages|Idiom: ArrayBuffer instead of Array; HashMap instead of ObjectMap|Idiom: Ordering[EntitySystem] instead of Comparator with inner class|Idiom: Nullable[A] for getSystem return	justified	(b) Comparator-to-Ordering phase	div-systemmanager
sge-ecs	omission	SystemManager$#systemAdded	def systemAdded/1 in emitted port only	not present (skipped or redesigned)	Renames: `com.badlogic.ashley.core` -> `sge.ecs`|Convention: split packages|Idiom: ArrayBuffer instead of Array; HashMap instead of ObjectMap|Idiom: Ordering[EntitySystem] instead of Comparator with inner class|Idiom: Nullable[A] for getSystem return	justified	census artefact -- hand port has it	div-systemmanager
sge-ecs	omission	SystemManager$#systemRemoved	def systemRemoved/1 in emitted port only	not present (skipped or redesigned)	Renames: `com.badlogic.ashley.core` -> `sge.ecs`|Convention: split packages|Idiom: ArrayBuffer instead of Array; HashMap instead of ObjectMap|Idiom: Ordering[EntitySystem] instead of Comparator with inner class|Idiom: Nullable[A] for getSystem return	justified	census artefact -- hand port has it	div-systemmanager
sge-ecs	test	BagSuite	not applicable	hand-written test suite		justified	hand-port test suite, adapt for emitted API	div-tests
sge-ecs	test	ComponentMapperSuite	not applicable	hand-written test suite		justified	hand-port test suite, adapt for emitted API	div-tests
sge-ecs	test	ComponentOperationHandlerSuite	not applicable	hand-written test suite		justified	hand-port test suite, adapt for emitted API	div-tests
sge-ecs	test	ComponentTypeSuite	not applicable	hand-written test suite		justified	hand-port test suite, adapt for emitted API	div-tests
sge-ecs	test	EngineCreateComponentReflectionRedSuite	not applicable	hand-written test suite		justified	hand-port test suite, adapt for emitted API	div-tests
sge-ecs	test	EngineSuite	not applicable	hand-written test suite		justified	hand-port test suite, adapt for emitted API	div-tests
sge-ecs	test	EntityManagerSuite	not applicable	hand-written test suite		justified	hand-port test suite, adapt for emitted API	div-tests
sge-ecs	test	EntitySuite	not applicable	hand-written test suite		justified	hand-port test suite, adapt for emitted API	div-tests
sge-ecs	test	FamilyManagerSuite	not applicable	hand-written test suite		justified	hand-port test suite, adapt for emitted API	div-tests
sge-ecs	test	FamilySuite	not applicable	hand-written test suite		justified	hand-port test suite, adapt for emitted API	div-tests
sge-ecs	test	ImmutableArraySuite	not applicable	hand-written test suite		justified	hand-port test suite, adapt for emitted API	div-tests
sge-ecs	test	IntervalIteratingSystemSuite	not applicable	hand-written test suite		justified	hand-port test suite, adapt for emitted API	div-tests
sge-ecs	test	IntervalSystemSuite	not applicable	hand-written test suite		justified	hand-port test suite, adapt for emitted API	div-tests
sge-ecs	test	IteratingSystemSuite	not applicable	hand-written test suite		justified	hand-port test suite, adapt for emitted API	div-tests
sge-ecs	test	PooledEngineSuite	not applicable	hand-written test suite		justified	hand-port test suite, adapt for emitted API	div-tests
sge-ecs	test	SignalSuite	not applicable	hand-written test suite		justified	hand-port test suite, adapt for emitted API	div-tests
sge-ecs	test	SortedIteratingSystemSuite	not applicable	hand-written test suite		justified	hand-port test suite, adapt for emitted API	div-tests
sge-ecs	test	SystemManagerSuite	not applicable	hand-written test suite		justified	hand-port test suite, adapt for emitted API	div-tests
