#unit	member	kind	digest
ssg.liquid.Examples	ssg.liquid.Examples	class	dd4c3a20dc58aa2f
ssg.liquid.Examples	ssg.liquid.Examples#customFilter()	def	ed45b3444b8b177e
ssg.liquid.Examples	ssg.liquid.Examples#customLoopBlock()	def	40e98117e5c83800
ssg.liquid.Examples	ssg.liquid.Examples#customRandomTag()	def	6ac48659219da246
ssg.liquid.Examples	ssg.liquid.Examples#demoCustomRepeatFilter()	def	580b91c22f5210fc
ssg.liquid.Examples	ssg.liquid.Examples#demoCustomStrongFilter()	def	98f0fa25a1b11f1f
ssg.liquid.Examples	ssg.liquid.Examples#demoCustomSumFilter()	def	e939880e889ad299
ssg.liquid.Examples	ssg.liquid.Examples#demoGuards()	def	dc68ca0366b62280
ssg.liquid.Examples	ssg.liquid.Examples#demoSimple()	def	72bbe589a2bb473a
ssg.liquid.Examples	ssg.liquid.Examples#demoStrictVariables()	def	c591a892daac09bd
ssg.liquid.Examples	ssg.liquid.Examples#instanceFilter()	def	fca71a2c2e58f729
ssg.liquid.Examples	ssg.liquid.Examples#main(Array<String>)	def	82d1bf39ce67df07
ssg.liquid.Insertion	ssg.liquid.Insertion	class	7e1497d0e62ff0c3
ssg.liquid.Insertion	ssg.liquid.Insertion#<init>()	ctor	8e300b606a94af4d
ssg.liquid.Insertion	ssg.liquid.Insertion#<init>(String)	ctor	ce2696b89d1d718a
ssg.liquid.Insertion	ssg.liquid.Insertion#getName()	def	d0eb939f9fd80f1f
ssg.liquid.Insertion	ssg.liquid.Insertion#name	val	1f7943b90a3ad2ea
ssg.liquid.Insertion	ssg.liquid.Insertion#render(TemplateContext,Array<LNode>)	def	d04d8deec6ae5453
ssg.liquid.Insertions	ssg.liquid.Insertions	class	6edcde50f272fd99
ssg.liquid.Insertions	ssg.liquid.Insertions#<stmt1>	stmt	6959f48d37163fe5
ssg.liquid.Insertions	ssg.liquid.Insertions#<stmt2>	stmt	6b636a090e14136e
ssg.liquid.Insertions	ssg.liquid.Insertions#<stmt3>	stmt	1c46cd9577234324
ssg.liquid.Insertions	ssg.liquid.Insertions#<stmt4>	stmt	40df881e55f663fa
ssg.liquid.Insertions	ssg.liquid.Insertions#EMPTY	val	db4b5fa78eadabe4
ssg.liquid.Insertions	ssg.liquid.Insertions#JEKYLL_INSERTIONS	val	b4862a1bab253b9b
ssg.liquid.Insertions	ssg.liquid.Insertions#STANDARD_INSERTIONS	val	c714097a943a40cc
ssg.liquid.Insertions	ssg.liquid.Insertions#blockNames	val	63e8d595e940c4dd
ssg.liquid.Insertions	ssg.liquid.Insertions#equals(Any)	def	33736471165f7c78
ssg.liquid.Insertions	ssg.liquid.Insertions#get(String)	def	89b2876430dc0167
ssg.liquid.Insertions	ssg.liquid.Insertions#getBlockNames()	def	396aa44834d9dadf
ssg.liquid.Insertions	ssg.liquid.Insertions#getNames(Predicate<?>)	def	486cb3ebfc2c2397
ssg.liquid.Insertions	ssg.liquid.Insertions#getTagNames()	def	9c1d5b2f3ee978cf
ssg.liquid.Insertions	ssg.liquid.Insertions#hashCode()	def	c3668aa4b0409c15
ssg.liquid.Insertions	ssg.liquid.Insertions#map	val	73621cec9a46abfe
ssg.liquid.Insertions	ssg.liquid.Insertions#mergeWith(Insertions)	def	a81a78d53d0f45bb
ssg.liquid.Insertions	ssg.liquid.Insertions#of(Array<Insertion>)	def	c8ac1b5aa6ad62a9
ssg.liquid.Insertions	ssg.liquid.Insertions#of(JavaCollection<Insertion>)	def	70fe6db713d4e084
ssg.liquid.Insertions	ssg.liquid.Insertions#of(Map<String,Insertion>)	def	4b42e96127dbfb7a
ssg.liquid.Insertions	ssg.liquid.Insertions#tagNames	val	5df4a009b03872ad
ssg.liquid.Insertions	ssg.liquid.Insertions#toString()	def	d471e7da9166d894
ssg.liquid.Insertions	ssg.liquid.Insertions#values()	def	09b3d42cc62b80b1
ssg.liquid.LValue	ssg.liquid.LValue	class	f6963e0c43d46bf2
ssg.liquid.LValue	ssg.liquid.LValue#BREAK	val	a0452510868cba44
ssg.liquid.LValue	ssg.liquid.LValue#CONTINUE	val	1e43087d3104805e
ssg.liquid.LValue	ssg.liquid.LValue#areEqual(Object,Object)	def	b1c315854f65e456
ssg.liquid.LValue	ssg.liquid.LValue#asAppendableObject(Object,TemplateContext)	def	fabc4e0d5180399d
ssg.liquid.LValue	ssg.liquid.LValue#asArray(Object,TemplateContext)	def	3b743b81fb97bfd5
ssg.liquid.LValue	ssg.liquid.LValue#asBoolean(Object)	def	5a14b6cbe458972f
ssg.liquid.LValue	ssg.liquid.LValue#asFormattedNumber(BigDecimal)	def	eace2edf7492faee
ssg.liquid.LValue	ssg.liquid.LValue#asList(Object,TemplateContext)	def	0c98c5948527f80b
ssg.liquid.LValue	ssg.liquid.LValue#asMap(Object)	def	1d86db2d1e6736f9
ssg.liquid.LValue	ssg.liquid.LValue#asNumber(Object)	def	3fdfe0fff69491ba
ssg.liquid.LValue	ssg.liquid.LValue#asRubyDate(Object,TemplateContext)	def	693fdb1b93e075a1
ssg.liquid.LValue	ssg.liquid.LValue#asStrictNumber(Object)	def	9bcfa429b479d442
ssg.liquid.LValue	ssg.liquid.LValue#asString(Object,TemplateContext)	def	b6d2760beeb57357
ssg.liquid.LValue	ssg.liquid.LValue#asTemporal(Object,TemplateContext)	def	094e77ff24a6b973
ssg.liquid.LValue	ssg.liquid.LValue#canBeDouble(Object)	def	66f15a523744e880
ssg.liquid.LValue	ssg.liquid.LValue#canBeInteger(Object)	def	afd1e1e29dd69eb8
ssg.liquid.LValue	ssg.liquid.LValue#canBeNumber(Object)	def	e2e95c9cbb988d88
ssg.liquid.LValue	ssg.liquid.LValue#isArray(Object)	def	7d09ead1ccf0f965
ssg.liquid.LValue	ssg.liquid.LValue#isBlank(String)	def	0523e76f0670233c
ssg.liquid.LValue	ssg.liquid.LValue#isEmpty(Object)	def	f0fdfa5ffa789e01
ssg.liquid.LValue	ssg.liquid.LValue#isFalsy(Object,TemplateContext)	def	897081b55fba6d95
ssg.liquid.LValue	ssg.liquid.LValue#isInteger(Object)	def	9d089eb551104463
ssg.liquid.LValue	ssg.liquid.LValue#isMap(Object)	def	2978c2c6f196132a
ssg.liquid.LValue	ssg.liquid.LValue#isNumber(Object)	def	12ad20818c203117
ssg.liquid.LValue	ssg.liquid.LValue#isString(Object)	def	6f25018c1d472960
ssg.liquid.LValue	ssg.liquid.LValue#isTemporal(Object)	def	5b5a429adbcb2ebd
ssg.liquid.LValue	ssg.liquid.LValue#isTruthy(Object,TemplateContext)	def	aa4b6dd67e4998b9
ssg.liquid.LValue	ssg.liquid.LValue#isWhitespace(int)	def	96c487163a807507
ssg.liquid.LValue	ssg.liquid.LValue#mapAsArray(Map<?,?>)	def	e26376691b5d322f
ssg.liquid.LValue	ssg.liquid.LValue#rubyDateTimeFormat	val	5c96f7e5a4584667
ssg.liquid.LValue	ssg.liquid.LValue#temporalAsArray(ZonedDateTime)	def	9fb0acd244fa9162
ssg.liquid.PlainBigDecimal	ssg.liquid.PlainBigDecimal	class	b7489d1ca665541b
ssg.liquid.PlainBigDecimal	ssg.liquid.PlainBigDecimal#<init>(BigDecimal)	ctor	067537ca47e5fe53
ssg.liquid.PlainBigDecimal	ssg.liquid.PlainBigDecimal#serialVersionUID	val	48fc4574d2daa08b
ssg.liquid.PlainBigDecimal	ssg.liquid.PlainBigDecimal#toString()	def	eee2a01419e3c505
ssg.liquid.RenderTransformer	ssg.liquid.RenderTransformer	class	a50b016c8dcf2148
ssg.liquid.RenderTransformer	ssg.liquid.RenderTransformer#newObjectAppender(TemplateContext,int)	def	85b4ad3f047d9fe2
ssg.liquid.RenderTransformer	ssg.liquid.RenderTransformer#transformObject(TemplateContext,Object)	def	48f24c05bed6ee94
ssg.liquid.RenderTransformer	ssg.liquid.RenderTransformer$ObjectAppender	class	7b02a862dd8af1d0
ssg.liquid.RenderTransformer	ssg.liquid.RenderTransformer$ObjectAppender#append(Object)	def	9b32b0aa393cf143
ssg.liquid.RenderTransformer	ssg.liquid.RenderTransformer$ObjectAppender$Controller	class	ab54f5ba325640e3
ssg.liquid.RenderTransformer	ssg.liquid.RenderTransformer$ObjectAppender$Controller#append(Object)	def	45dc6804d76b4019
ssg.liquid.RenderTransformer	ssg.liquid.RenderTransformer$ObjectAppender$Controller#getResult()	def	87452757a0990a36
ssg.liquid.RenderTransformerDefaultImpl	ssg.liquid.RenderTransformerDefaultImpl	class	d7100104488be25b
ssg.liquid.RenderTransformerDefaultImpl	ssg.liquid.RenderTransformerDefaultImpl#INSTANCE	val	82c45d5f03ae162d
ssg.liquid.RenderTransformerDefaultImpl	ssg.liquid.RenderTransformerDefaultImpl#newObjectAppender(TemplateContext,int)	def	23488fd2389176d0
ssg.liquid.RenderTransformerDefaultImpl	ssg.liquid.RenderTransformerDefaultImpl#transformObject(TemplateContext,Object)	def	9c061a77a7b2d327
ssg.liquid.Template	blockNames	val	5971214cf8c7b2a3
ssg.liquid.Template	lexer	val	90bf71310ac51195
ssg.liquid.Template	ssg.liquid.Template	class	6ca82c99c1ddde39
ssg.liquid.Template	ssg.liquid.Template#<clinit>	init	c163eca3e02e7814
ssg.liquid.Template	ssg.liquid.Template#<stmt1>	stmt	d68104f945295617
ssg.liquid.Template	ssg.liquid.Template#<stmt2>	stmt	8a38488ebe050bbd
ssg.liquid.Template	ssg.liquid.Template#<stmt3>	stmt	86e55d562799e9e6
ssg.liquid.Template	ssg.liquid.Template#<stmt4>	stmt	39ae8f95d431d63f
ssg.liquid.Template	ssg.liquid.Template#children(ParseTree)	def	68e9d9e491f1f778
ssg.liquid.Template	ssg.liquid.Template#contextHolder	val	29db5653d5931e4f
ssg.liquid.Template	ssg.liquid.Template#errors()	def	3876bea42d46b982
ssg.liquid.Template	ssg.liquid.Template#getParseTree()	def	eadd1de8d951d2e4
ssg.liquid.Template	ssg.liquid.Template#getTemplateParser()	def	55b6e27bb0475b04
ssg.liquid.Template	ssg.liquid.Template#newRootContext(Map<String,Object>)	def	b716f713cbc02484
ssg.liquid.Template	ssg.liquid.Template#parse(LiquidLexer)	def	5b1244dcc5631345
ssg.liquid.Template	ssg.liquid.Template#putStringKey(boolean,String,Object,Map<String,Object>)	def	ee01078a2b3d7170
ssg.liquid.Template	ssg.liquid.Template#render()	def	5a74d633e6ac13b7
ssg.liquid.Template	ssg.liquid.Template#render(Inspectable)	def	4d48b4ef0d5e364f
ssg.liquid.Template	ssg.liquid.Template#render(Map<String,Object>)	def	78f83653137a4b04
ssg.liquid.Template	ssg.liquid.Template#render(Map<String,Object>,ExecutorService,boolean)	def	f226d8f952ae7ca3
ssg.liquid.Template	ssg.liquid.Template#render(String)	def	b1dc634eff26faee
ssg.liquid.Template	ssg.liquid.Template#render(String,Object,Array<Object>)	def	5d67010289dacdad
ssg.liquid.Template	ssg.liquid.Template#render(boolean,String,Object,Array<Object>)	def	42dfc4d6c2db8fec
ssg.liquid.Template	ssg.liquid.Template#renderObject(Object)	def	1760b301e8f41a8f
ssg.liquid.Template	ssg.liquid.Template#renderObjectToObject(Object)	def	e6ff8974300db280
ssg.liquid.Template	ssg.liquid.Template#renderToObject()	def	68f10e178c6b40e7
ssg.liquid.Template	ssg.liquid.Template#renderToObject(Inspectable)	def	267f5dbb50c78f3b
ssg.liquid.Template	ssg.liquid.Template#renderToObject(Map<String,Object>)	def	e3d1405388ae91d3
ssg.liquid.Template	ssg.liquid.Template#renderToObject(Map<String,Object>,ExecutorService,boolean)	def	c758f51556411569
ssg.liquid.Template	ssg.liquid.Template#renderToObject(String)	def	2ad7c674e5731bdd
ssg.liquid.Template	ssg.liquid.Template#renderToObject(String,Object,Array<Object>)	def	12f65d8b6c8d9731
ssg.liquid.Template	ssg.liquid.Template#renderToObject(boolean,String,Object,Array<Object>)	def	178d3f4537f71fd6
ssg.liquid.Template	ssg.liquid.Template#renderToObjectUnguarded(Map<String,Object>)	def	006772b7761de4b1
ssg.liquid.Template	ssg.liquid.Template#renderToObjectUnguarded(Map<String,Object>,TemplateContext,boolean)	def	c3af3b506310d60a
ssg.liquid.Template	ssg.liquid.Template#renderToObjectUnguarded(TemplateContext)	def	24fbf0b0983545d4
ssg.liquid.Template	ssg.liquid.Template#renderUnguarded(Map<String,Object>)	def	e90ef3a20531099b
ssg.liquid.Template	ssg.liquid.Template#renderUnguarded(Map<String,Object>,TemplateContext,boolean)	def	a46b02d0e705685f
ssg.liquid.Template	ssg.liquid.Template#renderUnguarded(TemplateContext)	def	b04090b3c0cf592c
ssg.liquid.Template	ssg.liquid.Template#root	val	e50407123a354d1f
ssg.liquid.Template	ssg.liquid.Template#setRootFolderRegistry(TemplateContext,Path)	def	9eb31f124c1e306c
ssg.liquid.Template	ssg.liquid.Template#sourceLocation	val	29cb44c5e27767fe
ssg.liquid.Template	ssg.liquid.Template#templateContext	val	09982ac9d9c67814
ssg.liquid.Template	ssg.liquid.Template#templateParser	val	2e6ab8c812a09579
ssg.liquid.Template	ssg.liquid.Template#templateSize	val	c8032b9c99a6a365
ssg.liquid.Template	ssg.liquid.Template#toStringTree()	def	406b62fc3b3f9bd5
ssg.liquid.Template	ssg.liquid.Template#walk(ParseTree,StringBuilder)	def	aedb85c7aa94aed7
ssg.liquid.Template	ssg.liquid.Template#withContextHolder(ContextHolder)	def	e7ce0c47e94f1867
ssg.liquid.Template	ssg.liquid.Template$ContextHolder	class	a706b6898ac109a6
ssg.liquid.Template	ssg.liquid.Template$ContextHolder#context	val	3c013f447e9299de
ssg.liquid.Template	ssg.liquid.Template$ContextHolder#getContext()	def	8c34054dde16606e
ssg.liquid.Template	ssg.liquid.Template$ContextHolder#setContext(TemplateContext)	def	70823ab998965e2b
ssg.liquid.Template	tagNames	val	ef812d2d8ef47e1b
ssg.liquid.TemplateContext	ssg.liquid.TemplateContext	class	33b7663fc9e76ae2
ssg.liquid.TemplateContext	ssg.liquid.TemplateContext#<init>()	ctor	3490b67d895f3684
ssg.liquid.TemplateContext	ssg.liquid.TemplateContext#<init>(Map<String,Object>)	ctor	65712bd2a14e9ffc
ssg.liquid.TemplateContext	ssg.liquid.TemplateContext#<init>(Map<String,Object>,TemplateContext)	ctor	1b7cbd48cca94fc8
ssg.liquid.TemplateContext	ssg.liquid.TemplateContext#<init>(TemplateContext)	ctor	a4faf40d7a030bd7
ssg.liquid.TemplateContext	ssg.liquid.TemplateContext#<init>(TemplateParser,Map<String,Object>)	ctor	decec1cf6e9052f9
ssg.liquid.TemplateContext	ssg.liquid.TemplateContext#<stmt1>	stmt	43f5c83c7a18e581
ssg.liquid.TemplateContext	ssg.liquid.TemplateContext#<stmt2>	stmt	91eaf2776352a3f3
ssg.liquid.TemplateContext	ssg.liquid.TemplateContext#<stmt3>	stmt	310b780127b51fdf
ssg.liquid.TemplateContext	ssg.liquid.TemplateContext#<stmt4>	stmt	52471972c5175354
ssg.liquid.TemplateContext	ssg.liquid.TemplateContext#<stmt5>	stmt	7ee0c60204556149
ssg.liquid.TemplateContext	ssg.liquid.TemplateContext#REGISTRY_CYCLE	val	f1271d40f872e941
ssg.liquid.TemplateContext	ssg.liquid.TemplateContext#REGISTRY_FOR	val	ad9d3531e108dfa0
ssg.liquid.TemplateContext	ssg.liquid.TemplateContext#REGISTRY_FOR_STACK	val	d9f60ff12647948b
ssg.liquid.TemplateContext	ssg.liquid.TemplateContext#REGISTRY_IFCHANGED	val	facbbf7b2c05b3a9
ssg.liquid.TemplateContext	ssg.liquid.TemplateContext#REGISTRY_ITERATION_PROTECTOR	val	b713264a52d64f68
ssg.liquid.TemplateContext	ssg.liquid.TemplateContext#REGISTRY_ROOT_FOLDER	val	932f43eb74282d6d
ssg.liquid.TemplateContext	ssg.liquid.TemplateContext#addError(Exception)	def	efad619d57748fac
ssg.liquid.TemplateContext	ssg.liquid.TemplateContext#checkForMaxIterations(int)	def	c19afb32003335b0
ssg.liquid.TemplateContext	ssg.liquid.TemplateContext#containsKey(String)	def	6a6766d5928172a0
ssg.liquid.TemplateContext	ssg.liquid.TemplateContext#environmentMap	val	69e1f7128cf86ed3
ssg.liquid.TemplateContext	ssg.liquid.TemplateContext#errors	val	37eeeff8b2276aa5
ssg.liquid.TemplateContext	ssg.liquid.TemplateContext#errors()	def	9d0415acf9a3007d
ssg.liquid.TemplateContext	ssg.liquid.TemplateContext#get(String)	def	19354e485e428765
ssg.liquid.TemplateContext	ssg.liquid.TemplateContext#getDateParser()	def	7c68c028e528cfa1
ssg.liquid.TemplateContext	ssg.liquid.TemplateContext#getEnvironmentMap()	def	a1e1e834d639ece4
ssg.liquid.TemplateContext	ssg.liquid.TemplateContext#getErrorMode()	def	a1ba7825e23091e0
ssg.liquid.TemplateContext	ssg.liquid.TemplateContext#getParser()	def	f8dd3bf5ab8c4712
ssg.liquid.TemplateContext	ssg.liquid.TemplateContext#getRegistry(String)	def	b4ecb74d56a73790
ssg.liquid.TemplateContext	ssg.liquid.TemplateContext#getRootFolder()	def	e4b1832dbeb97519
ssg.liquid.TemplateContext	ssg.liquid.TemplateContext#getVariables()	def	f24831bf8d800784
ssg.liquid.TemplateContext	ssg.liquid.TemplateContext#incrementIterations()	def	d691330f580ae217
ssg.liquid.TemplateContext	ssg.liquid.TemplateContext#newChildContext()	def	6adb4d6cecb86f85
ssg.liquid.TemplateContext	ssg.liquid.TemplateContext#newChildContext(Map<String,Object>)	def	5dd0732d35d734b8
ssg.liquid.TemplateContext	ssg.liquid.TemplateContext#newObjectAppender(int)	def	2e038cd547f3b8f6
ssg.liquid.TemplateContext	ssg.liquid.TemplateContext#parent	val	3f885f62000c162d
ssg.liquid.TemplateContext	ssg.liquid.TemplateContext#parser	val	67943f9919a99bd8
ssg.liquid.TemplateContext	ssg.liquid.TemplateContext#put(String,Object)	def	8a6f01793c68e44c
ssg.liquid.TemplateContext	ssg.liquid.TemplateContext#put(String,Object,boolean)	def	79cb80025b943acb
ssg.liquid.TemplateContext	ssg.liquid.TemplateContext#registry	val	feb0476bddff0e3d
ssg.liquid.TemplateContext	ssg.liquid.TemplateContext#remove(String)	def	31f3b716c734ec1b
ssg.liquid.TemplateContext	ssg.liquid.TemplateContext#template	val	8106632e07d74f08
ssg.liquid.TemplateContext	ssg.liquid.TemplateContext#variables	val	5a41ee34966d568d
ssg.liquid.TemplateParser	ssg.liquid.TemplateParser	class	1c3588c1e4719b09
ssg.liquid.TemplateParser	ssg.liquid.TemplateParser#<stmt10>	stmt	37b4b5ae2fbd3c5d
ssg.liquid.TemplateParser	ssg.liquid.TemplateParser#<stmt11>	stmt	fb930882d03c4b3b
ssg.liquid.TemplateParser	ssg.liquid.TemplateParser#<stmt12>	stmt	415d0efb1ef863b4
ssg.liquid.TemplateParser	ssg.liquid.TemplateParser#<stmt13>	stmt	0686405b138868d7
ssg.liquid.TemplateParser	ssg.liquid.TemplateParser#<stmt14>	stmt	fc6b3e048bba5e51
ssg.liquid.TemplateParser	ssg.liquid.TemplateParser#<stmt15>	stmt	9d2014d395c22a3a
ssg.liquid.TemplateParser	ssg.liquid.TemplateParser#<stmt16>	stmt	c9672c8399f29ed0
ssg.liquid.TemplateParser	ssg.liquid.TemplateParser#<stmt17>	stmt	e12a23cdea977237
ssg.liquid.TemplateParser	ssg.liquid.TemplateParser#<stmt18>	stmt	7523a8863ca5ad74
ssg.liquid.TemplateParser	ssg.liquid.TemplateParser#<stmt19>	stmt	95abab563c0ff90b
ssg.liquid.TemplateParser	ssg.liquid.TemplateParser#<stmt1>	stmt	ad0f773ef04f346d
ssg.liquid.TemplateParser	ssg.liquid.TemplateParser#<stmt20>	stmt	91936e294b5a72f7
ssg.liquid.TemplateParser	ssg.liquid.TemplateParser#<stmt21>	stmt	a51b8ddb719e56b5
ssg.liquid.TemplateParser	ssg.liquid.TemplateParser#<stmt22>	stmt	58ad197545853456
ssg.liquid.TemplateParser	ssg.liquid.TemplateParser#<stmt23>	stmt	d26642574afce25c
ssg.liquid.TemplateParser	ssg.liquid.TemplateParser#<stmt24>	stmt	c936f8c2b401c9ab
ssg.liquid.TemplateParser	ssg.liquid.TemplateParser#<stmt2>	stmt	83171d6c42f5cc27
ssg.liquid.TemplateParser	ssg.liquid.TemplateParser#<stmt3>	stmt	bc5d28d7ac62ef53
ssg.liquid.TemplateParser	ssg.liquid.TemplateParser#<stmt4>	stmt	d75eb64fa866d20b
ssg.liquid.TemplateParser	ssg.liquid.TemplateParser#<stmt5>	stmt	ef9843fd46b2547e
ssg.liquid.TemplateParser	ssg.liquid.TemplateParser#<stmt6>	stmt	3f810a18cac10432
ssg.liquid.TemplateParser	ssg.liquid.TemplateParser#<stmt7>	stmt	e1675c0a64814d84
ssg.liquid.TemplateParser	ssg.liquid.TemplateParser#<stmt8>	stmt	d9235b0351b25245
ssg.liquid.TemplateParser	ssg.liquid.TemplateParser#<stmt9>	stmt	bc8a0409fe3af3c4
ssg.liquid.TemplateParser	ssg.liquid.TemplateParser#DEFAULT	val	468b1080b0ad3d8d
ssg.liquid.TemplateParser	ssg.liquid.TemplateParser#DEFAULT_FLAVOR	val	47d284af96a54942
ssg.liquid.TemplateParser	ssg.liquid.TemplateParser#DEFAULT_JEKYLL	val	8c600604217a4102
ssg.liquid.TemplateParser	ssg.liquid.TemplateParser#DEFAULT_LOCALE	val	db44821a0b841e53
ssg.liquid.TemplateParser	ssg.liquid.TemplateParser#dateParser	val	699b91141c8525d0
ssg.liquid.TemplateParser	ssg.liquid.TemplateParser#defaultTimeZone	val	ffed85e259e8b069
ssg.liquid.TemplateParser	ssg.liquid.TemplateParser#environmentMapConfigurator	val	83e702a49a6471d8
ssg.liquid.TemplateParser	ssg.liquid.TemplateParser#errorMode	val	4bbe590233dc7fa0
ssg.liquid.TemplateParser	ssg.liquid.TemplateParser#evaluate(Object)	def	a6d520561583fc37
ssg.liquid.TemplateParser	ssg.liquid.TemplateParser#evaluate(ObjectMapper,Map<String,Object>)	def	cf5e2495af0756e6
ssg.liquid.TemplateParser	ssg.liquid.TemplateParser#evaluate(ObjectMapper,Object)	def	d3c8a9c3fb9dec66
ssg.liquid.TemplateParser	ssg.liquid.TemplateParser#evaluateInOutputTag	val	295ac0dc24cc452f
ssg.liquid.TemplateParser	ssg.liquid.TemplateParser#evaluateMode	val	1a920d94e53e8d18
ssg.liquid.TemplateParser	ssg.liquid.TemplateParser#filters	val	892460793b49fcf9
ssg.liquid.TemplateParser	ssg.liquid.TemplateParser#flavor	val	82d73b3ac5e33641
ssg.liquid.TemplateParser	ssg.liquid.TemplateParser#getDateParser()	def	7dc1b7ed05a48e3a
ssg.liquid.TemplateParser	ssg.liquid.TemplateParser#getEnvironmentMapConfigurator()	def	c21f808996640275
ssg.liquid.TemplateParser	ssg.liquid.TemplateParser#getErrorMode()	def	77d20b679e8da553
ssg.liquid.TemplateParser	ssg.liquid.TemplateParser#getLimitMaxIterations()	def	409f6e22252117bf
ssg.liquid.TemplateParser	ssg.liquid.TemplateParser#getLimitMaxRenderTimeMillis()	def	cdbe4a73ffd3de9a
ssg.liquid.TemplateParser	ssg.liquid.TemplateParser#getLimitMaxSizeRenderedString()	def	e16ee217d4e89283
ssg.liquid.TemplateParser	ssg.liquid.TemplateParser#getLimitMaxTemplateSizeBytes()	def	4381ed07e7860150
ssg.liquid.TemplateParser	ssg.liquid.TemplateParser#getLocationFromInputStream(InputStream)	def	c2c2122d8b6ef77d
ssg.liquid.TemplateParser	ssg.liquid.TemplateParser#getMapper()	def	ff661ea8d54562cd
ssg.liquid.TemplateParser	ssg.liquid.TemplateParser#getRenderTransformer()	def	58fb952eb2f26822
ssg.liquid.TemplateParser	ssg.liquid.TemplateParser#insertions	val	07181c8f704b902c
ssg.liquid.TemplateParser	ssg.liquid.TemplateParser#isRenderTimeLimited()	def	ecb1fb75a2020672
ssg.liquid.TemplateParser	ssg.liquid.TemplateParser#isStripSingleLine()	def	ab8ccfe219801df4
ssg.liquid.TemplateParser	ssg.liquid.TemplateParser#isStripSpacesAroundTags()	def	98edc1df189c8c51
ssg.liquid.TemplateParser	ssg.liquid.TemplateParser#limitMaxIterations	val	03c959c70c803c87
ssg.liquid.TemplateParser	ssg.liquid.TemplateParser#limitMaxRenderTimeMillis	val	b07553d26be77df1
ssg.liquid.TemplateParser	ssg.liquid.TemplateParser#limitMaxSizeRenderedString	val	d2a9c8543a7b66cf
ssg.liquid.TemplateParser	ssg.liquid.TemplateParser#limitMaxTemplateSizeBytes	val	bacccbdfbdc91d5d
ssg.liquid.TemplateParser	ssg.liquid.TemplateParser#liquidStyleInclude	val	be62d40458c393de
ssg.liquid.TemplateParser	ssg.liquid.TemplateParser#liquidStyleWhere	val	32dd7da184440233
ssg.liquid.TemplateParser	ssg.liquid.TemplateParser#locale	val	df6982db9b165e84
ssg.liquid.TemplateParser	ssg.liquid.TemplateParser#mapper	val	428cb1ffea16f6cd
ssg.liquid.TemplateParser	ssg.liquid.TemplateParser#nameResolver	val	8ee061624ffc385d
ssg.liquid.TemplateParser	ssg.liquid.TemplateParser#parse(CharStream)	def	d2b9b789a93d01da
ssg.liquid.TemplateParser	ssg.liquid.TemplateParser#parse(File)	def	1c5f08d9bda51610
ssg.liquid.TemplateParser	ssg.liquid.TemplateParser#parse(InputStream)	def	d38c255e08986712
ssg.liquid.TemplateParser	ssg.liquid.TemplateParser#parse(Path)	def	d8b6c181a035498c
ssg.liquid.TemplateParser	ssg.liquid.TemplateParser#parse(Reader)	def	bdf831e42fdbd53a
ssg.liquid.TemplateParser	ssg.liquid.TemplateParser#parse(String)	def	f8522030b5aff611
ssg.liquid.TemplateParser	ssg.liquid.TemplateParser#renderTransformer	val	34a208de52c90e01
ssg.liquid.TemplateParser	ssg.liquid.TemplateParser#showExceptionsFromInclude	val	4a830ee2dc6bc3b9
ssg.liquid.TemplateParser	ssg.liquid.TemplateParser#strictTypedExpressions	val	2bc580e22840b053
ssg.liquid.TemplateParser	ssg.liquid.TemplateParser#strictVariables	val	4687a968d7d7e7d9
ssg.liquid.TemplateParser	ssg.liquid.TemplateParser#stripSingleLine	val	65b04112a3794a27
ssg.liquid.TemplateParser	ssg.liquid.TemplateParser#stripSpacesAroundTags	val	e52aa93140684b19
ssg.liquid.TemplateParser	ssg.liquid.TemplateParser$Builder	class	35a41dde4f50e6ca
ssg.liquid.TemplateParser	ssg.liquid.TemplateParser$Builder#<init>()	ctor	11d0ea309b340137
ssg.liquid.TemplateParser	ssg.liquid.TemplateParser$Builder#<init>(TemplateParser)	ctor	71d8415696a9a9c7
ssg.liquid.TemplateParser	ssg.liquid.TemplateParser$Builder#build()	def	3570967735d3f36b
ssg.liquid.TemplateParser	ssg.liquid.TemplateParser$Builder#dateParser	val	17a3f1e493eaab8b
ssg.liquid.TemplateParser	ssg.liquid.TemplateParser$Builder#defaultTimeZone	val	296e93da257b5fea
ssg.liquid.TemplateParser	ssg.liquid.TemplateParser$Builder#environmentMapConfigurator	val	486fd88dee373fb9
ssg.liquid.TemplateParser	ssg.liquid.TemplateParser$Builder#errorMode	val	7c38feeedeff0f41
ssg.liquid.TemplateParser	ssg.liquid.TemplateParser$Builder#evaluateInOutputTag	val	7752d68e00ff571d
ssg.liquid.TemplateParser	ssg.liquid.TemplateParser$Builder#evaluateMode	val	a974dd29c810756e
ssg.liquid.TemplateParser	ssg.liquid.TemplateParser$Builder#filters	val	aa00aa68a66b0425
ssg.liquid.TemplateParser	ssg.liquid.TemplateParser$Builder#flavor	val	2148278f586d80a7
ssg.liquid.TemplateParser	ssg.liquid.TemplateParser$Builder#insertions	val	0b49f1c817bcc84c
ssg.liquid.TemplateParser	ssg.liquid.TemplateParser$Builder#limitMaxIterations	val	ff1ccb56f60f048e
ssg.liquid.TemplateParser	ssg.liquid.TemplateParser$Builder#limitMaxRenderTimeMillis	val	082b0f23242099ed
ssg.liquid.TemplateParser	ssg.liquid.TemplateParser$Builder#limitMaxSizeRenderedString	val	34567611f4bd6aa9
ssg.liquid.TemplateParser	ssg.liquid.TemplateParser$Builder#limitMaxTemplateSizeBytes	val	08eea2279d2bbf62
ssg.liquid.TemplateParser	ssg.liquid.TemplateParser$Builder#liquidStyleInclude	val	d5c01145afa78359
ssg.liquid.TemplateParser	ssg.liquid.TemplateParser$Builder#liquidStyleWhere	val	52279fd30e90570b
ssg.liquid.TemplateParser	ssg.liquid.TemplateParser$Builder#locale	val	b3ebf4e380dfc5d0
ssg.liquid.TemplateParser	ssg.liquid.TemplateParser$Builder#mapper	val	4d25919ba95d5787
ssg.liquid.TemplateParser	ssg.liquid.TemplateParser$Builder#nameResolver	val	77c8e583e1ea6af5
ssg.liquid.TemplateParser	ssg.liquid.TemplateParser$Builder#renderTransformer	val	7fe79ae6b01af316
ssg.liquid.TemplateParser	ssg.liquid.TemplateParser$Builder#showExceptionsFromInclude	val	79aab6083f9dc596
ssg.liquid.TemplateParser	ssg.liquid.TemplateParser$Builder#snippetsFolderName	val	3ddb08f62a55b0dd
ssg.liquid.TemplateParser	ssg.liquid.TemplateParser$Builder#strictTypedExpressions	val	a6000654551a8029
ssg.liquid.TemplateParser	ssg.liquid.TemplateParser$Builder#strictVariables	val	2fe4d035115a35b5
ssg.liquid.TemplateParser	ssg.liquid.TemplateParser$Builder#stripSingleLine	val	3748fb1c96760c62
ssg.liquid.TemplateParser	ssg.liquid.TemplateParser$Builder#stripSpacesAroundTags	val	b9437a325a380135
ssg.liquid.TemplateParser	ssg.liquid.TemplateParser$Builder#withBlock(Block)	def	e4bb61956fc66857
ssg.liquid.TemplateParser	ssg.liquid.TemplateParser$Builder#withDateParser(BasicDateParser)	def	03e56514107a28a1
ssg.liquid.TemplateParser	ssg.liquid.TemplateParser$Builder#withDefaultTimeZone(ZoneId)	def	a5ddf2c06379d068
ssg.liquid.TemplateParser	ssg.liquid.TemplateParser$Builder#withEnvironmentMapConfigurator(Consumer<Map<String,Object>>)	def	b6a64515c6e46093
ssg.liquid.TemplateParser	ssg.liquid.TemplateParser$Builder#withErrorMode(ErrorMode)	def	cdd852aa0edfb4c5
ssg.liquid.TemplateParser	ssg.liquid.TemplateParser$Builder#withEvaluateInOutputTag(boolean)	def	2b99cf11472730b9
ssg.liquid.TemplateParser	ssg.liquid.TemplateParser$Builder#withEvaluateMode(EvaluateMode)	def	c686e43ec22c4dc1
ssg.liquid.TemplateParser	ssg.liquid.TemplateParser$Builder#withFilter(Filter)	def	cc360d2ad4f6a64e
ssg.liquid.TemplateParser	ssg.liquid.TemplateParser$Builder#withFlavor(Flavor)	def	1bfbc4b8f09ae4f5
ssg.liquid.TemplateParser	ssg.liquid.TemplateParser$Builder#withLiquidStyleInclude(boolean)	def	c735e3a1f5be7aaa
ssg.liquid.TemplateParser	ssg.liquid.TemplateParser$Builder#withLocale(Locale)	def	c08f37dccf4079b9
ssg.liquid.TemplateParser	ssg.liquid.TemplateParser$Builder#withMaxIterations(int)	def	a53ffb93243bc0d4
ssg.liquid.TemplateParser	ssg.liquid.TemplateParser$Builder#withMaxRenderTimeMillis(long)	def	7f766d1052211c3a
ssg.liquid.TemplateParser	ssg.liquid.TemplateParser$Builder#withMaxSizeRenderedString(int)	def	836e3b02d0cf20be
ssg.liquid.TemplateParser	ssg.liquid.TemplateParser$Builder#withMaxTemplateSizeBytes(long)	def	188b7e655f9fc7e0
ssg.liquid.TemplateParser	ssg.liquid.TemplateParser$Builder#withNameResolver(NameResolver)	def	acb8dc99d795162c
ssg.liquid.TemplateParser	ssg.liquid.TemplateParser$Builder#withObjectMapper(ObjectMapper)	def	49cfadcdfd7dc4d6
ssg.liquid.TemplateParser	ssg.liquid.TemplateParser$Builder#withRenderTransformer(RenderTransformer)	def	ab336bba07f3e18d
ssg.liquid.TemplateParser	ssg.liquid.TemplateParser$Builder#withShowExceptionsFromInclude(boolean)	def	ecec64a861f61fcf
ssg.liquid.TemplateParser	ssg.liquid.TemplateParser$Builder#withSnippetsFolderName(String)	def	6bfec362abf0a21a
ssg.liquid.TemplateParser	ssg.liquid.TemplateParser$Builder#withStrictTypedExpressions(boolean)	def	afd1966847eaa09b
ssg.liquid.TemplateParser	ssg.liquid.TemplateParser$Builder#withStrictVariables(boolean)	def	a012cbb5af09b3d6
ssg.liquid.TemplateParser	ssg.liquid.TemplateParser$Builder#withStripSingleLine(boolean)	def	e820ce6d4474882b
ssg.liquid.TemplateParser	ssg.liquid.TemplateParser$Builder#withStripSpaceAroundTags(boolean)	def	6d7b5b2f76ffa4b3
ssg.liquid.TemplateParser	ssg.liquid.TemplateParser$Builder#withStripSpaceAroundTags(boolean,boolean)	def	26da0cfb4422c0b8
ssg.liquid.TemplateParser	ssg.liquid.TemplateParser$Builder#withTag(Tag)	def	eaa697a74d2206ec
ssg.liquid.TemplateParser	ssg.liquid.TemplateParser$ErrorMode	class	4e430ea03f154fa6
ssg.liquid.TemplateParser	ssg.liquid.TemplateParser$EvaluateMode	class	91c0d660ddc61352
ssg.liquid.antlr.CharStreamWithLocation	ssg.liquid.antlr.CharStreamWithLocation	class	247ce2b8676bbdfe
ssg.liquid.antlr.CharStreamWithLocation	ssg.liquid.antlr.CharStreamWithLocation#<init>(CharStream)	ctor	b7ce870305de6ce9
ssg.liquid.antlr.CharStreamWithLocation	ssg.liquid.antlr.CharStreamWithLocation#<init>(CharStream,Path)	ctor	e7074ca52b668230
ssg.liquid.antlr.CharStreamWithLocation	ssg.liquid.antlr.CharStreamWithLocation#<init>(Path)	ctor	8983ae2ffab96926
ssg.liquid.antlr.CharStreamWithLocation	ssg.liquid.antlr.CharStreamWithLocation#getPath()	def	09a6304321da3c2a
ssg.liquid.antlr.CharStreamWithLocation	ssg.liquid.antlr.CharStreamWithLocation#path	val	adcf80a60177ed24
ssg.liquid.antlr.FilterCharStream	ssg.liquid.antlr.FilterCharStream	class	57b571afb81e0e96
ssg.liquid.antlr.FilterCharStream	ssg.liquid.antlr.FilterCharStream#<stmt1>	stmt	cc69360e4e6a72ba
ssg.liquid.antlr.FilterCharStream	ssg.liquid.antlr.FilterCharStream#LA(int)	def	6760d3770f4c101e
ssg.liquid.antlr.FilterCharStream	ssg.liquid.antlr.FilterCharStream#consume()	def	d4c75886ca38d7c8
ssg.liquid.antlr.FilterCharStream	ssg.liquid.antlr.FilterCharStream#getSourceName()	def	c2c2eab8cae33267
ssg.liquid.antlr.FilterCharStream	ssg.liquid.antlr.FilterCharStream#getText(Interval)	def	773092ad91e20d53
ssg.liquid.antlr.FilterCharStream	ssg.liquid.antlr.FilterCharStream#in	val	694e3c4cde679a19
ssg.liquid.antlr.FilterCharStream	ssg.liquid.antlr.FilterCharStream#index()	def	007a6131f0cf741e
ssg.liquid.antlr.FilterCharStream	ssg.liquid.antlr.FilterCharStream#mark()	def	18ba57446724fa70
ssg.liquid.antlr.FilterCharStream	ssg.liquid.antlr.FilterCharStream#release(int)	def	2a801d1c09114456
ssg.liquid.antlr.FilterCharStream	ssg.liquid.antlr.FilterCharStream#seek(int)	def	653c6275c77d986f
ssg.liquid.antlr.FilterCharStream	ssg.liquid.antlr.FilterCharStream#size()	def	fb60b34fb047dd47
ssg.liquid.antlr.LocalFSNameResolver	ssg.liquid.antlr.LocalFSNameResolver	class	e9eb2c365dda4e35
ssg.liquid.antlr.LocalFSNameResolver	ssg.liquid.antlr.LocalFSNameResolver#<stmt1>	stmt	884ebf40a8e3248b
ssg.liquid.antlr.LocalFSNameResolver	ssg.liquid.antlr.LocalFSNameResolver#DEFAULT_EXTENSION	val	61409a7ed5e36d9c
ssg.liquid.antlr.LocalFSNameResolver	ssg.liquid.antlr.LocalFSNameResolver#resolve(String)	def	4e1e21be8253227b
ssg.liquid.antlr.LocalFSNameResolver	ssg.liquid.antlr.LocalFSNameResolver#root	val	11483c066a49468f
ssg.liquid.antlr.NameResolver	ssg.liquid.antlr.NameResolver	class	fda64982e43dc6c9
ssg.liquid.antlr.NameResolver	ssg.liquid.antlr.NameResolver#getLocationFromCharStream(CharStream)	def	66f8f27f0f349102
ssg.liquid.antlr.NameResolver	ssg.liquid.antlr.NameResolver#resolve(String)	def	60e270806b12748c
ssg.liquid.blocks.Block	ssg.liquid.blocks.Block	class	5843fd05e994c75b
ssg.liquid.blocks.Block	ssg.liquid.blocks.Block#<init>(String)	ctor	9bca9cb4a5422e96
ssg.liquid.blocks.Capture	ssg.liquid.blocks.Capture	class	af1f365eca94882f
ssg.liquid.blocks.Capture	ssg.liquid.blocks.Capture#render(TemplateContext,Array<LNode>)	def	6079d4b98e7699a1
ssg.liquid.blocks.Case	ssg.liquid.blocks.Case	class	ca0ad0abacf0cefe
ssg.liquid.blocks.Case	ssg.liquid.blocks.Case#render(TemplateContext,Array<LNode>)	def	5e14aac163030dc1
ssg.liquid.blocks.Comment	ssg.liquid.blocks.Comment	class	4e885f919a8a2fb5
ssg.liquid.blocks.Comment	ssg.liquid.blocks.Comment#render(TemplateContext,Array<LNode>)	def	31593c5cb8018e12
ssg.liquid.blocks.Cycle	ssg.liquid.blocks.Cycle	class	3d7597970526fa77
ssg.liquid.blocks.Cycle	ssg.liquid.blocks.Cycle#render(TemplateContext,Array<LNode>)	def	2652e3cb75d8ff63
ssg.liquid.blocks.Cycle	ssg.liquid.blocks.Cycle$CycleGroup	class	02d08b636cd2888c
ssg.liquid.blocks.Cycle	ssg.liquid.blocks.Cycle$CycleGroup#<stmt1>	stmt	0755c69f9dbdf442
ssg.liquid.blocks.Cycle	ssg.liquid.blocks.Cycle$CycleGroup#<stmt2>	stmt	9dc9959f5b59a063
ssg.liquid.blocks.Cycle	ssg.liquid.blocks.Cycle$CycleGroup#currentIndex	val	05f7e7898454f924
ssg.liquid.blocks.Cycle	ssg.liquid.blocks.Cycle$CycleGroup#next(Buffer<Object>)	def	27c241ab94243829
ssg.liquid.blocks.Cycle	ssg.liquid.blocks.Cycle$CycleGroup#sizeFirstCycle	val	2b5c8d1be7c3e9d9
ssg.liquid.blocks.For	ssg.liquid.blocks.For	class	4ecf73374df61b0e
ssg.liquid.blocks.For	ssg.liquid.blocks.For#FIRST	val	0a171910027b166e
ssg.liquid.blocks.For	ssg.liquid.blocks.For#FORLOOP	val	a59c1e123c69a7d4
ssg.liquid.blocks.For	ssg.liquid.blocks.For#INDEX	val	de4b3419743ea851
ssg.liquid.blocks.For	ssg.liquid.blocks.For#INDEX0	val	87871179f0f27e81
ssg.liquid.blocks.For	ssg.liquid.blocks.For#LAST	val	bed84a4e12df12ff
ssg.liquid.blocks.For	ssg.liquid.blocks.For#LENGTH	val	a45937b05b5a7ed2
ssg.liquid.blocks.For	ssg.liquid.blocks.For#LIMIT	val	4d6f51a69e2f2a0c
ssg.liquid.blocks.For	ssg.liquid.blocks.For#NAME	val	216c51424ccca1d9
ssg.liquid.blocks.For	ssg.liquid.blocks.For#OFFSET	val	971dcbee0d631270
ssg.liquid.blocks.For	ssg.liquid.blocks.For#PARENTLOOP	val	b1d787856ca4dd32
ssg.liquid.blocks.For	ssg.liquid.blocks.For#RINDEX	val	b949f3b63818dd1f
ssg.liquid.blocks.For	ssg.liquid.blocks.For#RINDEX0	val	28644f5e3c29a58e
ssg.liquid.blocks.For	ssg.liquid.blocks.For#createLoopDropInStack(TemplateContext,String,int)	def	02ae8a0938720e99
ssg.liquid.blocks.For	ssg.liquid.blocks.For#getAttributes(int,TemplateContext,String,Array<LNode>)	def	a2be6cd538238c51
ssg.liquid.blocks.For	ssg.liquid.blocks.For#getParentForloopDropStack(TemplateContext)	def	429ce81da6d7f402
ssg.liquid.blocks.For	ssg.liquid.blocks.For#popLoopDropFromStack(TemplateContext)	def	0c9bc3a1522d9a65
ssg.liquid.blocks.For	ssg.liquid.blocks.For#render(TemplateContext,Array<LNode>)	def	7e6f0455c6b59f37
ssg.liquid.blocks.For	ssg.liquid.blocks.For#renderArray(String,TemplateContext,String,boolean,Array<LNode>)	def	02332e0481d4143a
ssg.liquid.blocks.For	ssg.liquid.blocks.For#renderForLoopBody(TemplateContext,Controller,Buffer<LNode>)	def	9cfae757b6aeb4ce
ssg.liquid.blocks.For	ssg.liquid.blocks.For#renderRange(String,TemplateContext,String,boolean,Array<LNode>)	def	f7047dce5cc587c8
ssg.liquid.blocks.For	ssg.liquid.blocks.For$ForLoopDrop	class	144c618d44cefb58
ssg.liquid.blocks.For	ssg.liquid.blocks.For$ForLoopDrop#<stmt1>	stmt	0298925d2950f998
ssg.liquid.blocks.For	ssg.liquid.blocks.For$ForLoopDrop#<stmt2>	stmt	0f7eb081365a3d27
ssg.liquid.blocks.For	ssg.liquid.blocks.For$ForLoopDrop#<stmt3>	stmt	b53b494ccdcfdbf2
ssg.liquid.blocks.For	ssg.liquid.blocks.For$ForLoopDrop#<stmt4>	stmt	623b0b57bb0af7a3
ssg.liquid.blocks.For	ssg.liquid.blocks.For$ForLoopDrop#increment()	def	f3046c6e89a8fad4
ssg.liquid.blocks.For	ssg.liquid.blocks.For$ForLoopDrop#index	val	fe5ad0a69de9c9b3
ssg.liquid.blocks.For	ssg.liquid.blocks.For$ForLoopDrop#length	val	0eddff0cda36e1df
ssg.liquid.blocks.For	ssg.liquid.blocks.For$ForLoopDrop#map	val	e43a4b776bd1e7fa
ssg.liquid.blocks.For	ssg.liquid.blocks.For$ForLoopDrop#parentloop	val	b2190615b10ff7c3
ssg.liquid.blocks.For	ssg.liquid.blocks.For$ForLoopDrop#toLiquid()	def	1ceb81fddf6b89ba
ssg.liquid.blocks.If	ssg.liquid.blocks.If	class	e88513eb84beaf86
ssg.liquid.blocks.If	ssg.liquid.blocks.If#render(TemplateContext,Array<LNode>)	def	37cf1f9cf6bc3125
ssg.liquid.blocks.Ifchanged	ssg.liquid.blocks.Ifchanged	class	a557786c997d75ec
ssg.liquid.blocks.Ifchanged	ssg.liquid.blocks.Ifchanged#render(TemplateContext,Array<LNode>)	def	1d310c3c7e36520f
ssg.liquid.blocks.Raw	ssg.liquid.blocks.Raw	class	bae8978bbff49e51
ssg.liquid.blocks.Raw	ssg.liquid.blocks.Raw#render(TemplateContext,Array<LNode>)	def	23306140c49fabeb
ssg.liquid.blocks.Tablerow	ssg.liquid.blocks.Tablerow	class	5f006b5b712a6f66
ssg.liquid.blocks.Tablerow	ssg.liquid.blocks.Tablerow#COL	val	23318e42e1202751
ssg.liquid.blocks.Tablerow	ssg.liquid.blocks.Tablerow#COL0	val	62d147c49c600f27
ssg.liquid.blocks.Tablerow	ssg.liquid.blocks.Tablerow#COLS	val	9b1865e894196b97
ssg.liquid.blocks.Tablerow	ssg.liquid.blocks.Tablerow#COL_FIRST	val	f16ca00b68b67834
ssg.liquid.blocks.Tablerow	ssg.liquid.blocks.Tablerow#COL_LAST	val	b773b2c6292e59f7
ssg.liquid.blocks.Tablerow	ssg.liquid.blocks.Tablerow#FIRST	val	7e05a3ec93f6154d
ssg.liquid.blocks.Tablerow	ssg.liquid.blocks.Tablerow#INDEX	val	95268562df8ce845
ssg.liquid.blocks.Tablerow	ssg.liquid.blocks.Tablerow#INDEX0	val	fce9a8eac3952389
ssg.liquid.blocks.Tablerow	ssg.liquid.blocks.Tablerow#LAST	val	b36b53656693f000
ssg.liquid.blocks.Tablerow	ssg.liquid.blocks.Tablerow#LENGTH	val	02dc47dc2caa57e3
ssg.liquid.blocks.Tablerow	ssg.liquid.blocks.Tablerow#LIMIT	val	4d6f51a69e2f2a0c
ssg.liquid.blocks.Tablerow	ssg.liquid.blocks.Tablerow#OFFSET	val	971dcbee0d631270
ssg.liquid.blocks.Tablerow	ssg.liquid.blocks.Tablerow#RINDEX	val	a96ade521a3d0aa0
ssg.liquid.blocks.Tablerow	ssg.liquid.blocks.Tablerow#RINDEX0	val	d33405eda31ed292
ssg.liquid.blocks.Tablerow	ssg.liquid.blocks.Tablerow#ROW	val	f06438837905edd3
ssg.liquid.blocks.Tablerow	ssg.liquid.blocks.Tablerow#TABLEROWLOOP	val	d87858ef36ab2ebe
ssg.liquid.blocks.Tablerow	ssg.liquid.blocks.Tablerow#getAttributes(Array<Object>,int,TemplateContext,Array<LNode>)	def	5ebfddce7f6bd264
ssg.liquid.blocks.Tablerow	ssg.liquid.blocks.Tablerow#render(TemplateContext,Array<LNode>)	def	48e0f1ac1555fc3a
ssg.liquid.blocks.Tablerow	ssg.liquid.blocks.Tablerow$TablerowloopDrop	class	863f67cb3e26164f
ssg.liquid.blocks.Tablerow	ssg.liquid.blocks.Tablerow$TablerowloopDrop#<stmt1>	stmt	0f7eb081365a3d27
ssg.liquid.blocks.Tablerow	ssg.liquid.blocks.Tablerow$TablerowloopDrop#<stmt2>	stmt	51bf07b746c4f0fd
ssg.liquid.blocks.Tablerow	ssg.liquid.blocks.Tablerow$TablerowloopDrop#<stmt3>	stmt	8463d3bca2894342
ssg.liquid.blocks.Tablerow	ssg.liquid.blocks.Tablerow$TablerowloopDrop#<stmt4>	stmt	c9f59be9793f53d9
ssg.liquid.blocks.Tablerow	ssg.liquid.blocks.Tablerow$TablerowloopDrop#<stmt5>	stmt	b53b494ccdcfdbf2
ssg.liquid.blocks.Tablerow	ssg.liquid.blocks.Tablerow$TablerowloopDrop#col	val	f1618ff87cf6463c
ssg.liquid.blocks.Tablerow	ssg.liquid.blocks.Tablerow$TablerowloopDrop#cols	val	efbb90c6d836861b
ssg.liquid.blocks.Tablerow	ssg.liquid.blocks.Tablerow$TablerowloopDrop#increment()	def	e6d9b8286276571e
ssg.liquid.blocks.Tablerow	ssg.liquid.blocks.Tablerow$TablerowloopDrop#index	val	81234b4b55c4852e
ssg.liquid.blocks.Tablerow	ssg.liquid.blocks.Tablerow$TablerowloopDrop#length	val	17f3e7872ce38fc9
ssg.liquid.blocks.Tablerow	ssg.liquid.blocks.Tablerow$TablerowloopDrop#row	val	b4c51c4f1fff3a01
ssg.liquid.blocks.Tablerow	ssg.liquid.blocks.Tablerow$TablerowloopDrop#tablerowloopContext	val	e05f93d2ee4aa351
ssg.liquid.blocks.Tablerow	ssg.liquid.blocks.Tablerow$TablerowloopDrop#toLiquid()	def	f2292d7c2a93b6e9
ssg.liquid.blocks.Unless	ssg.liquid.blocks.Unless	class	d227aa88440a7424
ssg.liquid.blocks.Unless	ssg.liquid.blocks.Unless#render(TemplateContext,Array<LNode>)	def	f2e8655f3281b1a3
ssg.liquid.exceptions.ExceededMaxIterationsException	ssg.liquid.exceptions.ExceededMaxIterationsException	class	b851757ba89968b0
ssg.liquid.exceptions.ExceededMaxIterationsException	ssg.liquid.exceptions.ExceededMaxIterationsException#serialVersionUID	val	48fc4574d2daa08b
ssg.liquid.exceptions.IncompatibleTypeComparisonException	ssg.liquid.exceptions.IncompatibleTypeComparisonException	class	d75ebc69d5538c8b
ssg.liquid.exceptions.IncompatibleTypeComparisonException	ssg.liquid.exceptions.IncompatibleTypeComparisonException#<stmt1>	stmt	a979073c96600609
ssg.liquid.exceptions.IncompatibleTypeComparisonException	ssg.liquid.exceptions.IncompatibleTypeComparisonException#<stmt2>	stmt	bd4030b3f65def62
ssg.liquid.exceptions.IncompatibleTypeComparisonException	ssg.liquid.exceptions.IncompatibleTypeComparisonException#a	val	b386735613826616
ssg.liquid.exceptions.IncompatibleTypeComparisonException	ssg.liquid.exceptions.IncompatibleTypeComparisonException#b	val	a2c5d9d3b7034450
ssg.liquid.exceptions.IncompatibleTypeComparisonException	ssg.liquid.exceptions.IncompatibleTypeComparisonException#getMessage()	def	c5911c616df0b857
ssg.liquid.exceptions.IncompatibleTypeComparisonException	ssg.liquid.exceptions.IncompatibleTypeComparisonException#serialVersionUID	val	48fc4574d2daa08b
ssg.liquid.exceptions.LiquidException	ssg.liquid.exceptions.LiquidException	class	357e3355eec8cd69
ssg.liquid.exceptions.LiquidException	ssg.liquid.exceptions.LiquidException#<init>(RecognitionException)	ctor	e74a5c13782663ab
ssg.liquid.exceptions.LiquidException	ssg.liquid.exceptions.LiquidException#<init>(String,ParserRuleContext)	ctor	62e38da7afd451dd
ssg.liquid.exceptions.LiquidException	ssg.liquid.exceptions.LiquidException#<init>(String,int,int,Throwable)	ctor	f2726d1c4012f3f2
ssg.liquid.exceptions.LiquidException	ssg.liquid.exceptions.LiquidException#charPositionInLine	val	1200226852a638a0
ssg.liquid.exceptions.LiquidException	ssg.liquid.exceptions.LiquidException#createMessage(RecognitionException)	def	e7d0512b2b20a0d8
ssg.liquid.exceptions.LiquidException	ssg.liquid.exceptions.LiquidException#line	val	924632e7b16607c5
ssg.liquid.exceptions.LiquidException	ssg.liquid.exceptions.LiquidException#serialVersionUID	val	48fc4574d2daa08b
ssg.liquid.exceptions.LiquidException	ssg.liquid.exceptions.LiquidException#tokenName(int)	def	850ddbfa74e00fd3
ssg.liquid.exceptions.LiquidException	ssg.liquid.exceptions.LiquidException#tokenNames(IntervalSet)	def	04fa82f33b855bd3
ssg.liquid.exceptions.VariableNotExistException	ssg.liquid.exceptions.VariableNotExistException	class	ae818bcef81df67e
ssg.liquid.exceptions.VariableNotExistException	ssg.liquid.exceptions.VariableNotExistException#<stmt1>	stmt	c09b53f950a982bc
ssg.liquid.exceptions.VariableNotExistException	ssg.liquid.exceptions.VariableNotExistException#getVariableName()	def	d082b16753a40df6
ssg.liquid.exceptions.VariableNotExistException	ssg.liquid.exceptions.VariableNotExistException#serialVersionUID	val	48fc4574d2daa08b
ssg.liquid.exceptions.VariableNotExistException	ssg.liquid.exceptions.VariableNotExistException#variableName	val	12b5ea4b73674a50
ssg.liquid.filters.Abs	ssg.liquid.filters.Abs	class	a02c3721fd113a64
ssg.liquid.filters.Abs	ssg.liquid.filters.Abs#apply(Object,TemplateContext,Array<Object>)	def	94c5545b43acaee3
ssg.liquid.filters.Absolute_Url	ssg.liquid.filters.Absolute_Url	class	e18b5f09580ba7dd
ssg.liquid.filters.Absolute_Url	ssg.liquid.filters.Absolute_Url#apply(Object,TemplateContext,Array<Object>)	def	9e96a241019eaaea
ssg.liquid.filters.Absolute_Url	ssg.liquid.filters.Absolute_Url#config	val	ce3bdd7058335ef8
ssg.liquid.filters.Absolute_Url	ssg.liquid.filters.Absolute_Url#convertUnicodeURLToAscii(String)	def	70d95b3ca52db05c
ssg.liquid.filters.Absolute_Url	ssg.liquid.filters.Absolute_Url#url	val	fefa123b256cdc18
ssg.liquid.filters.Append	ssg.liquid.filters.Append	class	653f964a25526402
ssg.liquid.filters.Append	ssg.liquid.filters.Append#apply(Object,TemplateContext,Array<Object>)	def	f67387cb32e83dd0
ssg.liquid.filters.At_Least	ssg.liquid.filters.At_Least	class	f656bc944c8e533d
ssg.liquid.filters.At_Least	ssg.liquid.filters.At_Least#apply(Object,TemplateContext,Array<Object>)	def	2023c13c1c9a0317
ssg.liquid.filters.At_Most	ssg.liquid.filters.At_Most	class	08ee4acc2333f400
ssg.liquid.filters.At_Most	ssg.liquid.filters.At_Most#apply(Object,TemplateContext,Array<Object>)	def	fb53962bbf5d6b43
ssg.liquid.filters.Capitalize	ssg.liquid.filters.Capitalize	class	d2c160441e5d1428
ssg.liquid.filters.Capitalize	ssg.liquid.filters.Capitalize#apply(Object,TemplateContext,Array<Object>)	def	3ba76f9f659b9d67
ssg.liquid.filters.Ceil	ssg.liquid.filters.Ceil	class	3312e58fe465bddb
ssg.liquid.filters.Ceil	ssg.liquid.filters.Ceil#apply(Object,TemplateContext,Array<Object>)	def	06285bffe78917c0
ssg.liquid.filters.Compact	ssg.liquid.filters.Compact	class	f444148d7a3d615e
ssg.liquid.filters.Compact	ssg.liquid.filters.Compact#apply(Object,TemplateContext,Array<Object>)	def	136776972465361b
ssg.liquid.filters.Concat	ssg.liquid.filters.Concat	class	2921b85fd0ec1119
ssg.liquid.filters.Concat	ssg.liquid.filters.Concat#apply(Object,TemplateContext,Array<Object>)	def	e74c35a555919fdd
ssg.liquid.filters.Date	ssg.liquid.filters.Date	class	4a3d31493ef63de7
ssg.liquid.filters.Date	ssg.liquid.filters.Date#<init>()	ctor	e6f852e0784fcbfa
ssg.liquid.filters.Date	ssg.liquid.filters.Date#<init>(CustomDateFormatSupport<?>)	ctor	879c1024e7032e49
ssg.liquid.filters.Date	ssg.liquid.filters.Date#addDatePattern(String)	def	1c84c8593a0cef34
ssg.liquid.filters.Date	ssg.liquid.filters.Date#apply(Object,TemplateContext,Array<Object>)	def	83c4ba7be52efb06
ssg.liquid.filters.Date	ssg.liquid.filters.Date#removeDatePattern(String)	def	55e6f77cff8d4237
ssg.liquid.filters.Date	ssg.liquid.filters.Date#withCustomDateType(CustomDateFormatSupport<?>)	def	61c10d50d52edb74
ssg.liquid.filters.Default	ssg.liquid.filters.Default	class	cddfd7f80c737c3c
ssg.liquid.filters.Default	ssg.liquid.filters.Default#apply(Object,TemplateContext,Array<Object>)	def	ac001dff493f75ce
ssg.liquid.filters.Divided_By	ssg.liquid.filters.Divided_By	class	cb9e1f86b0a2523b
ssg.liquid.filters.Divided_By	ssg.liquid.filters.Divided_By#apply(Object,TemplateContext,Array<Object>)	def	38ef9236e86ecb9a
ssg.liquid.filters.Downcase	ssg.liquid.filters.Downcase	class	a77c3e45989c0cae
ssg.liquid.filters.Downcase	ssg.liquid.filters.Downcase#apply(Object,TemplateContext,Array<Object>)	def	3600729f8b8690b1
ssg.liquid.filters.Escape	ssg.liquid.filters.Escape	class	8842c7b54fced66a
ssg.liquid.filters.Escape	ssg.liquid.filters.Escape#apply(Object,TemplateContext,Array<Object>)	def	02f8173ebd0433e4
ssg.liquid.filters.Escape_Once	ssg.liquid.filters.Escape_Once	class	bbe3917103e2a05d
ssg.liquid.filters.Escape_Once	ssg.liquid.filters.Escape_Once#apply(Object,TemplateContext,Array<Object>)	def	6ac03d36560423d4
ssg.liquid.filters.Filter	ssg.liquid.filters.Filter	class	66f85259b21b17a4
ssg.liquid.filters.Filter	ssg.liquid.filters.Filter#<init>()	ctor	65b2e28ad2eb6ae5
ssg.liquid.filters.Filter	ssg.liquid.filters.Filter#<init>(String)	ctor	388d8b740d87bbce
ssg.liquid.filters.Filter	ssg.liquid.filters.Filter#apply(Object,TemplateContext,Array<Object>)	def	a72283b5d23889d0
ssg.liquid.filters.Filter	ssg.liquid.filters.Filter#checkParams(Array<Object>,int)	def	3377db8b4c169ef6
ssg.liquid.filters.Filter	ssg.liquid.filters.Filter#checkParams(Array<Object>,int,int)	def	400438f33332c8e7
ssg.liquid.filters.Filter	ssg.liquid.filters.Filter#get(int,Array<Object>)	def	74b35a2781df5d7b
ssg.liquid.filters.Filter	ssg.liquid.filters.Filter#getName()	def	bbef40553eb7c5eb
ssg.liquid.filters.Filter	ssg.liquid.filters.Filter#name	val	3e2c857c13759dba
ssg.liquid.filters.Filters	ssg.liquid.filters.Filters	class	2ff6bd42b6d5888e
ssg.liquid.filters.Filters	ssg.liquid.filters.Filters#<stmt1>	stmt	e0a1fb68bc85ebcc
ssg.liquid.filters.Filters	ssg.liquid.filters.Filters#<stmt2>	stmt	af569f887732dedc
ssg.liquid.filters.Filters	ssg.liquid.filters.Filters#COMMON_FILTERS	val	e4b8f717270b8345
ssg.liquid.filters.Filters	ssg.liquid.filters.Filters#DEFAULT_FILTERS	val	5ada632bb3331063
ssg.liquid.filters.Filters	ssg.liquid.filters.Filters#EMPTY	val	f5962a36293d9512
ssg.liquid.filters.Filters	ssg.liquid.filters.Filters#JEKYLL_EXTRA_FILTERS	val	bd46a8ab53f9f721
ssg.liquid.filters.Filters	ssg.liquid.filters.Filters#JEKYLL_FILTERS	val	7da6b59a5cc8f706
ssg.liquid.filters.Filters	ssg.liquid.filters.Filters#equals(Any)	def	1147919a02540a8b
ssg.liquid.filters.Filters	ssg.liquid.filters.Filters#get(String)	def	05f154cbaf99e39e
ssg.liquid.filters.Filters	ssg.liquid.filters.Filters#getMap()	def	058b4a495cb6ff81
ssg.liquid.filters.Filters	ssg.liquid.filters.Filters#hashCode()	def	c3668aa4b0409c15
ssg.liquid.filters.Filters	ssg.liquid.filters.Filters#map	val	6a6792d4378bb2aa
ssg.liquid.filters.Filters	ssg.liquid.filters.Filters#mergeWith(Buffer<Filter>)	def	99b9080ceb180261
ssg.liquid.filters.Filters	ssg.liquid.filters.Filters#mergeWith(Filters)	def	e7dcfdb831efaa08
ssg.liquid.filters.Filters	ssg.liquid.filters.Filters#of(Array<Filter>)	def	ed3b2c6b3ef55d34
ssg.liquid.filters.Filters	ssg.liquid.filters.Filters#of(JavaCollection<Filter>)	def	75867c41538aa3e1
ssg.liquid.filters.Filters	ssg.liquid.filters.Filters#of(Map<String,Filter>)	def	df2c9faed291d9af
ssg.liquid.filters.Filters	ssg.liquid.filters.Filters#toString()	def	d471e7da9166d894
ssg.liquid.filters.Filters	ssg.liquid.filters.Filters#values()	def	fa63175bab506003
ssg.liquid.filters.First	ssg.liquid.filters.First	class	3d1302be5dd1207b
ssg.liquid.filters.First	ssg.liquid.filters.First#apply(Object,TemplateContext,Array<Object>)	def	9266bbf0003eb769
ssg.liquid.filters.Floor	ssg.liquid.filters.Floor	class	81e220ead58474c2
ssg.liquid.filters.Floor	ssg.liquid.filters.Floor#apply(Object,TemplateContext,Array<Object>)	def	e009a6bc5f6cbce0
ssg.liquid.filters.H	ssg.liquid.filters.H	class	2c28a1551168e650
ssg.liquid.filters.H	ssg.liquid.filters.H#apply(Object,TemplateContext,Array<Object>)	def	843c121f9ad41a08
ssg.liquid.filters.Join	ssg.liquid.filters.Join	class	6ba204070b390500
ssg.liquid.filters.Join	ssg.liquid.filters.Join#apply(Object,TemplateContext,Array<Object>)	def	2f90a91090ab1781
ssg.liquid.filters.Json	ssg.liquid.filters.Json	class	63a86b27b412aa23
ssg.liquid.filters.Json	ssg.liquid.filters.Json#apply(Object,TemplateContext,Array<Object>)	def	8fce17afde0f27a6
ssg.liquid.filters.Last	ssg.liquid.filters.Last	class	d6c816c4cf125c29
ssg.liquid.filters.Last	ssg.liquid.filters.Last#apply(Object,TemplateContext,Array<Object>)	def	801413a3539b9a30
ssg.liquid.filters.Lstrip	ssg.liquid.filters.Lstrip	class	3aba12f29b9bad3b
ssg.liquid.filters.Lstrip	ssg.liquid.filters.Lstrip#apply(Object,TemplateContext,Array<Object>)	def	cabe52f2f5b0f0db
ssg.liquid.filters.Map	ssg.liquid.filters.Map	class	5f8b444828ab6bb8
ssg.liquid.filters.Map	ssg.liquid.filters.Map#apply(Object,TemplateContext,Array<Object>)	def	d9d9dd4456396391
ssg.liquid.filters.Minus	ssg.liquid.filters.Minus	class	30aa69550aa51315
ssg.liquid.filters.Minus	ssg.liquid.filters.Minus#apply(Object,TemplateContext,Array<Object>)	def	9e574947963901f6
ssg.liquid.filters.Modulo	ssg.liquid.filters.Modulo	class	a90d5ef9e4e27c1d
ssg.liquid.filters.Modulo	ssg.liquid.filters.Modulo#apply(Object,TemplateContext,Array<Object>)	def	c17a7e7c9e0081fd
ssg.liquid.filters.Newline_To_Br	ssg.liquid.filters.Newline_To_Br	class	be904fc88ea233d2
ssg.liquid.filters.Newline_To_Br	ssg.liquid.filters.Newline_To_Br#apply(Object,TemplateContext,Array<Object>)	def	0a52a01ea0015645
ssg.liquid.filters.Normalize_Whitespace	ssg.liquid.filters.Normalize_Whitespace	class	7b53ce4c564f5b29
ssg.liquid.filters.Normalize_Whitespace	ssg.liquid.filters.Normalize_Whitespace#apply(Object,TemplateContext,Array<Object>)	def	053fddcf768252e2
ssg.liquid.filters.Normalize_Whitespace	ssg.liquid.filters.Normalize_Whitespace#pattern	val	92558cd90e45d683
ssg.liquid.filters.Plus	ssg.liquid.filters.Plus	class	32c2e1839f11eb36
ssg.liquid.filters.Plus	ssg.liquid.filters.Plus#apply(Object,TemplateContext,Array<Object>)	def	aa71a7ecf8b42bcf
ssg.liquid.filters.Pop	ssg.liquid.filters.Pop	class	df79ec37b96c51cb
ssg.liquid.filters.Pop	ssg.liquid.filters.Pop#apply(Object,TemplateContext,Array<Object>)	def	5cc048fad11721f9
ssg.liquid.filters.Prepend	ssg.liquid.filters.Prepend	class	b0dc58c52ce3b991
ssg.liquid.filters.Prepend	ssg.liquid.filters.Prepend#apply(Object,TemplateContext,Array<Object>)	def	a97074e877961e16
ssg.liquid.filters.Push	ssg.liquid.filters.Push	class	eb6822f7c404c9f2
ssg.liquid.filters.Push	ssg.liquid.filters.Push#apply(Object,TemplateContext,Array<Object>)	def	c80f6073419f6b42
ssg.liquid.filters.Relative_Url	ssg.liquid.filters.Relative_Url	class	1c0872310ccf98eb
ssg.liquid.filters.Relative_Url	ssg.liquid.filters.Relative_Url#apply(Object,TemplateContext,Array<Object>)	def	a61f4032867b255b
ssg.liquid.filters.Relative_Url	ssg.liquid.filters.Relative_Url#baseurl	val	2529db0692c431ea
ssg.liquid.filters.Relative_Url	ssg.liquid.filters.Relative_Url#getRelativeUrl(TemplateContext,String,String)	def	7bbd86d7586f69dd
ssg.liquid.filters.Relative_Url	ssg.liquid.filters.Relative_Url#isValidAbsoluteUrl(String)	def	ba5084b74361c55e
ssg.liquid.filters.Relative_Url	ssg.liquid.filters.Relative_Url#objectToMap(Object,TemplateContext)	def	60852505ce8bbcd8
ssg.liquid.filters.Relative_Url	ssg.liquid.filters.Relative_Url#site	val	bd2081b82db1ea43
ssg.liquid.filters.Remove	ssg.liquid.filters.Remove	class	8dc3e611a1aba4c7
ssg.liquid.filters.Remove	ssg.liquid.filters.Remove#apply(Object,TemplateContext,Array<Object>)	def	7dbf272c3d1261d0
ssg.liquid.filters.Remove_First	ssg.liquid.filters.Remove_First	class	cd85b7383f5d8463
ssg.liquid.filters.Remove_First	ssg.liquid.filters.Remove_First#apply(Object,TemplateContext,Array<Object>)	def	6923c15c98ee56d0
ssg.liquid.filters.Replace	ssg.liquid.filters.Replace	class	df545e4d967b4e3b
ssg.liquid.filters.Replace	ssg.liquid.filters.Replace#apply(Object,TemplateContext,Array<Object>)	def	b4b27aee0ebdb370
ssg.liquid.filters.Replace_First	ssg.liquid.filters.Replace_First	class	6316756184f10751
ssg.liquid.filters.Replace_First	ssg.liquid.filters.Replace_First#apply(Object,TemplateContext,Array<Object>)	def	d95c68e9a858a780
ssg.liquid.filters.Reverse	ssg.liquid.filters.Reverse	class	d6746646bb432b4a
ssg.liquid.filters.Reverse	ssg.liquid.filters.Reverse#apply(Object,TemplateContext,Array<Object>)	def	0dff86250a465ee3
ssg.liquid.filters.Round	ssg.liquid.filters.Round	class	6b95f0814a417950
ssg.liquid.filters.Round	ssg.liquid.filters.Round#apply(Object,TemplateContext,Array<Object>)	def	e20076cf0eb632e9
ssg.liquid.filters.Rstrip	ssg.liquid.filters.Rstrip	class	d460901b8d2cb48f
ssg.liquid.filters.Rstrip	ssg.liquid.filters.Rstrip#apply(Object,TemplateContext,Array<Object>)	def	26715b3fea28e8f7
ssg.liquid.filters.Shift	ssg.liquid.filters.Shift	class	19999c34be21c3d8
ssg.liquid.filters.Shift	ssg.liquid.filters.Shift#apply(Object,TemplateContext,Array<Object>)	def	e0324cfe75ff3765
ssg.liquid.filters.Size	ssg.liquid.filters.Size	class	5754aa8cc7004ba1
ssg.liquid.filters.Size	ssg.liquid.filters.Size#apply(Object,TemplateContext,Array<Object>)	def	7f6eb0323b8673b0
ssg.liquid.filters.Slice	ssg.liquid.filters.Slice	class	aaaf66b237c510e0
ssg.liquid.filters.Slice	ssg.liquid.filters.Slice#apply(Object,TemplateContext,Array<Object>)	def	6f091710033740ec
ssg.liquid.filters.Sort	ssg.liquid.filters.Sort	class	6d5ef94024b60f0f
ssg.liquid.filters.Sort	ssg.liquid.filters.Sort#apply(Object,TemplateContext,Array<Object>)	def	f0324f1c678cc8e9
ssg.liquid.filters.Sort	ssg.liquid.filters.Sort#asComparableList(TemplateContext,Array<Object>,String)	def	a0fb090550502fa4
ssg.liquid.filters.Sort	ssg.liquid.filters.Sort$ComparableMapEntry	class	dcb63b77de137755
ssg.liquid.filters.Sort	ssg.liquid.filters.Sort$ComparableMapEntry#<stmt1>	stmt	11dcdf942549e737
ssg.liquid.filters.Sort	ssg.liquid.filters.Sort$ComparableMapEntry#compareTo(Tuple2<K,V>)	def	e474824ce7219b50
ssg.liquid.filters.Sort	ssg.liquid.filters.Sort$ComparableMapEntry#entry	val	091ab4962f3f853a
ssg.liquid.filters.Sort	ssg.liquid.filters.Sort$ComparableMapEntry#getKey()	def	3edeadb239810b9d
ssg.liquid.filters.Sort	ssg.liquid.filters.Sort$ComparableMapEntry#getValue()	def	3952591e8ee6365e
ssg.liquid.filters.Sort	ssg.liquid.filters.Sort$ComparableMapEntry#setValue(V)	def	975b28143ca5c05c
ssg.liquid.filters.Sort	ssg.liquid.filters.Sort$ComparableMapEntry#toString()	def	df39e239a2930ca6
ssg.liquid.filters.Sort	ssg.liquid.filters.Sort$SortableMap	class	55bbe6a05c06ff70
ssg.liquid.filters.Sort	ssg.liquid.filters.Sort$SortableMap#<stmt1>	stmt	3c341aaabac3ed9d
ssg.liquid.filters.Sort	ssg.liquid.filters.Sort$SortableMap#<stmt2>	stmt	9e07ee827b2f50bb
ssg.liquid.filters.Sort	ssg.liquid.filters.Sort$SortableMap#compareTo(Object)	def	45be917c71517660
ssg.liquid.filters.Sort	ssg.liquid.filters.Sort$SortableMap#property	val	32f8f654a9e51f1f
ssg.liquid.filters.Sort	ssg.liquid.filters.Sort$SortableMap#serialVersionUID	val	c18f0c3258450682
ssg.liquid.filters.Sort	ssg.liquid.filters.Sort$SortableMap#toString()	def	38423dffed47bf0f
ssg.liquid.filters.Sort_Natural	ssg.liquid.filters.Sort_Natural	class	c6398b85ac7b1e54
ssg.liquid.filters.Sort_Natural	ssg.liquid.filters.Sort_Natural#apply(Object,TemplateContext,Array<Object>)	def	cc7ff8bcf3a64daa
ssg.liquid.filters.Split	ssg.liquid.filters.Split	class	5c9f71b1e72ab1c5
ssg.liquid.filters.Split	ssg.liquid.filters.Split#apply(Object,TemplateContext,Array<Object>)	def	b036c45d749be885
ssg.liquid.filters.Strip	ssg.liquid.filters.Strip	class	e3a0b7a74c65ba0f
ssg.liquid.filters.Strip	ssg.liquid.filters.Strip#apply(Object,TemplateContext,Array<Object>)	def	d81657901693ea31
ssg.liquid.filters.Strip_HTML	ssg.liquid.filters.Strip_HTML	class	ce80495d115e6830
ssg.liquid.filters.Strip_HTML	ssg.liquid.filters.Strip_HTML#STRIP_HTML_BLOCKS	val	07188d33da261084
ssg.liquid.filters.Strip_HTML	ssg.liquid.filters.Strip_HTML#STRIP_HTML_TAGS	val	3317eab554fffbff
ssg.liquid.filters.Strip_HTML	ssg.liquid.filters.Strip_HTML#apply(Object,TemplateContext,Array<Object>)	def	9f756cfdbe41de18
ssg.liquid.filters.Strip_Newlines	ssg.liquid.filters.Strip_Newlines	class	a9a70233e4f5d68d
ssg.liquid.filters.Strip_Newlines	ssg.liquid.filters.Strip_Newlines#apply(Object,TemplateContext,Array<Object>)	def	cae75a821da30768
ssg.liquid.filters.Times	ssg.liquid.filters.Times	class	e86a5758b91244a5
ssg.liquid.filters.Times	ssg.liquid.filters.Times#apply(Object,TemplateContext,Array<Object>)	def	d29df993c19cef20
ssg.liquid.filters.Truncate	ssg.liquid.filters.Truncate	class	90d9be7ad5a6d436
ssg.liquid.filters.Truncate	ssg.liquid.filters.Truncate#apply(Object,TemplateContext,Array<Object>)	def	72679c7f4ab6cbe0
ssg.liquid.filters.Truncatewords	ssg.liquid.filters.Truncatewords	class	01ba8ed8ae0dc39d
ssg.liquid.filters.Truncatewords	ssg.liquid.filters.Truncatewords#apply(Object,TemplateContext,Array<Object>)	def	5c359b27b5ef26c0
ssg.liquid.filters.Truncatewords	ssg.liquid.filters.Truncatewords#join(Array<String>,int)	def	103c8467673b65b5
ssg.liquid.filters.Uniq	ssg.liquid.filters.Uniq	class	97f26795e7a2be0b
ssg.liquid.filters.Uniq	ssg.liquid.filters.Uniq#apply(Object,TemplateContext,Array<Object>)	def	8430690d81706d57
ssg.liquid.filters.Unshift	ssg.liquid.filters.Unshift	class	d2434c4ae08cda7f
ssg.liquid.filters.Unshift	ssg.liquid.filters.Unshift#apply(Object,TemplateContext,Array<Object>)	def	5a395c22968b7461
ssg.liquid.filters.Upcase	ssg.liquid.filters.Upcase	class	715fb4b84eae8184
ssg.liquid.filters.Upcase	ssg.liquid.filters.Upcase#apply(Object,TemplateContext,Array<Object>)	def	dd95203469dcb386
ssg.liquid.filters.Url_Decode	ssg.liquid.filters.Url_Decode	class	3fe088de2e6385b1
ssg.liquid.filters.Url_Decode	ssg.liquid.filters.Url_Decode#apply(Object,TemplateContext,Array<Object>)	def	aebca563a4005b19
ssg.liquid.filters.Url_Encode	ssg.liquid.filters.Url_Encode	class	81976c7ee3fd96bb
ssg.liquid.filters.Url_Encode	ssg.liquid.filters.Url_Encode#apply(Object,TemplateContext,Array<Object>)	def	4c9dcb2b387f3502
ssg.liquid.filters.Where	ssg.liquid.filters.Where	class	4c65ddb10ba73d53
ssg.liquid.filters.Where	ssg.liquid.filters.Where#apply(Object,TemplateContext,Array<Object>)	def	4f0070c4cf45cbc7
ssg.liquid.filters.Where_Exp	ssg.liquid.filters.Where_Exp	class	c80ca59e3f3331e4
ssg.liquid.filters.Where_Exp	ssg.liquid.filters.Where_Exp#apply(Object,TemplateContext,Array<Object>)	def	8036fa2a16c2033b
ssg.liquid.filters.Where_Exp	ssg.liquid.filters.Where_Exp#matchCondition(TemplateContext,Object,String,Template)	def	0ad80d481960a77d
ssg.liquid.filters.date.BasicDateParser	ssg.liquid.filters.date.BasicDateParser	class	7f1999143c9b2246
ssg.liquid.filters.date.BasicDateParser	ssg.liquid.filters.date.BasicDateParser#<init>()	ctor	e738e29d0d5cbdc5
ssg.liquid.filters.date.BasicDateParser	ssg.liquid.filters.date.BasicDateParser#<init>(Buffer<String>)	ctor	a116a3764341f921
ssg.liquid.filters.date.BasicDateParser	ssg.liquid.filters.date.BasicDateParser#cachedPatterns	val	92206111937c76b0
ssg.liquid.filters.date.BasicDateParser	ssg.liquid.filters.date.BasicDateParser#getZonedDateTimeFromTemporalAccessor(TemporalAccessor,ZoneId)	def	09a780f39b9f109e
ssg.liquid.filters.date.BasicDateParser	ssg.liquid.filters.date.BasicDateParser#parse(String,Locale,ZoneId)	def	9adb3961d1952c87
ssg.liquid.filters.date.BasicDateParser	ssg.liquid.filters.date.BasicDateParser#parseUsingCachedPatterns(String,Locale,ZoneId)	def	21d755a82ee7d5e9
ssg.liquid.filters.date.BasicDateParser	ssg.liquid.filters.date.BasicDateParser#parseUsingPattern(String,String,Locale)	def	b0eca7402ab7b6d1
ssg.liquid.filters.date.BasicDateParser	ssg.liquid.filters.date.BasicDateParser#storePattern(String)	def	34893048a9c1e853
ssg.liquid.filters.date.CustomDateFormatRegistry	ssg.liquid.filters.date.CustomDateFormatRegistry	class	2d06ce9c2f0f6f41
ssg.liquid.filters.date.CustomDateFormatRegistry	ssg.liquid.filters.date.CustomDateFormatRegistry#add(CustomDateFormatSupport<?>)	def	931bc4a6b31286f9
ssg.liquid.filters.date.CustomDateFormatRegistry	ssg.liquid.filters.date.CustomDateFormatRegistry#getFromCustomType(Object)	def	28007ede0b8111c6
ssg.liquid.filters.date.CustomDateFormatRegistry	ssg.liquid.filters.date.CustomDateFormatRegistry#isCustomDateType(Object)	def	01c0865333a774dc
ssg.liquid.filters.date.CustomDateFormatRegistry	ssg.liquid.filters.date.CustomDateFormatRegistry#isRegistered(CustomDateFormatSupport<?>)	def	fb19c28219416c41
ssg.liquid.filters.date.CustomDateFormatRegistry	ssg.liquid.filters.date.CustomDateFormatRegistry#supportedTypes	val	0a54c8990a752ecc
ssg.liquid.filters.date.CustomDateFormatSupport	ssg.liquid.filters.date.CustomDateFormatSupport	class	1e4e9e1fce02ca03
ssg.liquid.filters.date.CustomDateFormatSupport	ssg.liquid.filters.date.CustomDateFormatSupport#getValue(T)	def	14da1bdcdaf970ab
ssg.liquid.filters.date.CustomDateFormatSupport	ssg.liquid.filters.date.CustomDateFormatSupport#support(Object)	def	aa1f03b42acd456f
ssg.liquid.filters.date.FuzzyDateDateParser	ssg.liquid.filters.date.FuzzyDateDateParser	class	5bef221643fe4778
ssg.liquid.filters.date.FuzzyDateDateParser	ssg.liquid.filters.date.FuzzyDateDateParser#getPart(String)	def	bd64af3d29fb2fa1
ssg.liquid.filters.date.FuzzyDateDateParser	ssg.liquid.filters.date.FuzzyDateDateParser#haveUnparsed(Buffer<Part>)	def	d0ff7f440fb8dc71
ssg.liquid.filters.date.FuzzyDateDateParser	ssg.liquid.filters.date.FuzzyDateDateParser#parse(String,Locale,ZoneId)	def	fa6efbb3154b6f64
ssg.liquid.filters.date.FuzzyDateDateParser	ssg.liquid.filters.date.FuzzyDateDateParser#parsePart(Buffer<Part>,DateParseContext)	def	0ba7ca3e02751312
ssg.liquid.filters.date.FuzzyDateDateParser	ssg.liquid.filters.date.FuzzyDateDateParser#reconstructPattern(Buffer<Part>)	def	3afd489fc57b05e8
ssg.liquid.filters.date.FuzzyDateDateParser	ssg.liquid.filters.date.FuzzyDateDateParser$DateParseContext	class	8d57afe6514f5f8d
ssg.liquid.filters.date.FuzzyDateDateParser	ssg.liquid.filters.date.FuzzyDateDateParser$Part	class	aa820d80b91c7240
ssg.liquid.filters.date.FuzzyDateDateParser	ssg.liquid.filters.date.FuzzyDateDateParser$Part#end()	def	61b35ffbce60c14e
ssg.liquid.filters.date.FuzzyDateDateParser	ssg.liquid.filters.date.FuzzyDateDateParser$Part#start()	def	1d8c9ed8c1bb3100
ssg.liquid.filters.date.FuzzyDateDateParser	ssg.liquid.filters.date.FuzzyDateDateParser$Part#state()	def	07baf8a84aca5baf
ssg.liquid.filters.date.FuzzyDateDateParser	ssg.liquid.filters.date.FuzzyDateDateParser$PartItem	class	a30daec200114f02
ssg.liquid.filters.date.FuzzyDateDateParser	ssg.liquid.filters.date.FuzzyDateDateParser$PartItem#<stmt1>	stmt	a8fc81438a5423e3
ssg.liquid.filters.date.FuzzyDateDateParser	ssg.liquid.filters.date.FuzzyDateDateParser$PartItem#<stmt2>	stmt	dece6630cadf42cd
ssg.liquid.filters.date.FuzzyDateDateParser	ssg.liquid.filters.date.FuzzyDateDateParser$PartItem#<stmt3>	stmt	c867b6fce961ef66
ssg.liquid.filters.date.FuzzyDateDateParser	ssg.liquid.filters.date.FuzzyDateDateParser$PartItem#<stmt4>	stmt	2d15f96ff69acd8d
ssg.liquid.filters.date.FuzzyDateDateParser	ssg.liquid.filters.date.FuzzyDateDateParser$PartItem#end	val	72b573e47c256ce9
ssg.liquid.filters.date.FuzzyDateDateParser	ssg.liquid.filters.date.FuzzyDateDateParser$PartItem#kind	val	338322e93471ca2a
ssg.liquid.filters.date.FuzzyDateDateParser	ssg.liquid.filters.date.FuzzyDateDateParser$PartItem#pattern	val	be8ffda5bc8fc97d
ssg.liquid.filters.date.FuzzyDateDateParser	ssg.liquid.filters.date.FuzzyDateDateParser$PartItem#start	val	a6b215145450cb38
ssg.liquid.filters.date.FuzzyDateDateParser	ssg.liquid.filters.date.FuzzyDateDateParser$PartKind	class	b37a4c2e06a878a7
ssg.liquid.filters.date.FuzzyDateDateParser	ssg.liquid.filters.date.FuzzyDateDateParser$PartState	class	76164b5e52fb090c
ssg.liquid.filters.date.FuzzyDateDateParser	ssg.liquid.filters.date.FuzzyDateDateParser$UnparsedPart	class	7710399c427cc370
ssg.liquid.filters.date.FuzzyDateDateParser	ssg.liquid.filters.date.FuzzyDateDateParser$UnparsedPart#<stmt1>	stmt	af13e02c9c5b04b1
ssg.liquid.filters.date.FuzzyDateDateParser	ssg.liquid.filters.date.FuzzyDateDateParser$UnparsedPart#<stmt2>	stmt	459a1e92d13a66be
ssg.liquid.filters.date.FuzzyDateDateParser	ssg.liquid.filters.date.FuzzyDateDateParser$UnparsedPart#end	val	4fa98e5c07dba277
ssg.liquid.filters.date.FuzzyDateDateParser	ssg.liquid.filters.date.FuzzyDateDateParser$UnparsedPart#end()	def	ac6345afe9e55057
ssg.liquid.filters.date.FuzzyDateDateParser	ssg.liquid.filters.date.FuzzyDateDateParser$UnparsedPart#start	val	06d7bd3821ab9c01
ssg.liquid.filters.date.FuzzyDateDateParser	ssg.liquid.filters.date.FuzzyDateDateParser$UnparsedPart#start()	def	95d30feaf6d39d11
ssg.liquid.filters.date.FuzzyDateDateParser	ssg.liquid.filters.date.FuzzyDateDateParser$UnparsedPart#state()	def	edc162135fa83ca4
ssg.liquid.filters.date.Parser	ssg.liquid.filters.date.Parser	class	589650609318dc4d
ssg.liquid.filters.date.Parser	ssg.liquid.filters.date.Parser#<clinit>	init	833d1467ed3cc9c3
ssg.liquid.filters.date.Parser	ssg.liquid.filters.date.Parser#datePatterns	val	3043e74151527da7
ssg.liquid.filters.date.Parser	ssg.liquid.filters.date.Parser#parse(String,Locale,ZoneId)	def	bf5b790b0b3fd2f1
ssg.liquid.filters.date.Parser	ssg.liquid.filters.date.Parser#toBeReplaced	val	f3ab4f635bcf2410
ssg.liquid.filters.where.JekyllWhereImpl	ssg.liquid.filters.where.JekyllWhereImpl	class	fdc9cd2f5b46a9fc
ssg.liquid.filters.where.JekyllWhereImpl	ssg.liquid.filters.where.JekyllWhereImpl#apply(Object,Array<Object>)	def	7534d7c4487f6ed3
ssg.liquid.filters.where.JekyllWhereImpl	ssg.liquid.filters.where.JekyllWhereImpl#arrayToArrayList(Array<T>)	def	5e8d1f3c67e25427
ssg.liquid.filters.where.JekyllWhereImpl	ssg.liquid.filters.where.JekyllWhereImpl#comparePropertyVsTarget(Object,Object)	def	6a4053d0eac4290f
ssg.liquid.filters.where.JekyllWhereImpl	ssg.liquid.filters.where.JekyllWhereImpl#itemProperty(Object,Object)	def	7893ea720ba7055d
ssg.liquid.filters.where.JekyllWhereImpl	ssg.liquid.filters.where.JekyllWhereImpl#joinedArray(Object)	def	85c2108c786b0e73
ssg.liquid.filters.where.JekyllWhereImpl	ssg.liquid.filters.where.JekyllWhereImpl#parseSortInput(Object)	def	c62ead8183ecce55
ssg.liquid.filters.where.LiquidWhereImpl	ssg.liquid.filters.where.LiquidWhereImpl	class	064b73185df4cb5e
ssg.liquid.filters.where.LiquidWhereImpl	ssg.liquid.filters.where.LiquidWhereImpl#apply(Object,Array<Object>)	def	52307be8b2d11f00
ssg.liquid.filters.where.LiquidWhereImpl	ssg.liquid.filters.where.LiquidWhereImpl#flatten(Object)	def	bf43155bfdeb9cce
ssg.liquid.filters.where.LiquidWhereImpl	ssg.liquid.filters.where.LiquidWhereImpl#objectHasPropertyValue(Object,Array<Object>)	def	0b93644765112404
ssg.liquid.filters.where.LiquidWhereImpl	ssg.liquid.filters.where.LiquidWhereImpl#toArray(Object)	def	823300c1d7c9e25a
ssg.liquid.filters.where.PropertyResolverAdapter	ssg.liquid.filters.where.PropertyResolverAdapter	class	46f91b75dc2cfcf6
ssg.liquid.filters.where.PropertyResolverAdapter	ssg.liquid.filters.where.PropertyResolverAdapter#getItemProperty(TemplateContext,Object,Object)	def	f10a72b05b74154b
ssg.liquid.filters.where.PropertyResolverAdapter	ssg.liquid.filters.where.PropertyResolverAdapter#support(Object)	def	95dce5a20a614904
ssg.liquid.filters.where.PropertyResolverHelper	ssg.liquid.filters.where.PropertyResolverHelper	class	eb6277e733b45c1e
ssg.liquid.filters.where.PropertyResolverHelper	ssg.liquid.filters.where.PropertyResolverHelper#<clinit>	init	182d7b26f5a5e198
ssg.liquid.filters.where.PropertyResolverHelper	ssg.liquid.filters.where.PropertyResolverHelper#<stmt1>	stmt	c4b8b9a592f15b94
ssg.liquid.filters.where.PropertyResolverHelper	ssg.liquid.filters.where.PropertyResolverHelper#INSTANCE	val	21eb9225a2d94c04
ssg.liquid.filters.where.PropertyResolverHelper	ssg.liquid.filters.where.PropertyResolverHelper#add(PropertyResolverAdapter)	def	9fd56268c21701f6
ssg.liquid.filters.where.PropertyResolverHelper	ssg.liquid.filters.where.PropertyResolverHelper#findFor(Object)	def	aa83dfaf4c7a5b18
ssg.liquid.filters.where.PropertyResolverHelper	ssg.liquid.filters.where.PropertyResolverHelper#propertyResolverAdapters	val	5cc04a31b575f4df
ssg.liquid.filters.where.WhereImpl	ssg.liquid.filters.where.WhereImpl	class	aabf08cc6d9ae62b
ssg.liquid.filters.where.WhereImpl	ssg.liquid.filters.where.WhereImpl#<stmt1>	stmt	2c0c476ab50e95ca
ssg.liquid.filters.where.WhereImpl	ssg.liquid.filters.where.WhereImpl#<stmt2>	stmt	1d4aecd5bc05069e
ssg.liquid.filters.where.WhereImpl	ssg.liquid.filters.where.WhereImpl#apply(Object,Array<Object>)	def	bee972b73df92953
ssg.liquid.filters.where.WhereImpl	ssg.liquid.filters.where.WhereImpl#context	val	9f4e78585e5196bd
ssg.liquid.filters.where.WhereImpl	ssg.liquid.filters.where.WhereImpl#resolverHelper	val	e0de490aae2d3d42
ssg.liquid.nodes.AndNode	ssg.liquid.nodes.AndNode	class	9da822b5ed7917e8
ssg.liquid.nodes.AndNode	ssg.liquid.nodes.AndNode#<stmt1>	stmt	0fc65991315fc24a
ssg.liquid.nodes.AndNode	ssg.liquid.nodes.AndNode#<stmt2>	stmt	570bc1a9afffa1f7
ssg.liquid.nodes.AndNode	ssg.liquid.nodes.AndNode#lhs	val	517b10302dc25896
ssg.liquid.nodes.AndNode	ssg.liquid.nodes.AndNode#render(TemplateContext)	def	0b3c8273310fb54b
ssg.liquid.nodes.AndNode	ssg.liquid.nodes.AndNode#rhs	val	946121c4cf914752
ssg.liquid.nodes.AtomNode	ssg.liquid.nodes.AtomNode	class	921cb03af3cdd1ff
ssg.liquid.nodes.AtomNode	ssg.liquid.nodes.AtomNode#<stmt1>	stmt	0b048b224ae88231
ssg.liquid.nodes.AtomNode	ssg.liquid.nodes.AtomNode#BLANK	val	78e27c59e4f04984
ssg.liquid.nodes.AtomNode	ssg.liquid.nodes.AtomNode#EMPTY	val	333f257f2c1cdaf3
ssg.liquid.nodes.AtomNode	ssg.liquid.nodes.AtomNode#isBlank(Object)	def	64dd9844e9e865bb
ssg.liquid.nodes.AtomNode	ssg.liquid.nodes.AtomNode#isEmpty(Object)	def	dd728fe3f0c8e0e7
ssg.liquid.nodes.AtomNode	ssg.liquid.nodes.AtomNode#render(TemplateContext)	def	4afc3fd54822f779
ssg.liquid.nodes.AtomNode	ssg.liquid.nodes.AtomNode#value	val	ecf745b2e1e44d3b
ssg.liquid.nodes.AttributeNode	ssg.liquid.nodes.AttributeNode	class	5ce36030b16e366f
ssg.liquid.nodes.AttributeNode	ssg.liquid.nodes.AttributeNode#<stmt1>	stmt	7dc31ef553396924
ssg.liquid.nodes.AttributeNode	ssg.liquid.nodes.AttributeNode#<stmt2>	stmt	0b048b224ae88231
ssg.liquid.nodes.AttributeNode	ssg.liquid.nodes.AttributeNode#key	val	b9e41719131fd887
ssg.liquid.nodes.AttributeNode	ssg.liquid.nodes.AttributeNode#render(TemplateContext)	def	81490588abe588c7
ssg.liquid.nodes.AttributeNode	ssg.liquid.nodes.AttributeNode#value	val	bd34275a5b7ef59f
ssg.liquid.nodes.BlockNode	ssg.liquid.nodes.BlockNode	class	475b1c1d946eecfb
ssg.liquid.nodes.BlockNode	ssg.liquid.nodes.BlockNode#<init>()	ctor	54fd6174aa1574d1
ssg.liquid.nodes.BlockNode	ssg.liquid.nodes.BlockNode#<stmt1>	stmt	1b1b38fe90422308
ssg.liquid.nodes.BlockNode	ssg.liquid.nodes.BlockNode#add(LNode)	def	df56da1077682c17
ssg.liquid.nodes.BlockNode	ssg.liquid.nodes.BlockNode#children	val	dd0bfa44fc05d3ac
ssg.liquid.nodes.BlockNode	ssg.liquid.nodes.BlockNode#getChildren()	def	07ba8f47bac3a141
ssg.liquid.nodes.BlockNode	ssg.liquid.nodes.BlockNode#postprocess(Object,TemplateContext)	def	886c72f114b27489
ssg.liquid.nodes.BlockNode	ssg.liquid.nodes.BlockNode#render(TemplateContext)	def	0123a24d68dd6648
ssg.liquid.nodes.ComparingExpressionNode	ssg.liquid.nodes.ComparingExpressionNode	class	1cc5e67e0c806b14
ssg.liquid.nodes.ComparingExpressionNode	ssg.liquid.nodes.ComparingExpressionNode#<stmt1>	stmt	0fc65991315fc24a
ssg.liquid.nodes.ComparingExpressionNode	ssg.liquid.nodes.ComparingExpressionNode#<stmt2>	stmt	570bc1a9afffa1f7
ssg.liquid.nodes.ComparingExpressionNode	ssg.liquid.nodes.ComparingExpressionNode#<stmt3>	stmt	04f88c26facbd378
ssg.liquid.nodes.ComparingExpressionNode	ssg.liquid.nodes.ComparingExpressionNode#booleanToNumber(Boolean)	def	66d897e2b1d86b8e
ssg.liquid.nodes.ComparingExpressionNode	ssg.liquid.nodes.ComparingExpressionNode#doCompare(Object,Object,boolean)	def	35f9e3bdc4af19c4
ssg.liquid.nodes.ComparingExpressionNode	ssg.liquid.nodes.ComparingExpressionNode#lhs	val	90edeb3df98c1c5e
ssg.liquid.nodes.ComparingExpressionNode	ssg.liquid.nodes.ComparingExpressionNode#relative	val	4d141be81561badd
ssg.liquid.nodes.ComparingExpressionNode	ssg.liquid.nodes.ComparingExpressionNode#relativeCompareCommonRules(Object,Object,boolean)	def	27a3741a078f4882
ssg.liquid.nodes.ComparingExpressionNode	ssg.liquid.nodes.ComparingExpressionNode#render(TemplateContext)	def	daff974105ac3839
ssg.liquid.nodes.ComparingExpressionNode	ssg.liquid.nodes.ComparingExpressionNode#rhs	val	7bd6ac9df40e9453
ssg.liquid.nodes.ContainsNode	ssg.liquid.nodes.ContainsNode	class	ad31d062938b137c
ssg.liquid.nodes.ContainsNode	ssg.liquid.nodes.ContainsNode#<stmt1>	stmt	0fc65991315fc24a
ssg.liquid.nodes.ContainsNode	ssg.liquid.nodes.ContainsNode#<stmt2>	stmt	570bc1a9afffa1f7
ssg.liquid.nodes.ContainsNode	ssg.liquid.nodes.ContainsNode#lhs	val	517b10302dc25896
ssg.liquid.nodes.ContainsNode	ssg.liquid.nodes.ContainsNode#render(TemplateContext)	def	5aa16ead1fdae4cc
ssg.liquid.nodes.ContainsNode	ssg.liquid.nodes.ContainsNode#rhs	val	946121c4cf914752
ssg.liquid.nodes.ContainsNode	ssg.liquid.nodes.ContainsNode#toSingleNumberType(Buffer<Object>)	def	bff5d600ea61f7a1
ssg.liquid.nodes.ContainsNode	ssg.liquid.nodes.ContainsNode#toSingleNumberType(Object)	def	3404284ed2b50540
ssg.liquid.nodes.EqNode	ssg.liquid.nodes.EqNode	class	95016c672ea6a805
ssg.liquid.nodes.EqNode	ssg.liquid.nodes.EqNode#doCompare(Object,Object,boolean)	def	3f077f4f0416c4b7
ssg.liquid.nodes.FilterNode	ssg.liquid.nodes.FilterNode	class	321d845f0d0ff55f
ssg.liquid.nodes.FilterNode	ssg.liquid.nodes.FilterNode#<init>(ParserRuleContext,Filter)	ctor	ed9e78d1934031ef
ssg.liquid.nodes.FilterNode	ssg.liquid.nodes.FilterNode#<stmt1>	stmt	2cd8292e25a42432
ssg.liquid.nodes.FilterNode	ssg.liquid.nodes.FilterNode#<stmt2>	stmt	6357044813c62d24
ssg.liquid.nodes.FilterNode	ssg.liquid.nodes.FilterNode#<stmt3>	stmt	7a925c550429f9bd
ssg.liquid.nodes.FilterNode	ssg.liquid.nodes.FilterNode#<stmt4>	stmt	407c56e778879140
ssg.liquid.nodes.FilterNode	ssg.liquid.nodes.FilterNode#<stmt5>	stmt	829f5641273b2844
ssg.liquid.nodes.FilterNode	ssg.liquid.nodes.FilterNode#add(LNode)	def	bec4a61b965c7668
ssg.liquid.nodes.FilterNode	ssg.liquid.nodes.FilterNode#apply(Object,TemplateContext)	def	b3fd9c8364e5a93c
ssg.liquid.nodes.FilterNode	ssg.liquid.nodes.FilterNode#filter	val	461d47a1be88adb4
ssg.liquid.nodes.FilterNode	ssg.liquid.nodes.FilterNode#line	val	dbaa6b7c10344497
ssg.liquid.nodes.FilterNode	ssg.liquid.nodes.FilterNode#params	val	454c926c2e9e766b
ssg.liquid.nodes.FilterNode	ssg.liquid.nodes.FilterNode#render(TemplateContext)	def	1caaee2f813a44de
ssg.liquid.nodes.FilterNode	ssg.liquid.nodes.FilterNode#tokenStartIndex	val	09d75d5ef2c34aab
ssg.liquid.nodes.GtEqNode	ssg.liquid.nodes.GtEqNode	class	f22d8f4132094288
ssg.liquid.nodes.GtEqNode	ssg.liquid.nodes.GtEqNode#doCompare(Object,Object,boolean)	def	17b376387d6fd078
ssg.liquid.nodes.GtNode	ssg.liquid.nodes.GtNode	class	3060e2dce6677f24
ssg.liquid.nodes.GtNode	ssg.liquid.nodes.GtNode#doCompare(Object,Object,boolean)	def	e7b0b9ec43242035
ssg.liquid.nodes.InsertionNode	ssg.liquid.nodes.InsertionNode	class	dcd96e71267a9a6f
ssg.liquid.nodes.InsertionNode	ssg.liquid.nodes.InsertionNode#<init>(Insertion,Array<LNode>)	ctor	b39fde762ea15c76
ssg.liquid.nodes.InsertionNode	ssg.liquid.nodes.InsertionNode#<init>(Insertion,Buffer<LNode>)	ctor	0ff6b9482b3673ac
ssg.liquid.nodes.InsertionNode	ssg.liquid.nodes.InsertionNode#<stmt1>	stmt	a7a6c3c00a0c39af
ssg.liquid.nodes.InsertionNode	ssg.liquid.nodes.InsertionNode#<stmt2>	stmt	8635c711a7ccddec
ssg.liquid.nodes.InsertionNode	ssg.liquid.nodes.InsertionNode#<stmt3>	stmt	6ae6db3d74958e6f
ssg.liquid.nodes.InsertionNode	ssg.liquid.nodes.InsertionNode#<stmt4>	stmt	72618a12d86d028a
ssg.liquid.nodes.InsertionNode	ssg.liquid.nodes.InsertionNode#insertion	val	94eb5beb12211a2a
ssg.liquid.nodes.InsertionNode	ssg.liquid.nodes.InsertionNode#render(TemplateContext)	def	b5d1f2ba5294dd9c
ssg.liquid.nodes.InsertionNode	ssg.liquid.nodes.InsertionNode#tokens	val	1750c420943c1cd8
ssg.liquid.nodes.KeyValueNode	ssg.liquid.nodes.KeyValueNode	class	88c9099ad1c6578d
ssg.liquid.nodes.KeyValueNode	ssg.liquid.nodes.KeyValueNode#<stmt1>	stmt	7dc31ef553396924
ssg.liquid.nodes.KeyValueNode	ssg.liquid.nodes.KeyValueNode#<stmt2>	stmt	0b048b224ae88231
ssg.liquid.nodes.KeyValueNode	ssg.liquid.nodes.KeyValueNode#key	val	dea7a17dd8b436d1
ssg.liquid.nodes.KeyValueNode	ssg.liquid.nodes.KeyValueNode#render(TemplateContext)	def	dd75bea48d73a74b
ssg.liquid.nodes.KeyValueNode	ssg.liquid.nodes.KeyValueNode#value	val	624e52bf86af21fd
ssg.liquid.nodes.LNode	ssg.liquid.nodes.LNode	class	094faa35647a1752
ssg.liquid.nodes.LNode	ssg.liquid.nodes.LNode#render(TemplateContext)	def	cc2ac90843baf264
ssg.liquid.nodes.LookupNode	ssg.liquid.nodes.LookupNode	class	227cea90c2797f0a
ssg.liquid.nodes.LookupNode	ssg.liquid.nodes.LookupNode#<stmt1>	stmt	49d411428c5d2f3c
ssg.liquid.nodes.LookupNode	ssg.liquid.nodes.LookupNode#<stmt2>	stmt	1feb55191443a6a1
ssg.liquid.nodes.LookupNode	ssg.liquid.nodes.LookupNode#add(Indexable)	def	dcb0d527e02c0b31
ssg.liquid.nodes.LookupNode	ssg.liquid.nodes.LookupNode#getVariableName()	def	af87ef903fc152c8
ssg.liquid.nodes.LookupNode	ssg.liquid.nodes.LookupNode#id	val	b9479c133c0c9ceb
ssg.liquid.nodes.LookupNode	ssg.liquid.nodes.LookupNode#indexes	val	919bc2aa89b3b688
ssg.liquid.nodes.LookupNode	ssg.liquid.nodes.LookupNode#render(TemplateContext)	def	5a6eb57ccf75e015
ssg.liquid.nodes.LookupNode	ssg.liquid.nodes.LookupNode#toString()	def	3bc3f88303503e49
ssg.liquid.nodes.LookupNode	ssg.liquid.nodes.LookupNode$Hash	class	f91e897c526f372b
ssg.liquid.nodes.LookupNode	ssg.liquid.nodes.LookupNode$Hash#<stmt1>	stmt	3fa9de8f12a84d2c
ssg.liquid.nodes.LookupNode	ssg.liquid.nodes.LookupNode$Hash#get(Object,TemplateContext)	def	aa9f0eb03e2c625b
ssg.liquid.nodes.LookupNode	ssg.liquid.nodes.LookupNode$Hash#hash	val	8480edae8a2070b0
ssg.liquid.nodes.LookupNode	ssg.liquid.nodes.LookupNode$Hash#toString()	def	ad14efb2d9792364
ssg.liquid.nodes.LookupNode	ssg.liquid.nodes.LookupNode$Index	class	df298a11bb3eead5
ssg.liquid.nodes.LookupNode	ssg.liquid.nodes.LookupNode$Index#<stmt1>	stmt	e05df80b013ab785
ssg.liquid.nodes.LookupNode	ssg.liquid.nodes.LookupNode$Index#<stmt2>	stmt	cca0a63234303397
ssg.liquid.nodes.LookupNode	ssg.liquid.nodes.LookupNode$Index#expression	val	f5c9540682709c1c
ssg.liquid.nodes.LookupNode	ssg.liquid.nodes.LookupNode$Index#get(Object,TemplateContext)	def	3887011073232379
ssg.liquid.nodes.LookupNode	ssg.liquid.nodes.LookupNode$Index#key	val	78343d518e224090
ssg.liquid.nodes.LookupNode	ssg.liquid.nodes.LookupNode$Index#text	val	c0a276daa67b2027
ssg.liquid.nodes.LookupNode	ssg.liquid.nodes.LookupNode$Index#toString()	def	7b05e0723234d149
ssg.liquid.nodes.LookupNode	ssg.liquid.nodes.LookupNode$Indexable	class	3a62b82905865794
ssg.liquid.nodes.LookupNode	ssg.liquid.nodes.LookupNode$Indexable#get(Object,TemplateContext)	def	6ce768e3477deba1
ssg.liquid.nodes.LtEqNode	ssg.liquid.nodes.LtEqNode	class	ac17278282374c64
ssg.liquid.nodes.LtEqNode	ssg.liquid.nodes.LtEqNode#doCompare(Object,Object,boolean)	def	f9ef3605e7080ea6
ssg.liquid.nodes.LtNode	ssg.liquid.nodes.LtNode	class	8c67f4ef2de0872f
ssg.liquid.nodes.LtNode	ssg.liquid.nodes.LtNode#doCompare(Object,Object,boolean)	def	310662463cd293be
ssg.liquid.nodes.NEqNode	ssg.liquid.nodes.NEqNode	class	ef0676f6fdef6963
ssg.liquid.nodes.NEqNode	ssg.liquid.nodes.NEqNode#doCompare(Object,Object,boolean)	def	a6afbc214fed6710
ssg.liquid.nodes.OrNode	ssg.liquid.nodes.OrNode	class	22389faf19caa5cb
ssg.liquid.nodes.OrNode	ssg.liquid.nodes.OrNode#<stmt1>	stmt	0fc65991315fc24a
ssg.liquid.nodes.OrNode	ssg.liquid.nodes.OrNode#<stmt2>	stmt	570bc1a9afffa1f7
ssg.liquid.nodes.OrNode	ssg.liquid.nodes.OrNode#lhs	val	517b10302dc25896
ssg.liquid.nodes.OrNode	ssg.liquid.nodes.OrNode#render(TemplateContext)	def	101647744ed6e858
ssg.liquid.nodes.OrNode	ssg.liquid.nodes.OrNode#rhs	val	946121c4cf914752
ssg.liquid.nodes.OutputNode	ssg.liquid.nodes.OutputNode	class	54bb8512adfbde98
ssg.liquid.nodes.OutputNode	ssg.liquid.nodes.OutputNode#<stmt1>	stmt	3594c5d3a6166af8
ssg.liquid.nodes.OutputNode	ssg.liquid.nodes.OutputNode#<stmt2>	stmt	f5b337df1f7f3a8c
ssg.liquid.nodes.OutputNode	ssg.liquid.nodes.OutputNode#<stmt3>	stmt	638b793dd0d3d18d
ssg.liquid.nodes.OutputNode	ssg.liquid.nodes.OutputNode#<stmt4>	stmt	edd66e88e1162b04
ssg.liquid.nodes.OutputNode	ssg.liquid.nodes.OutputNode#<stmt5>	stmt	478f135168153a24
ssg.liquid.nodes.OutputNode	ssg.liquid.nodes.OutputNode#addFilter(FilterNode)	def	5a4fc8e01379c208
ssg.liquid.nodes.OutputNode	ssg.liquid.nodes.OutputNode#expression	val	e2f881d6f454ab28
ssg.liquid.nodes.OutputNode	ssg.liquid.nodes.OutputNode#filters	val	a34215fc4223b9c0
ssg.liquid.nodes.OutputNode	ssg.liquid.nodes.OutputNode#render(TemplateContext)	def	228d8f158b67ed7e
ssg.liquid.nodes.OutputNode	ssg.liquid.nodes.OutputNode#unparsed	val	1774c4577073454a
ssg.liquid.nodes.OutputNode	ssg.liquid.nodes.OutputNode#unparsedPosition	val	afb1194b3f8fe289
ssg.liquid.nodes.OutputNode	ssg.liquid.nodes.OutputNode#unparsedline	val	5644b4e42c7a0da7
ssg.liquid.parser.Flavor	ssg.liquid.parser.Flavor	class	235e24a0035022c3
ssg.liquid.parser.Flavor	ssg.liquid.parser.Flavor#<stmt1>	stmt	6b5a058296b07631
ssg.liquid.parser.Flavor	ssg.liquid.parser.Flavor#<stmt2>	stmt	b75c0d8d3bf866d6
ssg.liquid.parser.Flavor	ssg.liquid.parser.Flavor#defaultParser()	def	163fcaeafaa97d30
ssg.liquid.parser.Flavor	ssg.liquid.parser.Flavor#getErrorMode()	def	fc5b3428737987f4
ssg.liquid.parser.Flavor	ssg.liquid.parser.Flavor#getFilters()	def	a93b07a18a3da42a
ssg.liquid.parser.Flavor	ssg.liquid.parser.Flavor#getInsertions()	def	f83a48677b955afd
ssg.liquid.parser.Flavor	ssg.liquid.parser.Flavor#isEvaluateInOutputTag()	def	509dbd594c13f462
ssg.liquid.parser.Flavor	ssg.liquid.parser.Flavor#isLiquidStyleInclude()	def	c3902b815afee75f
ssg.liquid.parser.Flavor	ssg.liquid.parser.Flavor#isLiquidStyleWhere()	def	cb07d76e0143b72d
ssg.liquid.parser.Flavor	ssg.liquid.parser.Flavor#isStrictTypedExpressions()	def	a5740bcd68807c08
ssg.liquid.parser.Flavor	ssg.liquid.parser.Flavor#liquidStyleInclude	val	63797703d7674331
ssg.liquid.parser.Flavor	ssg.liquid.parser.Flavor#liquidStyleWhere	val	8a142585456548cd
ssg.liquid.parser.Flavor	ssg.liquid.parser.Flavor#parser	val	67943f9919a99bd8
ssg.liquid.parser.Inspectable	ssg.liquid.parser.Inspectable	class	531def737bbffb83
ssg.liquid.parser.LiquidSupport	ssg.liquid.parser.LiquidSupport	class	11378b45b0a3a8e7
ssg.liquid.parser.LiquidSupport	ssg.liquid.parser.LiquidSupport#toLiquid()	def	008cbd7ff4948651
ssg.liquid.parser.LiquidSupport	ssg.liquid.parser.LiquidSupport$LiquidSerializer	class	db47d2391a49e6b5
ssg.liquid.parser.LiquidSupport	ssg.liquid.parser.LiquidSupport$LiquidSerializer#<init>()	ctor	40c4c56ff5a2bf53
ssg.liquid.parser.LiquidSupport	ssg.liquid.parser.LiquidSupport$LiquidSerializer#serialVersionUID	val	c18f0c3258450682
ssg.liquid.parser.LiquidSupport	ssg.liquid.parser.LiquidSupport$LiquidSerializer#serialize(LiquidSupport,JsonGenerator,SerializerProvider)	def	253cd8f04e23a291
ssg.liquid.parser.LiquidSupport	ssg.liquid.parser.LiquidSupport$LiquidSupportFromInspectable	class	0df54ff25d9217f7
ssg.liquid.parser.LiquidSupport	ssg.liquid.parser.LiquidSupport$LiquidSupportFromInspectable#<stmt1>	stmt	16b01e6a942d8334
ssg.liquid.parser.LiquidSupport	ssg.liquid.parser.LiquidSupport$LiquidSupportFromInspectable#<stmt2>	stmt	8c8955af4a07a74e
ssg.liquid.parser.LiquidSupport	ssg.liquid.parser.LiquidSupport$LiquidSupportFromInspectable#MAP_TYPE_REF	val	ddd3297fabc77589
ssg.liquid.parser.LiquidSupport	ssg.liquid.parser.LiquidSupport$LiquidSupportFromInspectable#mapper	val	b076f4736d913569
ssg.liquid.parser.LiquidSupport	ssg.liquid.parser.LiquidSupport$LiquidSupportFromInspectable#objectToMap(ObjectMapper,Object)	def	74418af40a01f56d
ssg.liquid.parser.LiquidSupport	ssg.liquid.parser.LiquidSupport$LiquidSupportFromInspectable#toLiquid()	def	0454cfa8513fa744
ssg.liquid.parser.LiquidSupport	ssg.liquid.parser.LiquidSupport$LiquidSupportFromInspectable#variable	val	ae41a0135e84606c
ssg.liquid.parser.LiquidSupport	ssg.liquid.parser.LiquidSupport$LiquidSupportFromInspectable#visit(Object)	def	d4fc8104d11b272a
ssg.liquid.parser.LiquidSupport	ssg.liquid.parser.LiquidSupport$LiquidSupportFromInspectable#visitList(Buffer<Object>)	def	fce7be0fa4764b39
ssg.liquid.parser.LiquidSupport	ssg.liquid.parser.LiquidSupport$LiquidSupportFromInspectable#visitMap(Map<String,Object>)	def	88d6fa4b013853bd
ssg.liquid.parser.v4.NodeVisitor	ssg.liquid.parser.v4.NodeVisitor	class	de0807f77e4b823c
ssg.liquid.parser.v4.NodeVisitor	ssg.liquid.parser.v4.NodeVisitor#<stmt1>	stmt	a808eeaa9d09a83a
ssg.liquid.parser.v4.NodeVisitor	ssg.liquid.parser.v4.NodeVisitor#<stmt2>	stmt	ca6a308ae9ac1014
ssg.liquid.parser.v4.NodeVisitor	ssg.liquid.parser.v4.NodeVisitor#<stmt3>	stmt	ef9843fd46b2547e
ssg.liquid.parser.v4.NodeVisitor	ssg.liquid.parser.v4.NodeVisitor#<stmt4>	stmt	3f810a18cac10432
ssg.liquid.parser.v4.NodeVisitor	ssg.liquid.parser.v4.NodeVisitor#<stmt5>	stmt	37b4b5ae2fbd3c5d
ssg.liquid.parser.v4.NodeVisitor	ssg.liquid.parser.v4.NodeVisitor#filters	val	02da0df5e992a974
ssg.liquid.parser.v4.NodeVisitor	ssg.liquid.parser.v4.NodeVisitor#fromString(TerminalNode)	def	c6880282a0ac739d
ssg.liquid.parser.v4.NodeVisitor	ssg.liquid.parser.v4.NodeVisitor#getJekyllIncludeInsertionNode(String,File_name_or_outputContext,Buffer<Jekyll_include_paramsContext>)	def	b887c4ef9dab72a2
ssg.liquid.parser.v4.NodeVisitor	ssg.liquid.parser.v4.NodeVisitor#insertions	val	b602749fce458cd1
ssg.liquid.parser.v4.NodeVisitor	ssg.liquid.parser.v4.NodeVisitor#isRootBlock	val	6a3ab721d051d8aa
ssg.liquid.parser.v4.NodeVisitor	ssg.liquid.parser.v4.NodeVisitor#liquidStyleInclude	val	63797703d7674331
ssg.liquid.parser.v4.NodeVisitor	ssg.liquid.parser.v4.NodeVisitor#strip(String)	def	1741cea843cfa4b7
ssg.liquid.parser.v4.NodeVisitor	ssg.liquid.parser.v4.NodeVisitor#visitAssignment(AssignmentContext)	def	61d604b632023d86
ssg.liquid.parser.v4.NodeVisitor	ssg.liquid.parser.v4.NodeVisitor#visitAtom_others(Atom_othersContext)	def	7162264506d7dcb6
ssg.liquid.parser.v4.NodeVisitor	ssg.liquid.parser.v4.NodeVisitor#visitAttribute(AttributeContext)	def	46bfa20224d05656
ssg.liquid.parser.v4.NodeVisitor	ssg.liquid.parser.v4.NodeVisitor#visitBlock(BlockContext)	def	fd56275c472184d2
ssg.liquid.parser.v4.NodeVisitor	ssg.liquid.parser.v4.NodeVisitor#visitCapture_tag_Id(Capture_tag_IdContext)	def	110ead50db5324f0
ssg.liquid.parser.v4.NodeVisitor	ssg.liquid.parser.v4.NodeVisitor#visitCapture_tag_Str(Capture_tag_StrContext)	def	b9e5bc11cd97d6fd
ssg.liquid.parser.v4.NodeVisitor	ssg.liquid.parser.v4.NodeVisitor#visitCase_tag(Case_tagContext)	def	6925d17a625a4e6d
ssg.liquid.parser.v4.NodeVisitor	ssg.liquid.parser.v4.NodeVisitor#visitComment_tag(Comment_tagContext)	def	f5d34693538e2630
ssg.liquid.parser.v4.NodeVisitor	ssg.liquid.parser.v4.NodeVisitor#visitContinue_tag(Continue_tagContext)	def	0baafc81b720c071
ssg.liquid.parser.v4.NodeVisitor	ssg.liquid.parser.v4.NodeVisitor#visitCycle_tag(Cycle_tagContext)	def	fa83f49e1c1b59cd
ssg.liquid.parser.v4.NodeVisitor	ssg.liquid.parser.v4.NodeVisitor#visitExpr_contains(Expr_containsContext)	def	806fc68d75b7dee0
ssg.liquid.parser.v4.NodeVisitor	ssg.liquid.parser.v4.NodeVisitor#visitExpr_eq(Expr_eqContext)	def	3e7cd60c19479b80
ssg.liquid.parser.v4.NodeVisitor	ssg.liquid.parser.v4.NodeVisitor#visitExpr_logic(Expr_logicContext)	def	5504dafde84fba66
ssg.liquid.parser.v4.NodeVisitor	ssg.liquid.parser.v4.NodeVisitor#visitExpr_rel(Expr_relContext)	def	a25f506f9d5a558b
ssg.liquid.parser.v4.NodeVisitor	ssg.liquid.parser.v4.NodeVisitor#visitExpr_term(Expr_termContext)	def	d25f4975dc9bc32c
ssg.liquid.parser.v4.NodeVisitor	ssg.liquid.parser.v4.NodeVisitor#visitFilename(FilenameContext)	def	b35a3ee25fcb6a5e
ssg.liquid.parser.v4.NodeVisitor	ssg.liquid.parser.v4.NodeVisitor#visitFilter(FilterContext)	def	c5ccf174aef637c8
ssg.liquid.parser.v4.NodeVisitor	ssg.liquid.parser.v4.NodeVisitor#visitFor_array(For_arrayContext)	def	d8d8f42c817bca6e
ssg.liquid.parser.v4.NodeVisitor	ssg.liquid.parser.v4.NodeVisitor#visitFor_attribute(For_attributeContext)	def	39e3459150edc3d0
ssg.liquid.parser.v4.NodeVisitor	ssg.liquid.parser.v4.NodeVisitor#visitFor_range(For_rangeContext)	def	7c5c795446446889
ssg.liquid.parser.v4.NodeVisitor	ssg.liquid.parser.v4.NodeVisitor#visitIf_tag(If_tagContext)	def	aa5b3156bb6b2f81
ssg.liquid.parser.v4.NodeVisitor	ssg.liquid.parser.v4.NodeVisitor#visitInclude_relative_tag(Include_relative_tagContext)	def	0e2a4a463f3db6b3
ssg.liquid.parser.v4.NodeVisitor	ssg.liquid.parser.v4.NodeVisitor#visitInclude_tag(Include_tagContext)	def	15cc41a28e0bd650
ssg.liquid.parser.v4.NodeVisitor	ssg.liquid.parser.v4.NodeVisitor#visitJekyll_include_filename(Jekyll_include_filenameContext)	def	f30983349a1c75c7
ssg.liquid.parser.v4.NodeVisitor	ssg.liquid.parser.v4.NodeVisitor#visitJekyll_include_output(Jekyll_include_outputContext)	def	75abb03501a27775
ssg.liquid.parser.v4.NodeVisitor	ssg.liquid.parser.v4.NodeVisitor#visitJekyll_include_params(Jekyll_include_paramsContext)	def	ecfb12a8f80a6ff8
ssg.liquid.parser.v4.NodeVisitor	ssg.liquid.parser.v4.NodeVisitor#visitLookup_Id(Lookup_IdContext)	def	2d22eb78379a7281
ssg.liquid.parser.v4.NodeVisitor	ssg.liquid.parser.v4.NodeVisitor#visitLookup_Str(Lookup_StrContext)	def	a56f1c02f67b3f6d
ssg.liquid.parser.v4.NodeVisitor	ssg.liquid.parser.v4.NodeVisitor#visitLookup_empty(Lookup_emptyContext)	def	9d88b3363ded5dd2
ssg.liquid.parser.v4.NodeVisitor	ssg.liquid.parser.v4.NodeVisitor#visitLookup_id_indexes(Lookup_id_indexesContext)	def	af1ae99a8e1a79ae
ssg.liquid.parser.v4.NodeVisitor	ssg.liquid.parser.v4.NodeVisitor#visitOther_tag(Other_tagContext)	def	3cac96d1af47f3fd
ssg.liquid.parser.v4.NodeVisitor	ssg.liquid.parser.v4.NodeVisitor#visitOutput(OutputContext)	def	643d97be4359da3c
ssg.liquid.parser.v4.NodeVisitor	ssg.liquid.parser.v4.NodeVisitor#visitParam_expr_expr(Param_expr_exprContext)	def	baf14d3548df3a33
ssg.liquid.parser.v4.NodeVisitor	ssg.liquid.parser.v4.NodeVisitor#visitParam_expr_key_value(Param_expr_key_valueContext)	def	feae95c27f61aba6
ssg.liquid.parser.v4.NodeVisitor	ssg.liquid.parser.v4.NodeVisitor#visitParse(ParseContext)	def	859268e2e1b750c8
ssg.liquid.parser.v4.NodeVisitor	ssg.liquid.parser.v4.NodeVisitor#visitRaw_tag(Raw_tagContext)	def	20c52d169f93546d
ssg.liquid.parser.v4.NodeVisitor	ssg.liquid.parser.v4.NodeVisitor#visitSimple_tag(Simple_tagContext)	def	41541b648ee55931
ssg.liquid.parser.v4.NodeVisitor	ssg.liquid.parser.v4.NodeVisitor#visitTable_tag(Table_tagContext)	def	a005f63761e67c80
ssg.liquid.parser.v4.NodeVisitor	ssg.liquid.parser.v4.NodeVisitor#visitTerm_Blank(Term_BlankContext)	def	98d832ec1c5662fc
ssg.liquid.parser.v4.NodeVisitor	ssg.liquid.parser.v4.NodeVisitor#visitTerm_DoubleNum(Term_DoubleNumContext)	def	773eff62875aef3e
ssg.liquid.parser.v4.NodeVisitor	ssg.liquid.parser.v4.NodeVisitor#visitTerm_Empty(Term_EmptyContext)	def	abd9e9a37594d52e
ssg.liquid.parser.v4.NodeVisitor	ssg.liquid.parser.v4.NodeVisitor#visitTerm_False(Term_FalseContext)	def	e2f0a1a178f7795a
ssg.liquid.parser.v4.NodeVisitor	ssg.liquid.parser.v4.NodeVisitor#visitTerm_LongNum(Term_LongNumContext)	def	d2e478e378dc4efc
ssg.liquid.parser.v4.NodeVisitor	ssg.liquid.parser.v4.NodeVisitor#visitTerm_Nil(Term_NilContext)	def	b05550d88087ad69
ssg.liquid.parser.v4.NodeVisitor	ssg.liquid.parser.v4.NodeVisitor#visitTerm_Str(Term_StrContext)	def	c2c24fecbc6503a9
ssg.liquid.parser.v4.NodeVisitor	ssg.liquid.parser.v4.NodeVisitor#visitTerm_True(Term_TrueContext)	def	657576149fc5d44c
ssg.liquid.parser.v4.NodeVisitor	ssg.liquid.parser.v4.NodeVisitor#visitTerm_expr(Term_exprContext)	def	09ee485459bb453e
ssg.liquid.parser.v4.NodeVisitor	ssg.liquid.parser.v4.NodeVisitor#visitTerm_lookup(Term_lookupContext)	def	5a5d82455fe612a6
ssg.liquid.parser.v4.NodeVisitor	ssg.liquid.parser.v4.NodeVisitor#visitUnless_tag(Unless_tagContext)	def	10982922151db324
ssg.liquid.spi.BasicTypesSupport	ssg.liquid.spi.BasicTypesSupport	class	62d9699c24b753b8
ssg.liquid.spi.BasicTypesSupport	ssg.liquid.spi.BasicTypesSupport#addCustomDateType(CustomDateFormatSupport<?>)	def	9412509c7486affa
ssg.liquid.spi.BasicTypesSupport	ssg.liquid.spi.BasicTypesSupport#clearReferences()	def	917bea8985544f4b
ssg.liquid.spi.BasicTypesSupport	ssg.liquid.spi.BasicTypesSupport#createReference(Object)	def	e8c3d45afc74a37a
ssg.liquid.spi.BasicTypesSupport	ssg.liquid.spi.BasicTypesSupport#getByReference(String)	def	6037e650577c6c6d
ssg.liquid.spi.BasicTypesSupport	ssg.liquid.spi.BasicTypesSupport#local	val	138c4bde637be47e
ssg.liquid.spi.BasicTypesSupport	ssg.liquid.spi.BasicTypesSupport#registerType(SimpleModule,Class<T>)	def	05becd0194c77e5d
ssg.liquid.spi.BasicTypesSupport	ssg.liquid.spi.BasicTypesSupport#restoreObject(Object)	def	ab09847c2af3ad24
ssg.liquid.spi.Java7DateTypesSupport	ssg.liquid.spi.Java7DateTypesSupport	class	08706156ca9a66da
ssg.liquid.spi.Java7DateTypesSupport	ssg.liquid.spi.Java7DateTypesSupport#configureCustomDateTypes()	def	777195dab4f8df82
ssg.liquid.spi.Java7DateTypesSupport	ssg.liquid.spi.Java7DateTypesSupport#configureTypesForReferencing(ObjectMapper)	def	6da2da7d0232bfe9
ssg.liquid.spi.Java8DateTypesSupport	ssg.liquid.spi.Java8DateTypesSupport	class	8966572f508115e1
ssg.liquid.spi.Java8DateTypesSupport	ssg.liquid.spi.Java8DateTypesSupport#configureTypesForReferencing(ObjectMapper)	def	4850faf681e4a433
ssg.liquid.spi.SPIHelper	ssg.liquid.spi.SPIHelper	class	b1edb6a017aa2d78
ssg.liquid.spi.SPIHelper	ssg.liquid.spi.SPIHelper#applyCustomDateTypes()	def	3fefc9ab4387eee6
ssg.liquid.spi.SPIHelper	ssg.liquid.spi.SPIHelper#applyTypeReferencing(ObjectMapper)	def	0eb3556b786732ca
ssg.liquid.spi.SPIHelper	ssg.liquid.spi.SPIHelper#copyIterator(JavaIterator<T>)	def	f2bf47ec2c10aa66
ssg.liquid.spi.SPIHelper	ssg.liquid.spi.SPIHelper#findProviders()	def	f6b87962d3a5f9cc
ssg.liquid.spi.SPIHelper	ssg.liquid.spi.SPIHelper#typeSupporters	val	e41b8f1707682dc4
ssg.liquid.spi.TypesSupport	ssg.liquid.spi.TypesSupport	class	2eefa5ae67738736
ssg.liquid.spi.TypesSupport	ssg.liquid.spi.TypesSupport#configureCustomDateTypes()	def	1a9e147f3663020e
ssg.liquid.spi.TypesSupport	ssg.liquid.spi.TypesSupport#configureTypesForReferencing(ObjectMapper)	def	8262399e45079523
ssg.liquid.tags.Assign	ssg.liquid.tags.Assign	class	875cb0e7700dd507
ssg.liquid.tags.Assign	ssg.liquid.tags.Assign#render(TemplateContext,Array<LNode>)	def	ada88ab20dacd367
ssg.liquid.tags.Break	ssg.liquid.tags.Break	class	774777dc2a275c1d
ssg.liquid.tags.Break	ssg.liquid.tags.Break#render(TemplateContext,Array<LNode>)	def	38d862ad6d1a431b
ssg.liquid.tags.Continue	ssg.liquid.tags.Continue	class	28d0aa60ec6e6e46
ssg.liquid.tags.Continue	ssg.liquid.tags.Continue#render(TemplateContext,Array<LNode>)	def	757727e82d52e1a0
ssg.liquid.tags.Decrement	ssg.liquid.tags.Decrement	class	8b391b3bc74eae14
ssg.liquid.tags.Decrement	ssg.liquid.tags.Decrement#INITIAL	val	0cecd823fa2e2b32
ssg.liquid.tags.Decrement	ssg.liquid.tags.Decrement#render(TemplateContext,Array<LNode>)	def	07856cf925826035
ssg.liquid.tags.Include	ssg.liquid.tags.Include	class	070fb35448ff4cbc
ssg.liquid.tags.Include	ssg.liquid.tags.Include#<init>()	ctor	b37177446f91392a
ssg.liquid.tags.Include	ssg.liquid.tags.Include#<init>(String)	ctor	cdfe184c3f332b03
ssg.liquid.tags.Include	ssg.liquid.tags.Include#detectSource(TemplateContext,String)	def	b00b72de08ef0bf4
ssg.liquid.tags.Include	ssg.liquid.tags.Include#render(TemplateContext,Array<LNode>)	def	070f9059000a90ff
ssg.liquid.tags.IncludeRelative	ssg.liquid.tags.IncludeRelative	class	cc5a7926c488bf2a
ssg.liquid.tags.IncludeRelative	ssg.liquid.tags.IncludeRelative#detectSource(TemplateContext,String)	def	808b4b1c1aff2dee
ssg.liquid.tags.Increment	ssg.liquid.tags.Increment	class	c3fc66a0d8337cd1
ssg.liquid.tags.Increment	ssg.liquid.tags.Increment#INITIAL	val	0cecd823fa2e2b32
ssg.liquid.tags.Increment	ssg.liquid.tags.Increment#render(TemplateContext,Array<LNode>)	def	6a6df56a5d859a54
ssg.liquid.tags.Tag	ssg.liquid.tags.Tag	class	5da7ccbea50814a2
ssg.liquid.tags.Tag	ssg.liquid.tags.Tag#<init>(String)	ctor	21fa82601107b94d
