# balticporter port map	schema=3	module=sge-jbump	engine=balticporter/0.1.0-SNAPSHOT	sources=be818d0761d560e5	files=19	policy=3dc15a4b2f41e628
#kind	upstream	emitted	disposition	body	javaPath	javaLine	digest	shape
type	com.dongbat.jbump.Cell	sge.jbump.Cell	Renamed	-		0		form=class primary=() primaryKind=unique-root primaryVis=public
type	com.dongbat.jbump.Collision	sge.jbump.Collision	Renamed	-		0		form=class primary=() primaryKind=unique-root primaryVis=public
type	com.dongbat.jbump.CollisionFilter	sge.jbump.CollisionFilter	Renamed	-		0		companion=yes form=trait statics=defaultFilter
type	com.dongbat.jbump.Collisions	sge.jbump.Collisions	Renamed	-		0		companion=yes disambiguator=marker form=class parents=java.util.Comparator primary=(?) primaryKind=synthesised-primary primaryVis=protected secondaries=();(Collisions)
type	com.dongbat.jbump.Extra	sge.jbump.Extra	Renamed	-		0		form=object primary=() primaryKind=unique-root primaryVis=public
type	com.dongbat.jbump.Grid	sge.jbump.Grid	Renamed	-		0		companion=yes form=class primary=() primaryKind=unique-root primaryVis=public statics=TraverseCallback,grid_toCell,grid_toWorld,grid_traverse_initStep
type	com.dongbat.jbump.Grid$TraverseCallback	sge.jbump.Grid$TraverseCallback	Renamed	-		0		form=trait
type	com.dongbat.jbump.IntPoint	sge.jbump.IntPoint	Renamed	-		0		companion=yes disambiguator=marker form=class primary=(int,int,?) primaryKind=synthesised-primary primaryVis=protected secondaries=();(int,int)
type	com.dongbat.jbump.Item	sge.jbump.Item	Renamed	-		0		companion=yes disambiguator=marker form=class primary=(?) primaryKind=synthesised-primary primaryVis=protected secondaries=();(E) tparams="[E <: java.lang.Object]"
type	com.dongbat.jbump.ItemInfo	sge.jbump.ItemInfo	Renamed	-		0		companion=yes form=class primary=(Item,float,float,float) primaryKind=unique-root primaryVis=public statics=weightComparator
type	com.dongbat.jbump.Point	sge.jbump.Point	Renamed	-		0		companion=yes disambiguator=marker form=class primary=(float,float,?) primaryKind=synthesised-primary primaryVis=protected secondaries=();(float,float)
type	com.dongbat.jbump.Rect	sge.jbump.Rect	Renamed	-		0		companion=yes disambiguator=marker form=class primary=(float,float,float,float,?) primaryKind=synthesised-primary primaryVis=protected secondaries=();(float,float,float,float) statics=rect_containsPoint,rect_getDiff,rect_getNearestCorner,rect_getSegmentIntersectionIndices,rect_getSquareDistance,rect_isIntersecting
type	com.dongbat.jbump.RectHelper	sge.jbump.RectHelper	Renamed	-		0		form=class primary=() primaryKind=unique-root primaryVis=public
type	com.dongbat.jbump.Response	sge.jbump.Response	Renamed	-		0		companion=yes form=trait statics=Result,bounce,cross,slide,touch
type	com.dongbat.jbump.Response$Result	sge.jbump.Response$Result	Renamed	-		0		form=class primary=() primaryKind=unique-root primaryVis=public
type	com.dongbat.jbump.World	sge.jbump.World	Renamed	-		0		form=class primary=(float) primaryKind=unique-root primaryVis=public secondaries=() tparams="[E <: java.lang.Object]"
type	com.dongbat.jbump.util.BooleanArray	sge.jbump.util.BooleanArray	Renamed	-		0		companion=yes disambiguator=marker form=class primary=(?) primaryKind=synthesised-primary primaryVis=protected secondaries=();(int);(boolean,int);(BooleanArray);(boolean[]);(boolean,boolean[],int,int) statics=`with`
type	com.dongbat.jbump.util.FloatArray	sge.jbump.util.FloatArray	Renamed	-		0		companion=yes disambiguator=marker form=class primary=(?) primaryKind=synthesised-primary primaryVis=protected secondaries=();(int);(boolean,int);(FloatArray);(float[]);(boolean,float[],int,int) statics=`with`
type	com.dongbat.jbump.util.IntArray	sge.jbump.util.IntArray	Renamed	-		0		companion=yes disambiguator=marker form=class primary=(?) primaryKind=synthesised-primary primaryVis=protected secondaries=();(int);(boolean,int);(IntArray);(int[]);(boolean,int[],int,int) statics=`with`
type	com.dongbat.jbump.util.IntIntMap	sge.jbump.util.IntIntMap	Renamed	-		0		companion=yes form=class parents=balticporter.runtime.JavaIterable primary=(int,float) primaryKind=unique-root primaryVis=public secondaries=();(int);(IntIntMap) statics=EMPTY,Entries,Entry,Keys,MapIterator,PRIME1,PRIME2,PRIME3,Values
type	com.dongbat.jbump.util.IntIntMap$Entries	sge.jbump.util.IntIntMap$Entries	Renamed	-		0		companion=yes form=class parents=sge.jbump.util.IntIntMap$MapIterator,balticporter.runtime.JavaIterable,balticporter.runtime.JavaIterator primary=(IntIntMap) primaryKind=unique-root primaryVis=public
type	com.dongbat.jbump.util.IntIntMap$Entry	sge.jbump.util.IntIntMap$Entry	Renamed	-		0		form=class primary=() primaryKind=unique-root primaryVis=public
type	com.dongbat.jbump.util.IntIntMap$Keys	sge.jbump.util.IntIntMap$Keys	Renamed	-		0		companion=yes form=class parents=sge.jbump.util.IntIntMap$MapIterator primary=(IntIntMap) primaryKind=unique-root primaryVis=public
type	com.dongbat.jbump.util.IntIntMap$MapIterator	sge.jbump.util.IntIntMap$MapIterator	Renamed	-		0		companion=yes form=class primary=(IntIntMap) primaryKind=unique-root primaryVis=public statics=INDEX_ILLEGAL,INDEX_ZERO
type	com.dongbat.jbump.util.IntIntMap$Values	sge.jbump.util.IntIntMap$Values	Renamed	-		0		companion=yes form=class parents=sge.jbump.util.IntIntMap$MapIterator primary=(IntIntMap) primaryKind=unique-root primaryVis=public
type	com.dongbat.jbump.util.MathUtils	sge.jbump.util.MathUtils	Renamed	-		0		flags=final form=object primary=() primaryKind=unique-root primaryVis=public
type	com.dongbat.jbump.util.MathUtils$Sin	sge.jbump.util.MathUtils$Sin	Renamed	-		0		form=object primary=() primaryKind=unique-root primaryVis=private[MathUtils]
type		balticporter.runtime.JavaCollection	Added	-		0		
type		balticporter.runtime.JavaCollections	Added	-		0		
type		balticporter.runtime.JavaEnumMap	Added	-		0		
type		balticporter.runtime.JavaEnumSet	Added	-		0		
type		balticporter.runtime.JavaIterable	Added	-		0		
type		balticporter.runtime.JavaIterator	Added	-		0		
type		balticporter.runtime.JavaOptionalDouble	Added	-		0		
type		balticporter.runtime.JavaOptionalInt	Added	-		0		
type		balticporter.runtime.JavaOptionalLong	Added	-		0		
type		balticporter.runtime.JavaStack	Added	-		0		
member	com.dongbat.jbump.Cell#itemCount	sge.jbump.Cell#itemCount	Renamed	-	com/dongbat/jbump/Cell.java	25	3912b8124c4f7882	
member	com.dongbat.jbump.Cell#items	sge.jbump.Cell#items	Renamed	-	com/dongbat/jbump/Cell.java	28	de420db0b20b5165	
member	com.dongbat.jbump.Cell#x	sge.jbump.Cell#x	Renamed	-	com/dongbat/jbump/Cell.java	26	076c81b298631b94	
member	com.dongbat.jbump.Cell#y	sge.jbump.Cell#y	Renamed	-	com/dongbat/jbump/Cell.java	27	add313d36354e026	
member	com.dongbat.jbump.Collision#item	sge.jbump.Collision#item	Renamed	-	com/dongbat/jbump/Collision.java	30	74cd91c4944e7053	
member	com.dongbat.jbump.Collision#itemRect	sge.jbump.Collision#itemRect	Renamed	-	com/dongbat/jbump/Collision.java	28	24852470d9e2edf4	
member	com.dongbat.jbump.Collision#move	sge.jbump.Collision#move	Renamed	-	com/dongbat/jbump/Collision.java	25	6b79f9c3d24d4f2e	
member	com.dongbat.jbump.Collision#normal	sge.jbump.Collision#normal	Renamed	-	com/dongbat/jbump/Collision.java	26	9bb3d0c2a5c28222	
member	com.dongbat.jbump.Collision#other	sge.jbump.Collision#other	Renamed	-	com/dongbat/jbump/Collision.java	31	7a6b4c8c379cb47c	
member	com.dongbat.jbump.Collision#otherRect	sge.jbump.Collision#otherRect	Renamed	-	com/dongbat/jbump/Collision.java	29	816b8b78ddff7166	
member	com.dongbat.jbump.Collision#overlaps	sge.jbump.Collision#overlaps	Renamed	-	com/dongbat/jbump/Collision.java	23	8bddfddd57099d03	
member	com.dongbat.jbump.Collision#set(boolean,float,float,float,int,int,float,float,float,float,float,float,float,float,float,float)	sge.jbump.Collision#set(boolean,float,float,float,int,int,float,float,float,float,float,float,float,float,float,float)	Renamed	-	com/dongbat/jbump/Collision.java	37	906e19fab563da97	
member	com.dongbat.jbump.Collision#ti	sge.jbump.Collision#ti	Renamed	-	com/dongbat/jbump/Collision.java	24	ca865505fd11e840	
member	com.dongbat.jbump.Collision#touch	sge.jbump.Collision#touch	Renamed	-	com/dongbat/jbump/Collision.java	27	37932904ec86a5bd	
member	com.dongbat.jbump.Collision#type	sge.jbump.Collision#type	Renamed	-	com/dongbat/jbump/Collision.java	32	4509e7987974d636	
member	com.dongbat.jbump.CollisionFilter#defaultFilter	sge.jbump.CollisionFilter#defaultFilter	Renamed	-	com/dongbat/jbump/CollisionFilter.java	26	2321979d280d0724	placement=companion
member	com.dongbat.jbump.CollisionFilter#filter(Item,Item)	sge.jbump.CollisionFilter#filter(Item<?>,Item<?>)	Renamed	-	com/dongbat/jbump/CollisionFilter.java	24	c6f745cdef554b6c	
member	com.dongbat.jbump.Collisions#<init>()	sge.jbump.Collisions#<init>()	Renamed	-	com/dongbat/jbump/Collisions.java	55	191ad5aee912c614	
member	com.dongbat.jbump.Collisions#<init>(Collisions)	sge.jbump.Collisions#<init>(Collisions)	Renamed	-	com/dongbat/jbump/Collisions.java	59	c93438a7afedb257	
member	com.dongbat.jbump.Collisions#add(Collision)	sge.jbump.Collisions#add(Collision)	Renamed	-	com/dongbat/jbump/Collisions.java	82	c5013d2d079d4311	
member	com.dongbat.jbump.Collisions#add(boolean,float,float,float,int,int,float,float,float,float,float,float,float,float,float,float,Item,Item,Response)	sge.jbump.Collisions#add(boolean,float,float,float,int,int,float,float,float,float,float,float,float,float,float,float,Item<?>,Item<?>,Response)	Renamed	-	com/dongbat/jbump/Collisions.java	88	001d48bdfc7cb35b	
member	com.dongbat.jbump.Collisions#clear()	sge.jbump.Collisions#clear()	Renamed	-	com/dongbat/jbump/Collisions.java	158	60d6e49a5c2dc9d7	
member	com.dongbat.jbump.Collisions#collision	sge.jbump.Collisions#collision	Renamed	-	com/dongbat/jbump/Collisions.java	112	0ec3d66b1c7fdc50	vis=private
member	com.dongbat.jbump.Collisions#compare(Integer,Integer)	sge.jbump.Collisions#compare(Integer,Integer)	Renamed	-	com/dongbat/jbump/Collisions.java	280	fb3b47dd79bd449c	
member	com.dongbat.jbump.Collisions#get(int)	sge.jbump.Collisions#get(int)	Renamed	-	com/dongbat/jbump/Collisions.java	114	92c6e32cea1ca341	
member	com.dongbat.jbump.Collisions#h1s	sge.jbump.Collisions#h1s	Renamed	-	com/dongbat/jbump/Collisions.java	45	8fe51d3ac253dae3	vis=private
member	com.dongbat.jbump.Collisions#h2s	sge.jbump.Collisions#h2s	Renamed	-	com/dongbat/jbump/Collisions.java	49	8eb2901f42d6b9d0	vis=private
member	com.dongbat.jbump.Collisions#isEmpty()	sge.jbump.Collisions#isEmpty()	Renamed	-	com/dongbat/jbump/Collisions.java	154	807246b9e46248e0	
member	com.dongbat.jbump.Collisions#items	sge.jbump.Collisions#items	Renamed	-	com/dongbat/jbump/Collisions.java	50	017fde693f63e726	
member	com.dongbat.jbump.Collisions#keySort(Buffer,BooleanArray)	sge.jbump.Collisions#keySort(Buffer<Integer>,BooleanArray)	Renamed	-	com/dongbat/jbump/Collisions.java	235	80cda84a5b182a38	
member	com.dongbat.jbump.Collisions#keySort(Buffer,Buffer)	sge.jbump.Collisions#keySort(Buffer<Integer>,Buffer<?>)	Renamed	-	com/dongbat/jbump/Collisions.java	184	9d558edc34b16317	
member	com.dongbat.jbump.Collisions#keySort(Buffer,FloatArray)	sge.jbump.Collisions#keySort(Buffer<Integer>,FloatArray)	Renamed	-	com/dongbat/jbump/Collisions.java	201	3d1d4b0ea1677511	
member	com.dongbat.jbump.Collisions#keySort(Buffer,IntArray)	sge.jbump.Collisions#keySort(Buffer<Integer>,IntArray)	Renamed	-	com/dongbat/jbump/Collisions.java	218	17f2a7bcfda52a5e	
member	com.dongbat.jbump.Collisions#moveXs	sge.jbump.Collisions#moveXs	Renamed	-	com/dongbat/jbump/Collisions.java	36	555686735ea504db	vis=private
member	com.dongbat.jbump.Collisions#moveYs	sge.jbump.Collisions#moveYs	Renamed	-	com/dongbat/jbump/Collisions.java	37	a4a0ee99a86f49b5	vis=private
member	com.dongbat.jbump.Collisions#normalXs	sge.jbump.Collisions#normalXs	Renamed	-	com/dongbat/jbump/Collisions.java	38	22837852865cd171	vis=private
member	com.dongbat.jbump.Collisions#normalYs	sge.jbump.Collisions#normalYs	Renamed	-	com/dongbat/jbump/Collisions.java	39	f0ae5857d7143019	vis=private
member	com.dongbat.jbump.Collisions#order	sge.jbump.Collisions#order	Renamed	-	com/dongbat/jbump/Collisions.java	181	55059e7d38734637	vis=private
member	com.dongbat.jbump.Collisions#others	sge.jbump.Collisions#others	Renamed	-	com/dongbat/jbump/Collisions.java	51	805359e3c4b3fd77	
member	com.dongbat.jbump.Collisions#overlaps	sge.jbump.Collisions#overlaps	Renamed	-	com/dongbat/jbump/Collisions.java	34	e6cc71ee04787d92	vis=private
member	com.dongbat.jbump.Collisions#remove(int)	sge.jbump.Collisions#remove(int)	Renamed	-	com/dongbat/jbump/Collisions.java	125	d953a7687f8bb008	
member	com.dongbat.jbump.Collisions#size	sge.jbump.Collisions#size	Renamed	-	com/dongbat/jbump/Collisions.java	53	03eb95b31c6936e1	name=size$field
member	com.dongbat.jbump.Collisions#size()	sge.jbump.Collisions#size()	Renamed	-	com/dongbat/jbump/Collisions.java	150	2512040e1ef84730	
member	com.dongbat.jbump.Collisions#sort()	sge.jbump.Collisions#sort()	Renamed	-	com/dongbat/jbump/Collisions.java	252	2ed17991043586a9	
member	com.dongbat.jbump.Collisions#swapMap	sge.jbump.Collisions#swapMap	Renamed	-	com/dongbat/jbump/Collisions.java	182	ff03ae65a3942653	vis=private
member	com.dongbat.jbump.Collisions#tis	sge.jbump.Collisions#tis	Renamed	-	com/dongbat/jbump/Collisions.java	35	6db521c93c6c07c7	vis=private
member	com.dongbat.jbump.Collisions#touchXs	sge.jbump.Collisions#touchXs	Renamed	-	com/dongbat/jbump/Collisions.java	40	108ea2facb6b8ec1	vis=private
member	com.dongbat.jbump.Collisions#touchYs	sge.jbump.Collisions#touchYs	Renamed	-	com/dongbat/jbump/Collisions.java	41	7ee986fdf361a074	vis=private
member	com.dongbat.jbump.Collisions#types	sge.jbump.Collisions#types	Renamed	-	com/dongbat/jbump/Collisions.java	52	8bf4b2fa2f4fc62d	
member	com.dongbat.jbump.Collisions#w1s	sge.jbump.Collisions#w1s	Renamed	-	com/dongbat/jbump/Collisions.java	44	703c08bfbe549409	vis=private
member	com.dongbat.jbump.Collisions#w2s	sge.jbump.Collisions#w2s	Renamed	-	com/dongbat/jbump/Collisions.java	48	087d809786a9379f	vis=private
member	com.dongbat.jbump.Collisions#x1s	sge.jbump.Collisions#x1s	Renamed	-	com/dongbat/jbump/Collisions.java	42	d1016e8ab7ade615	vis=private
member	com.dongbat.jbump.Collisions#x2s	sge.jbump.Collisions#x2s	Renamed	-	com/dongbat/jbump/Collisions.java	46	55b84869b3732f69	vis=private
member	com.dongbat.jbump.Collisions#y1s	sge.jbump.Collisions#y1s	Renamed	-	com/dongbat/jbump/Collisions.java	43	8ffb3806ec1fc99f	vis=private
member	com.dongbat.jbump.Collisions#y2s	sge.jbump.Collisions#y2s	Renamed	-	com/dongbat/jbump/Collisions.java	47	62b97bf8b85d8af0	vis=private
member	com.dongbat.jbump.Extra#DELTA	sge.jbump.Extra#DELTA	Renamed	-	com/dongbat/jbump/Extra.java	24	6860f9e8c09390e9	placement=companion
member	com.dongbat.jbump.Extra#nearest(float,float,float)	sge.jbump.Extra#nearest(float,float,float)	Renamed	-	com/dongbat/jbump/Extra.java	35	6eae8b97c0fbb0e1	placement=companion
member	com.dongbat.jbump.Extra#sign(float)	sge.jbump.Extra#sign(float)	Renamed	-	com/dongbat/jbump/Extra.java	26	265937126255f29e	placement=companion
member	com.dongbat.jbump.Grid#grid_toCell(float,float,float,Point)	sge.jbump.Grid#grid_toCell(float,float,float,Point)	Renamed	-	com/dongbat/jbump/Grid.java	33	a9bf6695daa4af53	placement=companion
member	com.dongbat.jbump.Grid#grid_toCellRect(float,float,float,float,float,Rect)	sge.jbump.Grid#grid_toCellRect(float,float,float,float,float,Rect)	Renamed	-	com/dongbat/jbump/Grid.java	138	153632e0ea8e53d5	
member	com.dongbat.jbump.Grid#grid_toCellRect_cxy	sge.jbump.Grid#grid_toCellRect_cxy	Renamed	-	com/dongbat/jbump/Grid.java	136	0bc35ce09e5eeafa	vis=private
member	com.dongbat.jbump.Grid#grid_toWorld(float,float,float,Point)	sge.jbump.Grid#grid_toWorld(float,float,float,Point)	Renamed	-	com/dongbat/jbump/Grid.java	29	92aba34dfe9fdefd	placement=companion
member	com.dongbat.jbump.Grid#grid_traverse(float,float,float,float,float,TraverseCallback)	sge.jbump.Grid#grid_traverse(float,float,float,float,float,TraverseCallback)	Renamed	-	com/dongbat/jbump/Grid.java	61	e06e490d0d91cd6d	
member	com.dongbat.jbump.Grid#grid_traverseRay(float,float,float,float,float,TraverseCallback)	sge.jbump.Grid#grid_traverseRay(float,float,float,float,float,TraverseCallback)	Renamed	-	com/dongbat/jbump/Grid.java	104	7e91a63f011fc261	
member	com.dongbat.jbump.Grid#grid_traverse_c1	sge.jbump.Grid#grid_traverse_c1	Renamed	-	com/dongbat/jbump/Grid.java	56	b30b4eb137ec9dcb	vis=private
member	com.dongbat.jbump.Grid#grid_traverse_c2	sge.jbump.Grid#grid_traverse_c2	Renamed	-	com/dongbat/jbump/Grid.java	57	ba3dff939182b630	vis=private
member	com.dongbat.jbump.Grid#grid_traverse_initStep(float,float,float,float,Point)	sge.jbump.Grid#grid_traverse_initStep(float,float,float,float,Point)	Renamed	-	com/dongbat/jbump/Grid.java	37	b29ca63d80768b6b	placement=companion
member	com.dongbat.jbump.Grid#grid_traverse_initStepX	sge.jbump.Grid#grid_traverse_initStepX	Renamed	-	com/dongbat/jbump/Grid.java	58	9fafedd5fa9a2fa9	vis=private
member	com.dongbat.jbump.Grid#grid_traverse_initStepY	sge.jbump.Grid#grid_traverse_initStepY	Renamed	-	com/dongbat/jbump/Grid.java	59	d35b2491f20eb738	vis=private
member	com.dongbat.jbump.Grid$TraverseCallback#onTraverse(float,float,int,int)	sge.jbump.Grid$TraverseCallback#onTraverse(float,float,int,int)	Renamed	-	com/dongbat/jbump/Grid.java	53	4b05bdcdb457cbf8	
member	com.dongbat.jbump.IntPoint#<init>()	sge.jbump.IntPoint#<init>()	Renamed	-	com/dongbat/jbump/IntPoint.java	25	535b68e7828fc91e	
member	com.dongbat.jbump.IntPoint#<init>(int,int)	sge.jbump.IntPoint#<init>(int,int)	Renamed	-	com/dongbat/jbump/IntPoint.java	28	2c5023200c19a33f	
member	com.dongbat.jbump.IntPoint#equals(Any)	sge.jbump.IntPoint#equals(Any)	Renamed	-	com/dongbat/jbump/IntPoint.java	39	ea4e9cbb789aa56c	
member	com.dongbat.jbump.IntPoint#hashCode()	sge.jbump.IntPoint#hashCode()	Renamed	-	com/dongbat/jbump/IntPoint.java	49	5213c826a0b1af18	
member	com.dongbat.jbump.IntPoint#set(int,int)	sge.jbump.IntPoint#set(int,int)	Renamed	-	com/dongbat/jbump/IntPoint.java	33	9803b9bc83773875	
member	com.dongbat.jbump.IntPoint#toString()	sge.jbump.IntPoint#toString()	Renamed	-	com/dongbat/jbump/IntPoint.java	55	bea4b335e6b8ad58	
member	com.dongbat.jbump.IntPoint#x	sge.jbump.IntPoint#x	Renamed	-	com/dongbat/jbump/IntPoint.java	23	f79d1d32a8ab7e19	
member	com.dongbat.jbump.IntPoint#y	sge.jbump.IntPoint#y	Renamed	-	com/dongbat/jbump/IntPoint.java	23	1ca3460e2784afc0	
member	com.dongbat.jbump.Item#<init>()	sge.jbump.Item#<init>()	Renamed	-	com/dongbat/jbump/Item.java	36	3abc8c8392cc1a59	
member	com.dongbat.jbump.Item#<init>(E)	sge.jbump.Item#<init>(E)	Renamed	-	com/dongbat/jbump/Item.java	46	f7e8f424cb8550b5	
member	com.dongbat.jbump.Item#equals(Any)	sge.jbump.Item#equals(Any)	Renamed	-	com/dongbat/jbump/Item.java	52	3634010bdfa8a6d2	
member	com.dongbat.jbump.Item#hashCode()	sge.jbump.Item#hashCode()	Renamed	-	com/dongbat/jbump/Item.java	57	79a2118391139758	
member	com.dongbat.jbump.Item#identityHash	sge.jbump.Item#identityHash	Renamed	-	com/dongbat/jbump/Item.java	29	85661c94b1b4abc7	
member	com.dongbat.jbump.Item#userData	sge.jbump.Item#userData	Renamed	-	com/dongbat/jbump/Item.java	28	3ce82a22ca35e750	
member	com.dongbat.jbump.ItemInfo#<stmt1>	sge.jbump.ItemInfo#<stmt1>	Renamed	-	com/dongbat/jbump/ItemInfo.java	42	686ecf6c3a4dac55	
member	com.dongbat.jbump.ItemInfo#<stmt2>	sge.jbump.ItemInfo#<stmt2>	Renamed	-	com/dongbat/jbump/ItemInfo.java	43	1e6edcbdc83dfcd4	
member	com.dongbat.jbump.ItemInfo#<stmt3>	sge.jbump.ItemInfo#<stmt3>	Renamed	-	com/dongbat/jbump/ItemInfo.java	44	a02814d59727146c	
member	com.dongbat.jbump.ItemInfo#<stmt4>	sge.jbump.ItemInfo#<stmt4>	Renamed	-	com/dongbat/jbump/ItemInfo.java	45	84b71c719c5ff8d4	
member	com.dongbat.jbump.ItemInfo#item	sge.jbump.ItemInfo#item	Renamed	-	com/dongbat/jbump/ItemInfo.java	6	74cd91c4944e7053	
member	com.dongbat.jbump.ItemInfo#ti1	sge.jbump.ItemInfo#ti1	Renamed	-	com/dongbat/jbump/ItemInfo.java	33	cddfe120816fb012	
member	com.dongbat.jbump.ItemInfo#ti2	sge.jbump.ItemInfo#ti2	Renamed	-	com/dongbat/jbump/ItemInfo.java	38	b963b7b11f2c0124	
member	com.dongbat.jbump.ItemInfo#weight	sge.jbump.ItemInfo#weight	Renamed	-	com/dongbat/jbump/ItemInfo.java	39	bc8667de20dee7c7	
member	com.dongbat.jbump.ItemInfo#weightComparator	sge.jbump.ItemInfo#weightComparator	Renamed	-	com/dongbat/jbump/ItemInfo.java	48	9385131040504d36	placement=companion
member	com.dongbat.jbump.ItemInfo#x1	sge.jbump.ItemInfo#x1	Renamed	-	com/dongbat/jbump/ItemInfo.java	11	7d077c006736cd76	
member	com.dongbat.jbump.ItemInfo#x2	sge.jbump.ItemInfo#x2	Renamed	-	com/dongbat/jbump/ItemInfo.java	22	1d8625919ae704b5	
member	com.dongbat.jbump.ItemInfo#y1	sge.jbump.ItemInfo#y1	Renamed	-	com/dongbat/jbump/ItemInfo.java	16	b1cb93fce207ab87	
member	com.dongbat.jbump.ItemInfo#y2	sge.jbump.ItemInfo#y2	Renamed	-	com/dongbat/jbump/ItemInfo.java	28	a85e5d006c2569e7	
member	com.dongbat.jbump.Point#<init>()	sge.jbump.Point#<init>()	Renamed	-	com/dongbat/jbump/Point.java	25	f90efa454642b11e	
member	com.dongbat.jbump.Point#<init>(float,float)	sge.jbump.Point#<init>(float,float)	Renamed	-	com/dongbat/jbump/Point.java	28	c607e3cb58bd86f3	
member	com.dongbat.jbump.Point#equals(Any)	sge.jbump.Point#equals(Any)	Renamed	-	com/dongbat/jbump/Point.java	39	ca4ac0e89612d383	
member	com.dongbat.jbump.Point#hashCode()	sge.jbump.Point#hashCode()	Renamed	-	com/dongbat/jbump/Point.java	49	d63c5acab2644bb3	
member	com.dongbat.jbump.Point#set(float,float)	sge.jbump.Point#set(float,float)	Renamed	-	com/dongbat/jbump/Point.java	33	562ebec624a8b6aa	
member	com.dongbat.jbump.Point#toString()	sge.jbump.Point#toString()	Renamed	-	com/dongbat/jbump/Point.java	55	bea4b335e6b8ad58	
member	com.dongbat.jbump.Point#x	sge.jbump.Point#x	Renamed	-	com/dongbat/jbump/Point.java	23	aea6b25a036f1f7f	
member	com.dongbat.jbump.Point#y	sge.jbump.Point#y	Renamed	-	com/dongbat/jbump/Point.java	23	34a1132cdc077b35	
member	com.dongbat.jbump.Rect#<init>()	sge.jbump.Rect#<init>()	Renamed	-	com/dongbat/jbump/Rect.java	28	aba8638d9db87cc0	
member	com.dongbat.jbump.Rect#<init>(float,float,float,float)	sge.jbump.Rect#<init>(float,float,float,float)	Renamed	-	com/dongbat/jbump/Rect.java	31	7e5fbd4bb160d52f	
member	com.dongbat.jbump.Rect#h	sge.jbump.Rect#h	Renamed	-	com/dongbat/jbump/Rect.java	26	408b084fb8e2de1f	
member	com.dongbat.jbump.Rect#rect_containsPoint(float,float,float,float,float,float)	sge.jbump.Rect#rect_containsPoint(float,float,float,float,float,float)	Renamed	-	com/dongbat/jbump/Rect.java	129	c5bcbde0eead12c2	placement=companion
member	com.dongbat.jbump.Rect#rect_getDiff(float,float,float,float,float,float,float,float,Rect)	sge.jbump.Rect#rect_getDiff(float,float,float,float,float,float,float,float,Rect)	Renamed	-	com/dongbat/jbump/Rect.java	125	3d79a3a50dd6bad1	placement=companion
member	com.dongbat.jbump.Rect#rect_getNearestCorner(float,float,float,float,float,float,Point)	sge.jbump.Rect#rect_getNearestCorner(float,float,float,float,float,float,Point)	Renamed	-	com/dongbat/jbump/Rect.java	45	615f6ddd58ccb287	placement=companion
member	com.dongbat.jbump.Rect#rect_getSegmentIntersectionIndices(float,float,float,float,float,float,float,float,float,float,Point,IntPoint,IntPoint)	sge.jbump.Rect#rect_getSegmentIntersectionIndices(float,float,float,float,float,float,float,float,float,float,Point,IntPoint,IntPoint)	Renamed	-	com/dongbat/jbump/Rect.java	55	134cfc4ba6b676f1	placement=companion
member	com.dongbat.jbump.Rect#rect_getSquareDistance(float,float,float,float,float,float,float,float)	sge.jbump.Rect#rect_getSquareDistance(float,float,float,float,float,float,float,float)	Renamed	-	com/dongbat/jbump/Rect.java	139	c31c444139a6a07c	placement=companion
member	com.dongbat.jbump.Rect#rect_isIntersecting(float,float,float,float,float,float,float,float)	sge.jbump.Rect#rect_isIntersecting(float,float,float,float,float,float,float,float)	Renamed	-	com/dongbat/jbump/Rect.java	134	6811b493d0608932	placement=companion
member	com.dongbat.jbump.Rect#set(float,float,float,float)	sge.jbump.Rect#set(float,float,float,float)	Renamed	-	com/dongbat/jbump/Rect.java	38	0ada6e83613580ad	
member	com.dongbat.jbump.Rect#w	sge.jbump.Rect#w	Renamed	-	com/dongbat/jbump/Rect.java	26	c113199a4adf2d7b	
member	com.dongbat.jbump.Rect#x	sge.jbump.Rect#x	Renamed	-	com/dongbat/jbump/Rect.java	26	aea6b25a036f1f7f	
member	com.dongbat.jbump.Rect#y	sge.jbump.Rect#y	Renamed	-	com/dongbat/jbump/Rect.java	26	34a1132cdc077b35	
member	com.dongbat.jbump.RectHelper#rect_detectCollision(float,float,float,float,float,float,float,float,float,float)	sge.jbump.RectHelper#rect_detectCollision(float,float,float,float,float,float,float,float,float,float)	Renamed	-	com/dongbat/jbump/RectHelper.java	40	240544939fca6b0f	
member	com.dongbat.jbump.RectHelper#rect_detectCollision_diff	sge.jbump.RectHelper#rect_detectCollision_diff	Renamed	-	com/dongbat/jbump/RectHelper.java	33	008b4d332087d90b	vis=private
member	com.dongbat.jbump.RectHelper#rect_detectCollision_getSegmentIntersectionIndices_col	sge.jbump.RectHelper#rect_detectCollision_getSegmentIntersectionIndices_col	Renamed	-	com/dongbat/jbump/RectHelper.java	38	ce4caddbc87dd237	vis=private
member	com.dongbat.jbump.RectHelper#rect_detectCollision_getSegmentIntersectionIndices_n1	sge.jbump.RectHelper#rect_detectCollision_getSegmentIntersectionIndices_n1	Renamed	-	com/dongbat/jbump/RectHelper.java	36	3bb08f162454b43d	vis=private
member	com.dongbat.jbump.RectHelper#rect_detectCollision_getSegmentIntersectionIndices_n2	sge.jbump.RectHelper#rect_detectCollision_getSegmentIntersectionIndices_n2	Renamed	-	com/dongbat/jbump/RectHelper.java	37	dd4d1024e4f552e9	vis=private
member	com.dongbat.jbump.RectHelper#rect_detectCollision_getSegmentIntersectionIndices_ti	sge.jbump.RectHelper#rect_detectCollision_getSegmentIntersectionIndices_ti	Renamed	-	com/dongbat/jbump/RectHelper.java	35	8ee5023ac804260a	vis=private
member	com.dongbat.jbump.RectHelper#rect_detectCollision_nearestCorner	sge.jbump.RectHelper#rect_detectCollision_nearestCorner	Renamed	-	com/dongbat/jbump/RectHelper.java	34	dd4f12f8c6736f8f	vis=private
member	com.dongbat.jbump.Response#bounce	sge.jbump.Response#bounce	Renamed	-	com/dongbat/jbump/Response.java	82	a0dc164cfafcdc9c	placement=companion
member	com.dongbat.jbump.Response#cross	sge.jbump.Response#cross	Renamed	-	com/dongbat/jbump/Response.java	72	9b2576ccf475b4a8	placement=companion
member	com.dongbat.jbump.Response#response(World,Collision,float,float,float,float,float,float,CollisionFilter,Result)	sge.jbump.Response#response(World<?>,Collision,float,float,float,float,float,float,CollisionFilter,Result)	Renamed	-	com/dongbat/jbump/Response.java	24	5067c8814c561ba9	
member	com.dongbat.jbump.Response#slide	sge.jbump.Response#slide	Renamed	-	com/dongbat/jbump/Response.java	38	b9ade7ccec00960c	placement=companion
member	com.dongbat.jbump.Response#touch	sge.jbump.Response#touch	Renamed	-	com/dongbat/jbump/Response.java	63	64b6336396cfba94	placement=companion
member	com.dongbat.jbump.Response$Result#goalX	sge.jbump.Response$Result#goalX	Renamed	-	com/dongbat/jbump/Response.java	28	829206762cc30df8	
member	com.dongbat.jbump.Response$Result#goalY	sge.jbump.Response$Result#goalY	Renamed	-	com/dongbat/jbump/Response.java	29	c0baed8121df15b3	
member	com.dongbat.jbump.Response$Result#projectedCollisions	sge.jbump.Response$Result#projectedCollisions	Renamed	-	com/dongbat/jbump/Response.java	30	81668b6114a1d7eb	
member	com.dongbat.jbump.Response$Result#set(float,float)	sge.jbump.Response$Result#set(float,float)	Renamed	-	com/dongbat/jbump/Response.java	32	87bde75fa692e30a	
member	com.dongbat.jbump.World#<init>()	sge.jbump.World#<init>()	Renamed	-	com/dongbat/jbump/World.java	41	4407a8f4d83d2d13	
member	com.dongbat.jbump.World#<stmt1>	sge.jbump.World#<stmt1>	Renamed	-	com/dongbat/jbump/World.java	46	52a1c0f0b75c69f7	
member	com.dongbat.jbump.World#add(Item,float,float,float,float)	sge.jbump.World#add(Item<E>,float,float,float,float)	Renamed	-	com/dongbat/jbump/World.java	324	fc1c7f4f4e9b445d	
member	com.dongbat.jbump.World#addItemToCell(Item,float,float)	sge.jbump.World#addItemToCell(Item<E>,float,float)	Renamed	-	com/dongbat/jbump/World.java	57	41dd6993ee70b4c6	vis=private
member	com.dongbat.jbump.World#add_c	sge.jbump.World#add_c	Renamed	-	com/dongbat/jbump/World.java	322	3edce56e3acd1def	vis=private
member	com.dongbat.jbump.World#cellMap	sge.jbump.World#cellMap	Renamed	-	com/dongbat/jbump/World.java	33	4cf470293f8b58f2	vis=private
member	com.dongbat.jbump.World#cellMaxX	sge.jbump.World#cellMaxX	Renamed	-	com/dongbat/jbump/World.java	35	30d1a59dc514072c	vis=private
member	com.dongbat.jbump.World#cellMaxY	sge.jbump.World#cellMaxY	Renamed	-	com/dongbat/jbump/World.java	35	02ee6f9fba03e2cf	vis=private
member	com.dongbat.jbump.World#cellMinX	sge.jbump.World#cellMinX	Renamed	-	com/dongbat/jbump/World.java	35	d81a788e2c7f50c6	vis=private
member	com.dongbat.jbump.World#cellMinY	sge.jbump.World#cellMinY	Renamed	-	com/dongbat/jbump/World.java	35	c4c0433153217171	vis=private
member	com.dongbat.jbump.World#cellSize	sge.jbump.World#cellSize	Renamed	-	com/dongbat/jbump/World.java	39	bcf2d7703eba9a3d	vis=private
member	com.dongbat.jbump.World#check(Item,float,float,CollisionFilter)	sge.jbump.World#check(Item<?>,float,float,CollisionFilter)	Renamed	-	com/dongbat/jbump/World.java	414	b42b8b0cf01ea06a	
member	com.dongbat.jbump.World#check_cols	sge.jbump.World#check_cols	Renamed	-	com/dongbat/jbump/World.java	410	8ccebfe36f4e5ede	vis=private
member	com.dongbat.jbump.World#check_projectedCols	sge.jbump.World#check_projectedCols	Renamed	-	com/dongbat/jbump/World.java	411	78850c82d9a3d842	vis=private
member	com.dongbat.jbump.World#check_result	sge.jbump.World#check_result	Renamed	-	com/dongbat/jbump/World.java	412	03297dc90c8a930c	vis=private
member	com.dongbat.jbump.World#check_visited	sge.jbump.World#check_visited	Renamed	-	com/dongbat/jbump/World.java	409	d4d5c3d85d05ff27	vis=private
member	com.dongbat.jbump.World#countCells()	sge.jbump.World#countCells()	Renamed	-	com/dongbat/jbump/World.java	300	0a22f5f90176884f	
member	com.dongbat.jbump.World#countItems()	sge.jbump.World#countItems()	Renamed	-	com/dongbat/jbump/World.java	308	40638ef3890ef6d1	
member	com.dongbat.jbump.World#getCellSize()	sge.jbump.World#getCellSize()	Renamed	-	com/dongbat/jbump/World.java	465	e71640b5c1201e45	
member	com.dongbat.jbump.World#getCells()	sge.jbump.World#getCells()	Renamed	-	com/dongbat/jbump/World.java	296	3274f640bca4b0e4	
member	com.dongbat.jbump.World#getCellsTouchedByRay(float,float,float,float,ArrayBuffer)	sge.jbump.World#getCellsTouchedByRay(float,float,float,float,ArrayBuffer<Cell>)	Renamed	-	com/dongbat/jbump/World.java	136	e1c2a0bd0d730a87	
member	com.dongbat.jbump.World#getCellsTouchedBySegment(float,float,float,float,ArrayBuffer)	sge.jbump.World#getCellsTouchedBySegment(float,float,float,float,ArrayBuffer<Cell>)	Renamed	-	com/dongbat/jbump/World.java	109	4eb456bb4531693c	
member	com.dongbat.jbump.World#getCellsTouchedBySegment_visited	sge.jbump.World#getCellsTouchedBySegment_visited	Renamed	-	com/dongbat/jbump/World.java	107	c6440da704e5588a	vis=private
member	com.dongbat.jbump.World#getDictItemsInCellRect(float,float,float,float,LinkedHashSet)	sge.jbump.World#getDictItemsInCellRect(float,float,float,float,LinkedHashSet<Item<?>>)	Renamed	-	com/dongbat/jbump/World.java	92	890335f018d6f764	vis=private
member	com.dongbat.jbump.World#getInfoAboutItemsTouchedByRay(float,float,float,float,CollisionFilter,ArrayBuffer)	sge.jbump.World#getInfoAboutItemsTouchedByRay(float,float,float,float,CollisionFilter,ArrayBuffer<ItemInfo>)	Renamed	-	com/dongbat/jbump/World.java	203	c716af0e89432907	vis=private
member	com.dongbat.jbump.World#getInfoAboutItemsTouchedBySegment(float,float,float,float,CollisionFilter,ArrayBuffer)	sge.jbump.World#getInfoAboutItemsTouchedBySegment(float,float,float,float,CollisionFilter,ArrayBuffer<ItemInfo>)	Renamed	-	com/dongbat/jbump/World.java	169	7de17dfcd1bb97e5	vis=private
member	com.dongbat.jbump.World#getItems()	sge.jbump.World#getItems()	Renamed	-	com/dongbat/jbump/World.java	288	8d442c406e42b98b	
member	com.dongbat.jbump.World#getRect(Item)	sge.jbump.World#getRect(Item<?>)	Renamed	-	com/dongbat/jbump/World.java	284	a81261e962d6da72	
member	com.dongbat.jbump.World#getRects()	sge.jbump.World#getRects()	Renamed	-	com/dongbat/jbump/World.java	292	5367f397c7b1c408	
member	com.dongbat.jbump.World#grid	sge.jbump.World#grid	Renamed	-	com/dongbat/jbump/World.java	36	7c7a6c7219b3e268	vis=private
member	com.dongbat.jbump.World#hasItem(Item)	sge.jbump.World#hasItem(Item<?>)	Renamed	-	com/dongbat/jbump/World.java	304	3a27783367b7ba86	
member	com.dongbat.jbump.World#info_cells	sge.jbump.World#info_cells	Renamed	-	com/dongbat/jbump/World.java	163	895e0f7585b61a42	vis=private
member	com.dongbat.jbump.World#info_normalX	sge.jbump.World#info_normalX	Renamed	-	com/dongbat/jbump/World.java	165	7fa3f95856250492	vis=private
member	com.dongbat.jbump.World#info_normalY	sge.jbump.World#info_normalY	Renamed	-	com/dongbat/jbump/World.java	166	627be2d7b21246c3	vis=private
member	com.dongbat.jbump.World#info_ti	sge.jbump.World#info_ti	Renamed	-	com/dongbat/jbump/World.java	164	f773eda8ac7b11bf	vis=private
member	com.dongbat.jbump.World#info_visited	sge.jbump.World#info_visited	Renamed	-	com/dongbat/jbump/World.java	167	24645f0c29ddf7b9	vis=private
member	com.dongbat.jbump.World#isTileMode()	sge.jbump.World#isTileMode()	Renamed	-	com/dongbat/jbump/World.java	53	d01ab4ea01224598	
member	com.dongbat.jbump.World#move(Item,float,float,CollisionFilter)	sge.jbump.World#move(Item<?>,float,float,CollisionFilter)	Renamed	-	com/dongbat/jbump/World.java	459	549a46af3ceac09e	
member	com.dongbat.jbump.World#nonEmptyCells	sge.jbump.World#nonEmptyCells	Renamed	-	com/dongbat/jbump/World.java	34	4e2dbd3c79c8ddde	vis=private
member	com.dongbat.jbump.World#project(Item,float,float,float,float,float,float,CollisionFilter,Collisions)	sge.jbump.World#project(Item<?>,float,float,float,float,float,float,CollisionFilter,Collisions)	Renamed	-	com/dongbat/jbump/World.java	240	9099ff45fc00b0a0	
member	com.dongbat.jbump.World#project(Item,float,float,float,float,float,float,Collisions)	sge.jbump.World#project(Item<?>,float,float,float,float,float,float,Collisions)	Renamed	-	com/dongbat/jbump/World.java	232	1fa14002edec806c	
member	com.dongbat.jbump.World#project_c	sge.jbump.World#project_c	Renamed	-	com/dongbat/jbump/World.java	237	b92c6aee41c5bd3a	vis=private
member	com.dongbat.jbump.World#project_dictItemsInCellRect	sge.jbump.World#project_dictItemsInCellRect	Renamed	-	com/dongbat/jbump/World.java	238	78b0af67691bc8ae	vis=private
member	com.dongbat.jbump.World#project_visited	sge.jbump.World#project_visited	Renamed	-	com/dongbat/jbump/World.java	236	3443d89d7e17bbb7	vis=private
member	com.dongbat.jbump.World#queryPoint(float,float,CollisionFilter,ArrayBuffer)	sge.jbump.World#queryPoint(float,float,CollisionFilter,ArrayBuffer<Item<?>>)	Renamed	-	com/dongbat/jbump/World.java	502	a4576972fef28351	
member	com.dongbat.jbump.World#queryRay(float,float,float,float,CollisionFilter,ArrayBuffer)	sge.jbump.World#queryRay(float,float,float,float,CollisionFilter,ArrayBuffer<Item<?>>)	Renamed	-	com/dongbat/jbump/World.java	572	028cc3bcb92f5921	
member	com.dongbat.jbump.World#queryRayWithCoords(float,float,float,float,CollisionFilter,ArrayBuffer)	sge.jbump.World#queryRayWithCoords(float,float,float,float,CollisionFilter,ArrayBuffer<ItemInfo>)	Renamed	-	com/dongbat/jbump/World.java	593	79444af8bf2f3dd0	
member	com.dongbat.jbump.World#queryRect(float,float,float,float,CollisionFilter,ArrayBuffer)	sge.jbump.World#queryRect(float,float,float,float,CollisionFilter,ArrayBuffer<Item<?>>)	Renamed	-	com/dongbat/jbump/World.java	478	982ce6b8f065595d	
member	com.dongbat.jbump.World#querySegment(float,float,float,float,CollisionFilter,ArrayBuffer)	sge.jbump.World#querySegment(float,float,float,float,CollisionFilter,ArrayBuffer<Item<?>>)	Renamed	-	com/dongbat/jbump/World.java	525	70f68a99b03408d3	
member	com.dongbat.jbump.World#querySegmentWithCoords(float,float,float,float,CollisionFilter,ArrayBuffer)	sge.jbump.World#querySegmentWithCoords(float,float,float,float,CollisionFilter,ArrayBuffer<ItemInfo>)	Renamed	-	com/dongbat/jbump/World.java	542	318d45c0cc116fa3	
member	com.dongbat.jbump.World#query_c	sge.jbump.World#query_c	Renamed	-	com/dongbat/jbump/World.java	469	15901daacffced06	vis=private
member	com.dongbat.jbump.World#query_dictItemsInCellRect	sge.jbump.World#query_dictItemsInCellRect	Renamed	-	com/dongbat/jbump/World.java	470	fe651e38e57d88af	vis=private
member	com.dongbat.jbump.World#query_infos	sge.jbump.World#query_infos	Renamed	-	com/dongbat/jbump/World.java	524	272c2602f68d770d	vis=private
member	com.dongbat.jbump.World#query_point	sge.jbump.World#query_point	Renamed	-	com/dongbat/jbump/World.java	494	27e8ddeabebddb0b	vis=private
member	com.dongbat.jbump.World#rectHelper	sge.jbump.World#rectHelper	Renamed	-	com/dongbat/jbump/World.java	37	73b456711cea31d5	vis=private
member	com.dongbat.jbump.World#rects	sge.jbump.World#rects	Renamed	-	com/dongbat/jbump/World.java	282	aa29d36ace7fcbe5	vis=private
member	com.dongbat.jbump.World#remove(Item)	sge.jbump.World#remove(Item<?>)	Renamed	-	com/dongbat/jbump/World.java	341	15abf598848ca5f7	
member	com.dongbat.jbump.World#removeItemFromCell(Item,float,float)	sge.jbump.World#removeItemFromCell(Item<?>,float,float)	Renamed	-	com/dongbat/jbump/World.java	75	e532234fd9c0a375	vis=private
member	com.dongbat.jbump.World#remove_c	sge.jbump.World#remove_c	Renamed	-	com/dongbat/jbump/World.java	339	46734c33e9cf14f0	vis=private
member	com.dongbat.jbump.World#reset()	sge.jbump.World#reset()	Renamed	-	com/dongbat/jbump/World.java	356	9cd40016f7d930ed	
member	com.dongbat.jbump.World#setTileMode(boolean)	sge.jbump.World#setTileMode(boolean)	Renamed	-	com/dongbat/jbump/World.java	49	d12ad9fa1e951385	
member	com.dongbat.jbump.World#tileMode	sge.jbump.World#tileMode	Renamed	-	com/dongbat/jbump/World.java	38	9579b674952c5782	vis=private
member	com.dongbat.jbump.World#toCell(float,float,Point)	sge.jbump.World#toCell(float,float,Point)	Renamed	-	com/dongbat/jbump/World.java	317	9fb9b109bd27f325	
member	com.dongbat.jbump.World#toWorld(float,float,Point)	sge.jbump.World#toWorld(float,float,Point)	Renamed	-	com/dongbat/jbump/World.java	312	7d2372e5d6ba00f3	
member	com.dongbat.jbump.World#update(Item,float,float)	sge.jbump.World#update(Item<?>,float,float)	Renamed	-	com/dongbat/jbump/World.java	362	9c7c827cca7d3473	
member	com.dongbat.jbump.World#update(Item,float,float,float,float)	sge.jbump.World#update(Item<?>,float,float,float,float)	Renamed	-	com/dongbat/jbump/World.java	371	d6b91a4eade001d9	
member	com.dongbat.jbump.World#update_c1	sge.jbump.World#update_c1	Renamed	-	com/dongbat/jbump/World.java	368	d5d7498db4e5783d	vis=private
member	com.dongbat.jbump.World#update_c2	sge.jbump.World#update_c2	Renamed	-	com/dongbat/jbump/World.java	369	4604e828b7f388b6	vis=private
member	com.dongbat.jbump.util.BooleanArray#<init>()	sge.jbump.util.BooleanArray#<init>()	Renamed	-	com/dongbat/jbump/util/BooleanArray.java	28	bf85050fa1a35e4a	
member	com.dongbat.jbump.util.BooleanArray#<init>(Array)	sge.jbump.util.BooleanArray#<init>(Array<boolean>)	Renamed	-	com/dongbat/jbump/util/BooleanArray.java	57	0a35a08e60f11aca	
member	com.dongbat.jbump.util.BooleanArray#<init>(BooleanArray)	sge.jbump.util.BooleanArray#<init>(BooleanArray)	Renamed	-	com/dongbat/jbump/util/BooleanArray.java	48	3e21ed832675ad5a	
member	com.dongbat.jbump.util.BooleanArray#<init>(boolean,Array,int,int)	sge.jbump.util.BooleanArray#<init>(boolean,Array<boolean>,int,int)	Renamed	-	com/dongbat/jbump/util/BooleanArray.java	65	5ca84dac7d9ed5c2	
member	com.dongbat.jbump.util.BooleanArray#<init>(boolean,int)	sge.jbump.util.BooleanArray#<init>(boolean,int)	Renamed	-	com/dongbat/jbump/util/BooleanArray.java	40	a272a5ef0d87d78b	
member	com.dongbat.jbump.util.BooleanArray#<init>(int)	sge.jbump.util.BooleanArray#<init>(int)	Renamed	-	com/dongbat/jbump/util/BooleanArray.java	33	70a39675c58150b6	
member	com.dongbat.jbump.util.BooleanArray#add(boolean)	sge.jbump.util.BooleanArray#add(boolean)	Renamed	-	com/dongbat/jbump/util/BooleanArray.java	71	693904c878e5c8a8	
member	com.dongbat.jbump.util.BooleanArray#addAll(Array)	sge.jbump.util.BooleanArray#addAll(Array<boolean>)	Renamed	-	com/dongbat/jbump/util/BooleanArray.java	87	d1b2d603858dee59	
member	com.dongbat.jbump.util.BooleanArray#addAll(Array,int,int)	sge.jbump.util.BooleanArray#addAll(Array<boolean>,int,int)	Renamed	-	com/dongbat/jbump/util/BooleanArray.java	91	9f04026e907dea99	
member	com.dongbat.jbump.util.BooleanArray#addAll(BooleanArray)	sge.jbump.util.BooleanArray#addAll(BooleanArray)	Renamed	-	com/dongbat/jbump/util/BooleanArray.java	77	6d94e0347838de23	
member	com.dongbat.jbump.util.BooleanArray#addAll(BooleanArray,int,int)	sge.jbump.util.BooleanArray#addAll(BooleanArray,int,int)	Renamed	-	com/dongbat/jbump/util/BooleanArray.java	81	c457b5b2de45b1ad	
member	com.dongbat.jbump.util.BooleanArray#clear()	sge.jbump.util.BooleanArray#clear()	Renamed	-	com/dongbat/jbump/util/BooleanArray.java	194	f21fecb865063005	
member	com.dongbat.jbump.util.BooleanArray#ensureCapacity(int)	sge.jbump.util.BooleanArray#ensureCapacity(int)	Renamed	-	com/dongbat/jbump/util/BooleanArray.java	209	2a240dcbb5575af9	
member	com.dongbat.jbump.util.BooleanArray#equals(Any)	sge.jbump.util.BooleanArray#equals(Any)	Renamed	-	com/dongbat/jbump/util/BooleanArray.java	278	565a5a760cd42c70	
member	com.dongbat.jbump.util.BooleanArray#first()	sge.jbump.util.BooleanArray#first()	Renamed	-	com/dongbat/jbump/util/BooleanArray.java	189	68156272a84c1ceb	
member	com.dongbat.jbump.util.BooleanArray#get(int)	sge.jbump.util.BooleanArray#get(int)	Renamed	-	com/dongbat/jbump/util/BooleanArray.java	99	9a7107284b836c6d	
member	com.dongbat.jbump.util.BooleanArray#hashCode()	sge.jbump.util.BooleanArray#hashCode()	Renamed	-	com/dongbat/jbump/util/BooleanArray.java	269	117fa80a257c1869	
member	com.dongbat.jbump.util.BooleanArray#insert(int,boolean)	sge.jbump.util.BooleanArray#insert(int,boolean)	Renamed	-	com/dongbat/jbump/util/BooleanArray.java	109	42e7402b087d7d19	
member	com.dongbat.jbump.util.BooleanArray#items	sge.jbump.util.BooleanArray#items	Renamed	-	com/dongbat/jbump/util/BooleanArray.java	23	b96c7cf690cef4da	
member	com.dongbat.jbump.util.BooleanArray#ordered	sge.jbump.util.BooleanArray#ordered	Renamed	-	com/dongbat/jbump/util/BooleanArray.java	25	8f4c18a2d95693de	
member	com.dongbat.jbump.util.BooleanArray#peek()	sge.jbump.util.BooleanArray#peek()	Renamed	-	com/dongbat/jbump/util/BooleanArray.java	184	9fe419363f678dd9	
member	com.dongbat.jbump.util.BooleanArray#pop()	sge.jbump.util.BooleanArray#pop()	Renamed	-	com/dongbat/jbump/util/BooleanArray.java	179	6a91622136548ff5	
member	com.dongbat.jbump.util.BooleanArray#random()	sge.jbump.util.BooleanArray#random()	Renamed	-	com/dongbat/jbump/util/BooleanArray.java	258	525cd795c22d2a9c	
member	com.dongbat.jbump.util.BooleanArray#removeAll(BooleanArray)	sge.jbump.util.BooleanArray#removeAll(BooleanArray)	Renamed	-	com/dongbat/jbump/util/BooleanArray.java	161	7211317cebec7319	
member	com.dongbat.jbump.util.BooleanArray#removeIndex(int)	sge.jbump.util.BooleanArray#removeIndex(int)	Renamed	-	com/dongbat/jbump/util/BooleanArray.java	131	0888e9cfc62c08f8	
member	com.dongbat.jbump.util.BooleanArray#removeRange(int,int)	sge.jbump.util.BooleanArray#removeRange(int,int)	Renamed	-	com/dongbat/jbump/util/BooleanArray.java	144	7494a483bd963e4c	
member	com.dongbat.jbump.util.BooleanArray#resize(int)	sge.jbump.util.BooleanArray#resize(int)	Renamed	-	com/dongbat/jbump/util/BooleanArray.java	223	bc13a6881c7dea58	
member	com.dongbat.jbump.util.BooleanArray#reverse()	sge.jbump.util.BooleanArray#reverse()	Renamed	-	com/dongbat/jbump/util/BooleanArray.java	231	d55afa596968c96a	
member	com.dongbat.jbump.util.BooleanArray#set(int,boolean)	sge.jbump.util.BooleanArray#set(int,boolean)	Renamed	-	com/dongbat/jbump/util/BooleanArray.java	104	8d756d47b60e1525	
member	com.dongbat.jbump.util.BooleanArray#setSize(int)	sge.jbump.util.BooleanArray#setSize(int)	Renamed	-	com/dongbat/jbump/util/BooleanArray.java	217	34f301be559f841d	
member	com.dongbat.jbump.util.BooleanArray#shrink()	sge.jbump.util.BooleanArray#shrink()	Renamed	-	com/dongbat/jbump/util/BooleanArray.java	201	12fa96a0a6ff40a2	
member	com.dongbat.jbump.util.BooleanArray#shuffle()	sge.jbump.util.BooleanArray#shuffle()	Renamed	-	com/dongbat/jbump/util/BooleanArray.java	241	5902fa6058549079	
member	com.dongbat.jbump.util.BooleanArray#size	sge.jbump.util.BooleanArray#size	Renamed	-	com/dongbat/jbump/util/BooleanArray.java	24	184a3d5c6ff54828	
member	com.dongbat.jbump.util.BooleanArray#swap(int,int)	sge.jbump.util.BooleanArray#swap(int,int)	Renamed	-	com/dongbat/jbump/util/BooleanArray.java	121	f042ff9a32a60dcd	
member	com.dongbat.jbump.util.BooleanArray#toArray()	sge.jbump.util.BooleanArray#toArray()	Renamed	-	com/dongbat/jbump/util/BooleanArray.java	263	3ff070bc44edc649	
member	com.dongbat.jbump.util.BooleanArray#toString()	sge.jbump.util.BooleanArray#toString()	Renamed	-	com/dongbat/jbump/util/BooleanArray.java	293	2601ec8acca337a0	
member	com.dongbat.jbump.util.BooleanArray#toString(String)	sge.jbump.util.BooleanArray#toString(String)	Renamed	-	com/dongbat/jbump/util/BooleanArray.java	307	b42588412677c822	
member	com.dongbat.jbump.util.BooleanArray#truncate(int)	sge.jbump.util.BooleanArray#truncate(int)	Renamed	-	com/dongbat/jbump/util/BooleanArray.java	253	571f533b6451dc08	
member	com.dongbat.jbump.util.BooleanArray#with(Array)	sge.jbump.util.BooleanArray#with(Array<boolean>)	Renamed	-	com/dongbat/jbump/util/BooleanArray.java	320	20bd5389c334e2e2	placement=companion
member	com.dongbat.jbump.util.FloatArray#<init>()	sge.jbump.util.FloatArray#<init>()	Renamed	-	com/dongbat/jbump/util/FloatArray.java	30	bf85050fa1a35e4a	
member	com.dongbat.jbump.util.FloatArray#<init>(Array)	sge.jbump.util.FloatArray#<init>(Array<float>)	Renamed	-	com/dongbat/jbump/util/FloatArray.java	59	22917f3d85164e2a	
member	com.dongbat.jbump.util.FloatArray#<init>(FloatArray)	sge.jbump.util.FloatArray#<init>(FloatArray)	Renamed	-	com/dongbat/jbump/util/FloatArray.java	50	6bcca264ad8e6747	
member	com.dongbat.jbump.util.FloatArray#<init>(boolean,Array,int,int)	sge.jbump.util.FloatArray#<init>(boolean,Array<float>,int,int)	Renamed	-	com/dongbat/jbump/util/FloatArray.java	67	0d4f3faf803a576a	
member	com.dongbat.jbump.util.FloatArray#<init>(boolean,int)	sge.jbump.util.FloatArray#<init>(boolean,int)	Renamed	-	com/dongbat/jbump/util/FloatArray.java	42	a239e7266a763e6a	
member	com.dongbat.jbump.util.FloatArray#<init>(int)	sge.jbump.util.FloatArray#<init>(int)	Renamed	-	com/dongbat/jbump/util/FloatArray.java	35	70a39675c58150b6	
member	com.dongbat.jbump.util.FloatArray#add(float)	sge.jbump.util.FloatArray#add(float)	Renamed	-	com/dongbat/jbump/util/FloatArray.java	73	fdeed5ff57bccb4d	
member	com.dongbat.jbump.util.FloatArray#addAll(Array)	sge.jbump.util.FloatArray#addAll(Array<float>)	Renamed	-	com/dongbat/jbump/util/FloatArray.java	89	13716b7e32ea6d46	
member	com.dongbat.jbump.util.FloatArray#addAll(Array,int,int)	sge.jbump.util.FloatArray#addAll(Array<float>,int,int)	Renamed	-	com/dongbat/jbump/util/FloatArray.java	93	e6f3eb9efc4d44e8	
member	com.dongbat.jbump.util.FloatArray#addAll(FloatArray)	sge.jbump.util.FloatArray#addAll(FloatArray)	Renamed	-	com/dongbat/jbump/util/FloatArray.java	79	7da28a7b29b331c2	
member	com.dongbat.jbump.util.FloatArray#addAll(FloatArray,int,int)	sge.jbump.util.FloatArray#addAll(FloatArray,int,int)	Renamed	-	com/dongbat/jbump/util/FloatArray.java	83	7980203d80d1f8b9	
member	com.dongbat.jbump.util.FloatArray#clear()	sge.jbump.util.FloatArray#clear()	Renamed	-	com/dongbat/jbump/util/FloatArray.java	239	f21fecb865063005	
member	com.dongbat.jbump.util.FloatArray#contains(float)	sge.jbump.util.FloatArray#contains(float)	Renamed	-	com/dongbat/jbump/util/FloatArray.java	142	8cdc36ebc8e011dd	
member	com.dongbat.jbump.util.FloatArray#ensureCapacity(int)	sge.jbump.util.FloatArray#ensureCapacity(int)	Renamed	-	com/dongbat/jbump/util/FloatArray.java	254	cdbc10bda4db376b	
member	com.dongbat.jbump.util.FloatArray#equals(Any)	sge.jbump.util.FloatArray#equals(Any)	Renamed	-	com/dongbat/jbump/util/FloatArray.java	327	35ecba1943a358c8	
member	com.dongbat.jbump.util.FloatArray#equals(Object,float)	sge.jbump.util.FloatArray#equals(Object,float)	Renamed	-	com/dongbat/jbump/util/FloatArray.java	342	f33a1a46489745e0	
member	com.dongbat.jbump.util.FloatArray#first()	sge.jbump.util.FloatArray#first()	Renamed	-	com/dongbat/jbump/util/FloatArray.java	234	877bf05e5cb28ced	
member	com.dongbat.jbump.util.FloatArray#get(int)	sge.jbump.util.FloatArray#get(int)	Renamed	-	com/dongbat/jbump/util/FloatArray.java	101	58b4d1c347d192ae	
member	com.dongbat.jbump.util.FloatArray#hashCode()	sge.jbump.util.FloatArray#hashCode()	Renamed	-	com/dongbat/jbump/util/FloatArray.java	318	6d48036792031829	
member	com.dongbat.jbump.util.FloatArray#incr(int,float)	sge.jbump.util.FloatArray#incr(int,float)	Renamed	-	com/dongbat/jbump/util/FloatArray.java	111	6e7d613ac778712d	
member	com.dongbat.jbump.util.FloatArray#indexOf(float)	sge.jbump.util.FloatArray#indexOf(float)	Renamed	-	com/dongbat/jbump/util/FloatArray.java	150	434e305ecb729f25	
member	com.dongbat.jbump.util.FloatArray#insert(int,float)	sge.jbump.util.FloatArray#insert(int,float)	Renamed	-	com/dongbat/jbump/util/FloatArray.java	121	08cfe60781a43894	
member	com.dongbat.jbump.util.FloatArray#items	sge.jbump.util.FloatArray#items	Renamed	-	com/dongbat/jbump/util/FloatArray.java	25	02637f71bc81bde1	
member	com.dongbat.jbump.util.FloatArray#lastIndexOf(char)	sge.jbump.util.FloatArray#lastIndexOf(char)	Renamed	-	com/dongbat/jbump/util/FloatArray.java	157	5372039f4e1a4c7a	
member	com.dongbat.jbump.util.FloatArray#mul(int,float)	sge.jbump.util.FloatArray#mul(int,float)	Renamed	-	com/dongbat/jbump/util/FloatArray.java	116	954d7f0874d80be8	
member	com.dongbat.jbump.util.FloatArray#ordered	sge.jbump.util.FloatArray#ordered	Renamed	-	com/dongbat/jbump/util/FloatArray.java	27	8f4c18a2d95693de	
member	com.dongbat.jbump.util.FloatArray#peek()	sge.jbump.util.FloatArray#peek()	Renamed	-	com/dongbat/jbump/util/FloatArray.java	229	b2b1c90e229dab72	
member	com.dongbat.jbump.util.FloatArray#pop()	sge.jbump.util.FloatArray#pop()	Renamed	-	com/dongbat/jbump/util/FloatArray.java	224	c916429a2792c559	
member	com.dongbat.jbump.util.FloatArray#random()	sge.jbump.util.FloatArray#random()	Renamed	-	com/dongbat/jbump/util/FloatArray.java	307	e0034b4758466d66	
member	com.dongbat.jbump.util.FloatArray#removeAll(FloatArray)	sge.jbump.util.FloatArray#removeAll(FloatArray)	Renamed	-	com/dongbat/jbump/util/FloatArray.java	206	da40a36f44059b0c	
member	com.dongbat.jbump.util.FloatArray#removeIndex(int)	sge.jbump.util.FloatArray#removeIndex(int)	Renamed	-	com/dongbat/jbump/util/FloatArray.java	176	9e5693dfb5126e58	
member	com.dongbat.jbump.util.FloatArray#removeRange(int,int)	sge.jbump.util.FloatArray#removeRange(int,int)	Renamed	-	com/dongbat/jbump/util/FloatArray.java	189	dde04169a4105d61	
member	com.dongbat.jbump.util.FloatArray#removeValue(float)	sge.jbump.util.FloatArray#removeValue(float)	Renamed	-	com/dongbat/jbump/util/FloatArray.java	164	429bd5233280b27d	
member	com.dongbat.jbump.util.FloatArray#resize(int)	sge.jbump.util.FloatArray#resize(int)	Renamed	-	com/dongbat/jbump/util/FloatArray.java	268	e9b6c9c7bf50d469	
member	com.dongbat.jbump.util.FloatArray#reverse()	sge.jbump.util.FloatArray#reverse()	Renamed	-	com/dongbat/jbump/util/FloatArray.java	280	f2b1bbc7296b8831	
member	com.dongbat.jbump.util.FloatArray#set(int,float)	sge.jbump.util.FloatArray#set(int,float)	Renamed	-	com/dongbat/jbump/util/FloatArray.java	106	a5bd8072c780f474	
member	com.dongbat.jbump.util.FloatArray#setSize(int)	sge.jbump.util.FloatArray#setSize(int)	Renamed	-	com/dongbat/jbump/util/FloatArray.java	262	ed484ca4d2a42012	
member	com.dongbat.jbump.util.FloatArray#shrink()	sge.jbump.util.FloatArray#shrink()	Renamed	-	com/dongbat/jbump/util/FloatArray.java	246	42d0459390f69722	
member	com.dongbat.jbump.util.FloatArray#shuffle()	sge.jbump.util.FloatArray#shuffle()	Renamed	-	com/dongbat/jbump/util/FloatArray.java	290	833d115d8e1e4225	
member	com.dongbat.jbump.util.FloatArray#size	sge.jbump.util.FloatArray#size	Renamed	-	com/dongbat/jbump/util/FloatArray.java	26	184a3d5c6ff54828	
member	com.dongbat.jbump.util.FloatArray#sort()	sge.jbump.util.FloatArray#sort()	Renamed	-	com/dongbat/jbump/util/FloatArray.java	276	a351b31f1e2615a0	
member	com.dongbat.jbump.util.FloatArray#swap(int,int)	sge.jbump.util.FloatArray#swap(int,int)	Renamed	-	com/dongbat/jbump/util/FloatArray.java	133	52aae0aa515190c1	
member	com.dongbat.jbump.util.FloatArray#toArray()	sge.jbump.util.FloatArray#toArray()	Renamed	-	com/dongbat/jbump/util/FloatArray.java	312	ad087adc46f042a2	
member	com.dongbat.jbump.util.FloatArray#toString()	sge.jbump.util.FloatArray#toString()	Renamed	-	com/dongbat/jbump/util/FloatArray.java	357	90d0d0d3fc864c7b	
member	com.dongbat.jbump.util.FloatArray#toString(String)	sge.jbump.util.FloatArray#toString(String)	Renamed	-	com/dongbat/jbump/util/FloatArray.java	371	8dc7aab8471bddbd	
member	com.dongbat.jbump.util.FloatArray#truncate(int)	sge.jbump.util.FloatArray#truncate(int)	Renamed	-	com/dongbat/jbump/util/FloatArray.java	302	571f533b6451dc08	
member	com.dongbat.jbump.util.FloatArray#with(Array)	sge.jbump.util.FloatArray#with(Array<float>)	Renamed	-	com/dongbat/jbump/util/FloatArray.java	384	45cfe611f28e9867	placement=companion
member	com.dongbat.jbump.util.IntArray#<init>()	sge.jbump.util.IntArray#<init>()	Renamed	-	com/dongbat/jbump/util/IntArray.java	30	bf85050fa1a35e4a	
member	com.dongbat.jbump.util.IntArray#<init>(Array)	sge.jbump.util.IntArray#<init>(Array<int>)	Renamed	-	com/dongbat/jbump/util/IntArray.java	59	6da49e4208a33ff4	
member	com.dongbat.jbump.util.IntArray#<init>(IntArray)	sge.jbump.util.IntArray#<init>(IntArray)	Renamed	-	com/dongbat/jbump/util/IntArray.java	50	68ad504173ec0e25	
member	com.dongbat.jbump.util.IntArray#<init>(boolean,Array,int,int)	sge.jbump.util.IntArray#<init>(boolean,Array<int>,int,int)	Renamed	-	com/dongbat/jbump/util/IntArray.java	67	405da63a74ec9c59	
member	com.dongbat.jbump.util.IntArray#<init>(boolean,int)	sge.jbump.util.IntArray#<init>(boolean,int)	Renamed	-	com/dongbat/jbump/util/IntArray.java	42	c9deb22d050ba535	
member	com.dongbat.jbump.util.IntArray#<init>(int)	sge.jbump.util.IntArray#<init>(int)	Renamed	-	com/dongbat/jbump/util/IntArray.java	35	70a39675c58150b6	
member	com.dongbat.jbump.util.IntArray#add(int)	sge.jbump.util.IntArray#add(int)	Renamed	-	com/dongbat/jbump/util/IntArray.java	73	ec8587ff510dc0a1	
member	com.dongbat.jbump.util.IntArray#addAll(Array)	sge.jbump.util.IntArray#addAll(Array<int>)	Renamed	-	com/dongbat/jbump/util/IntArray.java	89	f9eb1bad65a14ca0	
member	com.dongbat.jbump.util.IntArray#addAll(Array,int,int)	sge.jbump.util.IntArray#addAll(Array<int>,int,int)	Renamed	-	com/dongbat/jbump/util/IntArray.java	93	b7e2f3b22213f136	
member	com.dongbat.jbump.util.IntArray#addAll(IntArray)	sge.jbump.util.IntArray#addAll(IntArray)	Renamed	-	com/dongbat/jbump/util/IntArray.java	79	355c158f19d8e610	
member	com.dongbat.jbump.util.IntArray#addAll(IntArray,int,int)	sge.jbump.util.IntArray#addAll(IntArray,int,int)	Renamed	-	com/dongbat/jbump/util/IntArray.java	83	e812a06fd081faaa	
member	com.dongbat.jbump.util.IntArray#clear()	sge.jbump.util.IntArray#clear()	Renamed	-	com/dongbat/jbump/util/IntArray.java	239	f21fecb865063005	
member	com.dongbat.jbump.util.IntArray#contains(int)	sge.jbump.util.IntArray#contains(int)	Renamed	-	com/dongbat/jbump/util/IntArray.java	142	b6c76046fd7b6808	
member	com.dongbat.jbump.util.IntArray#ensureCapacity(int)	sge.jbump.util.IntArray#ensureCapacity(int)	Renamed	-	com/dongbat/jbump/util/IntArray.java	254	fec0c363361b6536	
member	com.dongbat.jbump.util.IntArray#equals(Any)	sge.jbump.util.IntArray#equals(Any)	Renamed	-	com/dongbat/jbump/util/IntArray.java	327	a3ff910ec1476ccc	
member	com.dongbat.jbump.util.IntArray#first()	sge.jbump.util.IntArray#first()	Renamed	-	com/dongbat/jbump/util/IntArray.java	234	c93f90f427c363bf	
member	com.dongbat.jbump.util.IntArray#get(int)	sge.jbump.util.IntArray#get(int)	Renamed	-	com/dongbat/jbump/util/IntArray.java	101	7eee57434ae6581c	
member	com.dongbat.jbump.util.IntArray#hashCode()	sge.jbump.util.IntArray#hashCode()	Renamed	-	com/dongbat/jbump/util/IntArray.java	318	0c92be64d2e4dcab	
member	com.dongbat.jbump.util.IntArray#incr(int,int)	sge.jbump.util.IntArray#incr(int,int)	Renamed	-	com/dongbat/jbump/util/IntArray.java	111	756da3dbb9cb2ecf	
member	com.dongbat.jbump.util.IntArray#indexOf(int)	sge.jbump.util.IntArray#indexOf(int)	Renamed	-	com/dongbat/jbump/util/IntArray.java	150	22ff381a38e6ffab	
member	com.dongbat.jbump.util.IntArray#insert(int,int)	sge.jbump.util.IntArray#insert(int,int)	Renamed	-	com/dongbat/jbump/util/IntArray.java	121	07f64cbff507b836	
member	com.dongbat.jbump.util.IntArray#items	sge.jbump.util.IntArray#items	Renamed	-	com/dongbat/jbump/util/IntArray.java	25	a705399443af2550	
member	com.dongbat.jbump.util.IntArray#lastIndexOf(int)	sge.jbump.util.IntArray#lastIndexOf(int)	Renamed	-	com/dongbat/jbump/util/IntArray.java	157	117d34e7699985dc	
member	com.dongbat.jbump.util.IntArray#mul(int,int)	sge.jbump.util.IntArray#mul(int,int)	Renamed	-	com/dongbat/jbump/util/IntArray.java	116	4455545130ef1482	
member	com.dongbat.jbump.util.IntArray#ordered	sge.jbump.util.IntArray#ordered	Renamed	-	com/dongbat/jbump/util/IntArray.java	27	8f4c18a2d95693de	
member	com.dongbat.jbump.util.IntArray#peek()	sge.jbump.util.IntArray#peek()	Renamed	-	com/dongbat/jbump/util/IntArray.java	229	de8486a240e90442	
member	com.dongbat.jbump.util.IntArray#pop()	sge.jbump.util.IntArray#pop()	Renamed	-	com/dongbat/jbump/util/IntArray.java	224	f12553c54502588b	
member	com.dongbat.jbump.util.IntArray#random()	sge.jbump.util.IntArray#random()	Renamed	-	com/dongbat/jbump/util/IntArray.java	307	49b7dfa0c1ec1493	
member	com.dongbat.jbump.util.IntArray#removeAll(IntArray)	sge.jbump.util.IntArray#removeAll(IntArray)	Renamed	-	com/dongbat/jbump/util/IntArray.java	206	568dbcbab281b56e	
member	com.dongbat.jbump.util.IntArray#removeIndex(int)	sge.jbump.util.IntArray#removeIndex(int)	Renamed	-	com/dongbat/jbump/util/IntArray.java	176	bae800fd666935d9	
member	com.dongbat.jbump.util.IntArray#removeRange(int,int)	sge.jbump.util.IntArray#removeRange(int,int)	Renamed	-	com/dongbat/jbump/util/IntArray.java	189	75b059bd92c23dba	
member	com.dongbat.jbump.util.IntArray#removeValue(int)	sge.jbump.util.IntArray#removeValue(int)	Renamed	-	com/dongbat/jbump/util/IntArray.java	164	a49efb2797ebcb4d	
member	com.dongbat.jbump.util.IntArray#resize(int)	sge.jbump.util.IntArray#resize(int)	Renamed	-	com/dongbat/jbump/util/IntArray.java	268	fabdc9aee5d38b9d	
member	com.dongbat.jbump.util.IntArray#reverse()	sge.jbump.util.IntArray#reverse()	Renamed	-	com/dongbat/jbump/util/IntArray.java	280	f3b370f5df7fbba0	
member	com.dongbat.jbump.util.IntArray#set(int,int)	sge.jbump.util.IntArray#set(int,int)	Renamed	-	com/dongbat/jbump/util/IntArray.java	106	5f40ba96d594bf9a	
member	com.dongbat.jbump.util.IntArray#setSize(int)	sge.jbump.util.IntArray#setSize(int)	Renamed	-	com/dongbat/jbump/util/IntArray.java	262	61b5775d79ebfa34	
member	com.dongbat.jbump.util.IntArray#shrink()	sge.jbump.util.IntArray#shrink()	Renamed	-	com/dongbat/jbump/util/IntArray.java	246	611b004c46ef313d	
member	com.dongbat.jbump.util.IntArray#shuffle()	sge.jbump.util.IntArray#shuffle()	Renamed	-	com/dongbat/jbump/util/IntArray.java	290	f76579a5f398eacd	
member	com.dongbat.jbump.util.IntArray#size	sge.jbump.util.IntArray#size	Renamed	-	com/dongbat/jbump/util/IntArray.java	26	184a3d5c6ff54828	
member	com.dongbat.jbump.util.IntArray#sort()	sge.jbump.util.IntArray#sort()	Renamed	-	com/dongbat/jbump/util/IntArray.java	276	a351b31f1e2615a0	
member	com.dongbat.jbump.util.IntArray#swap(int,int)	sge.jbump.util.IntArray#swap(int,int)	Renamed	-	com/dongbat/jbump/util/IntArray.java	133	89422930a0264143	
member	com.dongbat.jbump.util.IntArray#toArray()	sge.jbump.util.IntArray#toArray()	Renamed	-	com/dongbat/jbump/util/IntArray.java	312	336c8d0168e6b38a	
member	com.dongbat.jbump.util.IntArray#toString()	sge.jbump.util.IntArray#toString()	Renamed	-	com/dongbat/jbump/util/IntArray.java	342	12784f7e02de6765	
member	com.dongbat.jbump.util.IntArray#toString(String)	sge.jbump.util.IntArray#toString(String)	Renamed	-	com/dongbat/jbump/util/IntArray.java	356	08a5ecf340e66381	
member	com.dongbat.jbump.util.IntArray#truncate(int)	sge.jbump.util.IntArray#truncate(int)	Renamed	-	com/dongbat/jbump/util/IntArray.java	302	571f533b6451dc08	
member	com.dongbat.jbump.util.IntArray#with(Array)	sge.jbump.util.IntArray#with(Array<int>)	Renamed	-	com/dongbat/jbump/util/IntArray.java	369	d60b599d2cb29535	placement=companion
member	com.dongbat.jbump.util.@101#<init>(int,float)#initialCapacity	@101#<init>(int,float)#initialCapacity	Renamed	-	com/dongbat/jbump/util/IntIntMap.java	60	b46a457eb0ff2d75	name=initialCapacity$p
member	com.dongbat.jbump.util.IntIntMap#<init>()	sge.jbump.util.IntIntMap#<init>()	Renamed	-	com/dongbat/jbump/util/IntIntMap.java	47	a6900d1deddd58e2	
member	com.dongbat.jbump.util.IntIntMap#<init>(IntIntMap)	sge.jbump.util.IntIntMap#<init>(IntIntMap)	Renamed	-	com/dongbat/jbump/util/IntIntMap.java	80	2389955c4a4fa259	
member	com.dongbat.jbump.util.IntIntMap#<init>(int)	sge.jbump.util.IntIntMap#<init>(int)	Renamed	-	com/dongbat/jbump/util/IntIntMap.java	53	2e3e37df1a47a1ea	
member	com.dongbat.jbump.util.IntIntMap#<stmt10>	sge.jbump.util.IntIntMap#<stmt10>	Renamed	-	com/dongbat/jbump/util/IntIntMap.java	72	fe2259fb851a6379	
member	com.dongbat.jbump.util.IntIntMap#<stmt11>	sge.jbump.util.IntIntMap#<stmt11>	Renamed	-	com/dongbat/jbump/util/IntIntMap.java	73	15fa64f448ec87a8	
member	com.dongbat.jbump.util.IntIntMap#<stmt12>	sge.jbump.util.IntIntMap#<stmt12>	Renamed	-	com/dongbat/jbump/util/IntIntMap.java	75	654f502aa19bf7ad	
member	com.dongbat.jbump.util.IntIntMap#<stmt13>	sge.jbump.util.IntIntMap#<stmt13>	Renamed	-	com/dongbat/jbump/util/IntIntMap.java	76	79a48f2010299a0b	
member	com.dongbat.jbump.util.IntIntMap#<stmt1>	sge.jbump.util.IntIntMap#<stmt1>	Renamed	-	com/dongbat/jbump/util/IntIntMap.java	61	4e215047b5978dc6	
member	com.dongbat.jbump.util.IntIntMap#<stmt2>	sge.jbump.util.IntIntMap#<stmt2>	Renamed	-	com/dongbat/jbump/util/IntIntMap.java	62	7f7395960412e92d	
member	com.dongbat.jbump.util.IntIntMap#<stmt3>	sge.jbump.util.IntIntMap#<stmt3>	Renamed	-	com/dongbat/jbump/util/IntIntMap.java	63	90806cc67d21f920	
member	com.dongbat.jbump.util.IntIntMap#<stmt4>	sge.jbump.util.IntIntMap#<stmt4>	Renamed	-	com/dongbat/jbump/util/IntIntMap.java	64	32f2bbca679b97f6	
member	com.dongbat.jbump.util.IntIntMap#<stmt5>	sge.jbump.util.IntIntMap#<stmt5>	Renamed	-	com/dongbat/jbump/util/IntIntMap.java	66	6d31ce1327d49310	
member	com.dongbat.jbump.util.IntIntMap#<stmt6>	sge.jbump.util.IntIntMap#<stmt6>	Renamed	-	com/dongbat/jbump/util/IntIntMap.java	67	6e9f63ff84a4b13e	
member	com.dongbat.jbump.util.IntIntMap#<stmt7>	sge.jbump.util.IntIntMap#<stmt7>	Renamed	-	com/dongbat/jbump/util/IntIntMap.java	69	745b23873bfed26d	
member	com.dongbat.jbump.util.IntIntMap#<stmt8>	sge.jbump.util.IntIntMap#<stmt8>	Renamed	-	com/dongbat/jbump/util/IntIntMap.java	70	5a0091ace06c2948	
member	com.dongbat.jbump.util.IntIntMap#<stmt9>	sge.jbump.util.IntIntMap#<stmt9>	Renamed	-	com/dongbat/jbump/util/IntIntMap.java	71	4698ea30c6ad449e	
member	com.dongbat.jbump.util.IntIntMap#EMPTY	sge.jbump.util.IntIntMap#EMPTY	Renamed	-	com/dongbat/jbump/util/IntIntMap.java	28	a5ab876fd59f0055	placement=companion vis=private
member	com.dongbat.jbump.util.IntIntMap#PRIME1	sge.jbump.util.IntIntMap#PRIME1	Renamed	-	com/dongbat/jbump/util/IntIntMap.java	25	17df3bd7f714e172	placement=companion vis=private
member	com.dongbat.jbump.util.IntIntMap#PRIME2	sge.jbump.util.IntIntMap#PRIME2	Renamed	-	com/dongbat/jbump/util/IntIntMap.java	26	2ce3df5601822253	placement=companion vis=private
member	com.dongbat.jbump.util.IntIntMap#PRIME3	sge.jbump.util.IntIntMap#PRIME3	Renamed	-	com/dongbat/jbump/util/IntIntMap.java	27	cfdac1fbe8de96db	placement=companion vis=private
member	com.dongbat.jbump.util.IntIntMap#capacity	sge.jbump.util.IntIntMap#capacity	Renamed	-	com/dongbat/jbump/util/IntIntMap.java	33	5fbd4627a99d5238	
member	com.dongbat.jbump.util.IntIntMap#clear()	sge.jbump.util.IntIntMap#clear()	Renamed	-	com/dongbat/jbump/util/IntIntMap.java	428	0a4b0325b7b8d819	
member	com.dongbat.jbump.util.IntIntMap#clear(int)	sge.jbump.util.IntIntMap#clear(int)	Renamed	-	com/dongbat/jbump/util/IntIntMap.java	418	ae56f3b39bff3f6b	
member	com.dongbat.jbump.util.IntIntMap#containsKey(int)	sge.jbump.util.IntIntMap#containsKey(int)	Renamed	-	com/dongbat/jbump/util/IntIntMap.java	448	b50c4e75299ce163	
member	com.dongbat.jbump.util.IntIntMap#containsKeyStash(int)	sge.jbump.util.IntIntMap#containsKeyStash(int)	Renamed	-	com/dongbat/jbump/util/IntIntMap.java	461	ac670b5d7a92fe5d	vis=private
member	com.dongbat.jbump.util.IntIntMap#containsValue(int)	sge.jbump.util.IntIntMap#containsValue(int)	Renamed	-	com/dongbat/jbump/util/IntIntMap.java	440	dc5b0313dae87f71	
member	com.dongbat.jbump.util.IntIntMap#ensureCapacity(int)	sge.jbump.util.IntIntMap#ensureCapacity(int)	Renamed	-	com/dongbat/jbump/util/IntIntMap.java	480	93989b02650b884d	
member	com.dongbat.jbump.util.IntIntMap#entries()	sge.jbump.util.IntIntMap#entries()	Renamed	-	com/dongbat/jbump/util/IntIntMap.java	602	dadd18a6027a84eb	
member	com.dongbat.jbump.util.IntIntMap#entries1	sge.jbump.util.IntIntMap#entries1	Renamed	-	com/dongbat/jbump/util/IntIntMap.java	42	a7de5dd93c693d3f	vis=private
member	com.dongbat.jbump.util.IntIntMap#entries2	sge.jbump.util.IntIntMap#entries2	Renamed	-	com/dongbat/jbump/util/IntIntMap.java	42	74f57abd751a8329	vis=private
member	com.dongbat.jbump.util.IntIntMap#equals(Any)	sge.jbump.util.IntIntMap#equals(Any)	Renamed	-	com/dongbat/jbump/util/IntIntMap.java	541	483e525dbce61be1	
member	com.dongbat.jbump.util.IntIntMap#findKey(int,int)	sge.jbump.util.IntIntMap#findKey(int,int)	Renamed	-	com/dongbat/jbump/util/IntIntMap.java	470	140717df1b3090c9	
member	com.dongbat.jbump.util.IntIntMap#get(int,int)	sge.jbump.util.IntIntMap#get(int,int)	Renamed	-	com/dongbat/jbump/util/IntIntMap.java	286	e75c69dce39fde53	
member	com.dongbat.jbump.util.IntIntMap#getAndIncrement(int,int,int)	sge.jbump.util.IntIntMap#getAndIncrement(int,int,int)	Renamed	-	com/dongbat/jbump/util/IntIntMap.java	311	e3a23b7b0da461c7	
member	com.dongbat.jbump.util.IntIntMap#getAndIncrementStash(int,int,int)	sge.jbump.util.IntIntMap#getAndIncrementStash(int,int,int)	Renamed	-	com/dongbat/jbump/util/IntIntMap.java	337	e081a4e50c9777ec	vis=private
member	com.dongbat.jbump.util.IntIntMap#getStash(int,int)	sge.jbump.util.IntIntMap#getStash(int,int)	Renamed	-	com/dongbat/jbump/util/IntIntMap.java	302	0e93d9699f3bbc39	vis=private
member	com.dongbat.jbump.util.IntIntMap#hasZeroValue	sge.jbump.util.IntIntMap#hasZeroValue	Renamed	-	com/dongbat/jbump/util/IntIntMap.java	35	b49f5d6464a5a3e2	
member	com.dongbat.jbump.util.IntIntMap#hash2(int)	sge.jbump.util.IntIntMap#hash2(int)	Renamed	-	com/dongbat/jbump/util/IntIntMap.java	512	c54fc4e7c31c2705	vis=private
member	com.dongbat.jbump.util.IntIntMap#hash3(int)	sge.jbump.util.IntIntMap#hash3(int)	Renamed	-	com/dongbat/jbump/util/IntIntMap.java	517	0a8e54a7b63badb2	vis=private
member	com.dongbat.jbump.util.IntIntMap#hashCode()	sge.jbump.util.IntIntMap#hashCode()	Renamed	-	com/dongbat/jbump/util/IntIntMap.java	522	af7be42b79d4a762	
member	com.dongbat.jbump.util.IntIntMap#hashShift	sge.jbump.util.IntIntMap#hashShift	Renamed	-	com/dongbat/jbump/util/IntIntMap.java	38	e2897c09dd7475d6	vis=private
member	com.dongbat.jbump.util.IntIntMap#iterator()	sge.jbump.util.IntIntMap#iterator()	Renamed	-	com/dongbat/jbump/util/IntIntMap.java	596	050e6fe864125e8b	
member	com.dongbat.jbump.util.IntIntMap#keyTable	sge.jbump.util.IntIntMap#keyTable	Renamed	-	com/dongbat/jbump/util/IntIntMap.java	32	da600ea81983f2c3	
member	com.dongbat.jbump.util.IntIntMap#keys()	sge.jbump.util.IntIntMap#keys()	Renamed	-	com/dongbat/jbump/util/IntIntMap.java	640	9fa0cd0f3d8ea52b	
member	com.dongbat.jbump.util.IntIntMap#keys1	sge.jbump.util.IntIntMap#keys1	Renamed	-	com/dongbat/jbump/util/IntIntMap.java	44	4faa6a38fcc103ba	vis=private
member	com.dongbat.jbump.util.IntIntMap#keys2	sge.jbump.util.IntIntMap#keys2	Renamed	-	com/dongbat/jbump/util/IntIntMap.java	44	4fbbb9f19f8e4c0d	vis=private
member	com.dongbat.jbump.util.IntIntMap#loadFactor	sge.jbump.util.IntIntMap#loadFactor	Renamed	-	com/dongbat/jbump/util/IntIntMap.java	37	903229e8a1ba8afa	vis=private
member	com.dongbat.jbump.util.IntIntMap#mask	sge.jbump.util.IntIntMap#mask	Renamed	-	com/dongbat/jbump/util/IntIntMap.java	38	c132bc00141865a9	vis=private
member	com.dongbat.jbump.util.IntIntMap#push(int,int,int,int,int,int,int,int)	sge.jbump.util.IntIntMap#push(int,int,int,int,int,int,int,int)	Renamed	-	com/dongbat/jbump/util/IntIntMap.java	201	7655f3208bcb5b2e	vis=private
member	com.dongbat.jbump.util.IntIntMap#pushIterations	sge.jbump.util.IntIntMap#pushIterations	Renamed	-	com/dongbat/jbump/util/IntIntMap.java	40	1c0313906a96e1f2	vis=private
member	com.dongbat.jbump.util.IntIntMap#put(int,int)	sge.jbump.util.IntIntMap#put(int,int)	Renamed	-	com/dongbat/jbump/util/IntIntMap.java	90	74d974ef1961ed11	
member	com.dongbat.jbump.util.IntIntMap#putAll(IntIntMap)	sge.jbump.util.IntIntMap#putAll(IntIntMap)	Renamed	-	com/dongbat/jbump/util/IntIntMap.java	157	66469e3885bd1e68	
member	com.dongbat.jbump.util.IntIntMap#putResize(int,int)	sge.jbump.util.IntIntMap#putResize(int,int)	Renamed	-	com/dongbat/jbump/util/IntIntMap.java	163	3abbae07fe256352	vis=private
member	com.dongbat.jbump.util.IntIntMap#putStash(int,int)	sge.jbump.util.IntIntMap#putStash(int,int)	Renamed	-	com/dongbat/jbump/util/IntIntMap.java	270	59c226de8a48bf2d	vis=private
member	com.dongbat.jbump.util.IntIntMap#remove(int,int)	sge.jbump.util.IntIntMap#remove(int,int)	Renamed	-	com/dongbat/jbump/util/IntIntMap.java	349	d9250dcb8424158d	
member	com.dongbat.jbump.util.IntIntMap#removeStash(int,int)	sge.jbump.util.IntIntMap#removeStash(int,int)	Renamed	-	com/dongbat/jbump/util/IntIntMap.java	384	d2c3dba7cd28c33b	
member	com.dongbat.jbump.util.IntIntMap#removeStashIndex(int)	sge.jbump.util.IntIntMap#removeStashIndex(int)	Renamed	-	com/dongbat/jbump/util/IntIntMap.java	397	d30fedf5d0033ae7	
member	com.dongbat.jbump.util.IntIntMap#resize(int)	sge.jbump.util.IntIntMap#resize(int)	Renamed	-	com/dongbat/jbump/util/IntIntMap.java	485	2b505f3473348bc0	vis=private
member	com.dongbat.jbump.util.IntIntMap#shrink(int)	sge.jbump.util.IntIntMap#shrink(int)	Renamed	-	com/dongbat/jbump/util/IntIntMap.java	409	f82f3340d91cc790	
member	com.dongbat.jbump.util.IntIntMap#size	sge.jbump.util.IntIntMap#size	Renamed	-	com/dongbat/jbump/util/IntIntMap.java	30	184a3d5c6ff54828	
member	com.dongbat.jbump.util.IntIntMap#stashCapacity	sge.jbump.util.IntIntMap#stashCapacity	Renamed	-	com/dongbat/jbump/util/IntIntMap.java	39	6a1de49dbced6982	vis=private
member	com.dongbat.jbump.util.IntIntMap#stashSize	sge.jbump.util.IntIntMap#stashSize	Renamed	-	com/dongbat/jbump/util/IntIntMap.java	33	999b80e3ddc0347d	
member	com.dongbat.jbump.util.IntIntMap#threshold	sge.jbump.util.IntIntMap#threshold	Renamed	-	com/dongbat/jbump/util/IntIntMap.java	38	add7f6019a9783cb	vis=private
member	com.dongbat.jbump.util.IntIntMap#toString()	sge.jbump.util.IntIntMap#toString()	Renamed	-	com/dongbat/jbump/util/IntIntMap.java	564	13e2bff7af84b965	
member	com.dongbat.jbump.util.IntIntMap#valueTable	sge.jbump.util.IntIntMap#valueTable	Renamed	-	com/dongbat/jbump/util/IntIntMap.java	32	9a7ec56bb93bac95	
member	com.dongbat.jbump.util.IntIntMap#values()	sge.jbump.util.IntIntMap#values()	Renamed	-	com/dongbat/jbump/util/IntIntMap.java	621	0aed041efcd48154	
member	com.dongbat.jbump.util.IntIntMap#values1	sge.jbump.util.IntIntMap#values1	Renamed	-	com/dongbat/jbump/util/IntIntMap.java	43	6575bc25fa62ccf0	vis=private
member	com.dongbat.jbump.util.IntIntMap#values2	sge.jbump.util.IntIntMap#values2	Renamed	-	com/dongbat/jbump/util/IntIntMap.java	43	228e93ba7ad05cae	vis=private
member	com.dongbat.jbump.util.IntIntMap#zeroValue	sge.jbump.util.IntIntMap#zeroValue	Renamed	-	com/dongbat/jbump/util/IntIntMap.java	34	212e60bc8f7802fe	
member	com.dongbat.jbump.util.IntIntMap$Entries#entry	sge.jbump.util.IntIntMap$Entries#entry	Renamed	-	com/dongbat/jbump/util/IntIntMap.java	719	8b4070ae45538138	vis=private[IntIntMap]
member	com.dongbat.jbump.util.IntIntMap$Entries#hasNext()	sge.jbump.util.IntIntMap$Entries#hasNext()	Renamed	-	com/dongbat/jbump/util/IntIntMap.java	740	4b673c2e24486dbd	
member	com.dongbat.jbump.util.IntIntMap$Entries#iterator()	sge.jbump.util.IntIntMap$Entries#iterator()	Renamed	-	com/dongbat/jbump/util/IntIntMap.java	744	44d967c09773114f	
member	com.dongbat.jbump.util.IntIntMap$Entries#next()	sge.jbump.util.IntIntMap$Entries#next()	Renamed	-	com/dongbat/jbump/util/IntIntMap.java	726	1f8d34aafc97ba41	
member	com.dongbat.jbump.util.IntIntMap$Entries#remove()	sge.jbump.util.IntIntMap$Entries#remove()	Renamed	-	com/dongbat/jbump/util/IntIntMap.java	748	fb7d0e596d69341d	
member	com.dongbat.jbump.util.IntIntMap$Entry#key	sge.jbump.util.IntIntMap$Entry#key	Renamed	-	com/dongbat/jbump/util/IntIntMap.java	658	0d09f8c7efbab0ba	
member	com.dongbat.jbump.util.IntIntMap$Entry#toString()	sge.jbump.util.IntIntMap$Entry#toString()	Renamed	-	com/dongbat/jbump/util/IntIntMap.java	661	714eceff60f6af70	
member	com.dongbat.jbump.util.IntIntMap$Entry#value	sge.jbump.util.IntIntMap$Entry#value	Renamed	-	com/dongbat/jbump/util/IntIntMap.java	659	f783f10b3719e689	
member	com.dongbat.jbump.util.IntIntMap$Keys#hasNext()	sge.jbump.util.IntIntMap$Keys#hasNext()	Renamed	-	com/dongbat/jbump/util/IntIntMap.java	787	3148a6c677171db6	
member	com.dongbat.jbump.util.IntIntMap$Keys#next()	sge.jbump.util.IntIntMap$Keys#next()	Renamed	-	com/dongbat/jbump/util/IntIntMap.java	791	fa16b87fd4297935	
member	com.dongbat.jbump.util.IntIntMap$Keys#toArray()	sge.jbump.util.IntIntMap$Keys#toArray()	Renamed	-	com/dongbat/jbump/util/IntIntMap.java	799	146b642a5bf0d4c1	
member	com.dongbat.jbump.util.IntIntMap$MapIterator#<stmt1>	sge.jbump.util.IntIntMap$MapIterator#<stmt1>	Renamed	-	com/dongbat/jbump/util/IntIntMap.java	677	0f9b2209291df2a6	
member	com.dongbat.jbump.util.IntIntMap$MapIterator#<stmt2>	sge.jbump.util.IntIntMap$MapIterator#<stmt2>	Renamed	-	com/dongbat/jbump/util/IntIntMap.java	678	e6133b697ecb2b12	
member	com.dongbat.jbump.util.IntIntMap$MapIterator#INDEX_ILLEGAL	sge.jbump.util.IntIntMap$MapIterator#INDEX_ILLEGAL	Renamed	-	com/dongbat/jbump/util/IntIntMap.java	667	ea24a87fdb60ac14	placement=companion
member	com.dongbat.jbump.util.IntIntMap$MapIterator#INDEX_ZERO	sge.jbump.util.IntIntMap$MapIterator#INDEX_ZERO	Renamed	-	com/dongbat/jbump/util/IntIntMap.java	668	34983bc2f9050c59	placement=companion
member	com.dongbat.jbump.util.IntIntMap$MapIterator#currentIndex	sge.jbump.util.IntIntMap$MapIterator#currentIndex	Renamed	-	com/dongbat/jbump/util/IntIntMap.java	673	23ce969cae78d525	
member	com.dongbat.jbump.util.IntIntMap$MapIterator#findNextIndex()	sge.jbump.util.IntIntMap$MapIterator#findNextIndex()	Renamed	-	com/dongbat/jbump/util/IntIntMap.java	690	c509a25ea942af53	
member	com.dongbat.jbump.util.IntIntMap$MapIterator#hasNext	sge.jbump.util.IntIntMap$MapIterator#hasNext	Renamed	-	com/dongbat/jbump/util/IntIntMap.java	670	f37042bfbe55e187	name=hasNext$field
member	com.dongbat.jbump.util.IntIntMap$MapIterator#map	sge.jbump.util.IntIntMap$MapIterator#map	Renamed	-	com/dongbat/jbump/util/IntIntMap.java	672	c6aa21896138cc6a	
member	com.dongbat.jbump.util.IntIntMap$MapIterator#nextIndex	sge.jbump.util.IntIntMap$MapIterator#nextIndex	Renamed	-	com/dongbat/jbump/util/IntIntMap.java	673	2ce34c89019e8250	
member	com.dongbat.jbump.util.IntIntMap$MapIterator#remove()	sge.jbump.util.IntIntMap$MapIterator#remove()	Renamed	-	com/dongbat/jbump/util/IntIntMap.java	701	068db6580be9d90d	
member	com.dongbat.jbump.util.IntIntMap$MapIterator#reset()	sge.jbump.util.IntIntMap$MapIterator#reset()	Renamed	-	com/dongbat/jbump/util/IntIntMap.java	681	72fb9b08feeb506d	
member	com.dongbat.jbump.util.IntIntMap$MapIterator#valid	sge.jbump.util.IntIntMap$MapIterator#valid	Renamed	-	com/dongbat/jbump/util/IntIntMap.java	674	2b925089abe5cd76	
member	com.dongbat.jbump.util.IntIntMap$Values#hasNext()	sge.jbump.util.IntIntMap$Values#hasNext()	Renamed	-	com/dongbat/jbump/util/IntIntMap.java	758	3148a6c677171db6	
member	com.dongbat.jbump.util.IntIntMap$Values#next()	sge.jbump.util.IntIntMap$Values#next()	Renamed	-	com/dongbat/jbump/util/IntIntMap.java	762	90e8920fe0b088c5	
member	com.dongbat.jbump.util.IntIntMap$Values#toArray()	sge.jbump.util.IntIntMap$Values#toArray()	Renamed	-	com/dongbat/jbump/util/IntIntMap.java	774	fdf0f3cdec622818	
member	com.dongbat.jbump.util.MathUtils#BIG_ENOUGH_CEIL	sge.jbump.util.MathUtils#BIG_ENOUGH_CEIL	Renamed	-	com/dongbat/jbump/util/MathUtils.java	280	99d4ad33977c0562	placement=companion vis=private
member	com.dongbat.jbump.util.MathUtils#BIG_ENOUGH_FLOOR	sge.jbump.util.MathUtils#BIG_ENOUGH_FLOOR	Renamed	-	com/dongbat/jbump/util/MathUtils.java	278	d717e5a305a4f292	placement=companion vis=private
member	com.dongbat.jbump.util.MathUtils#BIG_ENOUGH_INT	sge.jbump.util.MathUtils#BIG_ENOUGH_INT	Renamed	-	com/dongbat/jbump/util/MathUtils.java	277	001749989e681724	placement=companion vis=private
member	com.dongbat.jbump.util.MathUtils#BIG_ENOUGH_ROUND	sge.jbump.util.MathUtils#BIG_ENOUGH_ROUND	Renamed	-	com/dongbat/jbump/util/MathUtils.java	281	cffa23ea41cf977f	placement=companion vis=private
member	com.dongbat.jbump.util.MathUtils#CEIL	sge.jbump.util.MathUtils#CEIL	Renamed	-	com/dongbat/jbump/util/MathUtils.java	279	51eb35d5864ea11c	placement=companion vis=private
member	com.dongbat.jbump.util.MathUtils#E	sge.jbump.util.MathUtils#E	Renamed	-	com/dongbat/jbump/util/MathUtils.java	32	c4ec48ac7943e699	placement=companion
member	com.dongbat.jbump.util.MathUtils#FLOAT_ROUNDING_ERROR	sge.jbump.util.MathUtils#FLOAT_ROUNDING_ERROR	Renamed	-	com/dongbat/jbump/util/MathUtils.java	28	bf6ee4f01104b18c	placement=companion
member	com.dongbat.jbump.util.MathUtils#PI	sge.jbump.util.MathUtils#PI	Renamed	-	com/dongbat/jbump/util/MathUtils.java	29	ebd5b66605637494	placement=companion
member	com.dongbat.jbump.util.MathUtils#PI2	sge.jbump.util.MathUtils#PI2	Renamed	-	com/dongbat/jbump/util/MathUtils.java	30	7620a30448058b30	placement=companion
member	com.dongbat.jbump.util.MathUtils#SIN_BITS	sge.jbump.util.MathUtils#SIN_BITS	Renamed	-	com/dongbat/jbump/util/MathUtils.java	34	f850b164b32c5a07	placement=companion vis=private
member	com.dongbat.jbump.util.MathUtils#SIN_COUNT	sge.jbump.util.MathUtils#SIN_COUNT	Renamed	-	com/dongbat/jbump/util/MathUtils.java	36	075a7dda9c49a77f	placement=companion vis=private
member	com.dongbat.jbump.util.MathUtils#SIN_MASK	sge.jbump.util.MathUtils#SIN_MASK	Renamed	-	com/dongbat/jbump/util/MathUtils.java	35	935097831adb72fb	placement=companion vis=private
member	com.dongbat.jbump.util.MathUtils#atan2(float,float)	sge.jbump.util.MathUtils#atan2(float,float)	Renamed	-	com/dongbat/jbump/util/MathUtils.java	85	30bfa0125e51c6da	placement=companion
member	com.dongbat.jbump.util.MathUtils#ceil(float)	sge.jbump.util.MathUtils#ceil(float)	Renamed	-	com/dongbat/jbump/util/MathUtils.java	297	53c861076acfd001	placement=companion
member	com.dongbat.jbump.util.MathUtils#ceilPositive(float)	sge.jbump.util.MathUtils#ceilPositive(float)	Renamed	-	com/dongbat/jbump/util/MathUtils.java	303	c5731e450a1738ec	placement=companion
member	com.dongbat.jbump.util.MathUtils#clamp(double,double,double)	sge.jbump.util.MathUtils#clamp(double,double,double)	Renamed	-	com/dongbat/jbump/util/MathUtils.java	238	f640ba61222753c7	placement=companion
member	com.dongbat.jbump.util.MathUtils#clamp(float,float,float)	sge.jbump.util.MathUtils#clamp(float,float,float)	Renamed	-	com/dongbat/jbump/util/MathUtils.java	232	2e106091cfa1f9ba	placement=companion
member	com.dongbat.jbump.util.MathUtils#clamp(int,int,int)	sge.jbump.util.MathUtils#clamp(int,int,int)	Renamed	-	com/dongbat/jbump/util/MathUtils.java	220	a4da4b848f1e387e	placement=companion
member	com.dongbat.jbump.util.MathUtils#clamp(long,long,long)	sge.jbump.util.MathUtils#clamp(long,long,long)	Renamed	-	com/dongbat/jbump/util/MathUtils.java	226	4a41f0bcd28f8de2	placement=companion
member	com.dongbat.jbump.util.MathUtils#clamp(short,short,short)	sge.jbump.util.MathUtils#clamp(short,short,short)	Renamed	-	com/dongbat/jbump/util/MathUtils.java	214	383b129943b3a43b	placement=companion
member	com.dongbat.jbump.util.MathUtils#cos(float)	sge.jbump.util.MathUtils#cos(float)	Renamed	-	com/dongbat/jbump/util/MathUtils.java	67	1e51ebf8fb1740cb	placement=companion
member	com.dongbat.jbump.util.MathUtils#cosDeg(float)	sge.jbump.util.MathUtils#cosDeg(float)	Renamed	-	com/dongbat/jbump/util/MathUtils.java	77	e4dbc15e8bf3fa47	placement=companion
member	com.dongbat.jbump.util.MathUtils#degFull	sge.jbump.util.MathUtils#degFull	Renamed	-	com/dongbat/jbump/util/MathUtils.java	39	079d09a50c5b6859	placement=companion vis=private
member	com.dongbat.jbump.util.MathUtils#degRad	sge.jbump.util.MathUtils#degRad	Renamed	-	com/dongbat/jbump/util/MathUtils.java	48	7a4534686ec714fe	placement=companion
member	com.dongbat.jbump.util.MathUtils#degToIndex	sge.jbump.util.MathUtils#degToIndex	Renamed	-	com/dongbat/jbump/util/MathUtils.java	41	4a1e5b62c424aa06	placement=companion vis=private
member	com.dongbat.jbump.util.MathUtils#degreesToRadians	sge.jbump.util.MathUtils#degreesToRadians	Renamed	-	com/dongbat/jbump/util/MathUtils.java	47	280ed4537a5b350a	placement=companion
member	com.dongbat.jbump.util.MathUtils#floor(float)	sge.jbump.util.MathUtils#floor(float)	Renamed	-	com/dongbat/jbump/util/MathUtils.java	285	49d9852c4566d750	placement=companion
member	com.dongbat.jbump.util.MathUtils#floorPositive(float)	sge.jbump.util.MathUtils#floorPositive(float)	Renamed	-	com/dongbat/jbump/util/MathUtils.java	291	27091c9193f640e0	placement=companion
member	com.dongbat.jbump.util.MathUtils#isEqual(float,float)	sge.jbump.util.MathUtils#isEqual(float,float)	Renamed	-	com/dongbat/jbump/util/MathUtils.java	332	d3f19f9481d4ecbb	placement=companion
member	com.dongbat.jbump.util.MathUtils#isEqual(float,float,float)	sge.jbump.util.MathUtils#isEqual(float,float,float)	Renamed	-	com/dongbat/jbump/util/MathUtils.java	340	cb1e257271a449b6	placement=companion
member	com.dongbat.jbump.util.MathUtils#isPowerOfTwo(int)	sge.jbump.util.MathUtils#isPowerOfTwo(int)	Renamed	-	com/dongbat/jbump/util/MathUtils.java	208	8431d31216276a72	placement=companion
member	com.dongbat.jbump.util.MathUtils#isZero(float)	sge.jbump.util.MathUtils#isZero(float)	Renamed	-	com/dongbat/jbump/util/MathUtils.java	319	99be5fee2f802dd0	placement=companion
member	com.dongbat.jbump.util.MathUtils#isZero(float,float)	sge.jbump.util.MathUtils#isZero(float,float)	Renamed	-	com/dongbat/jbump/util/MathUtils.java	325	a833548b884932dd	placement=companion
member	com.dongbat.jbump.util.MathUtils#lerp(float,float,float)	sge.jbump.util.MathUtils#lerp(float,float,float)	Renamed	-	com/dongbat/jbump/util/MathUtils.java	247	9c2ed3001630806c	placement=companion
member	com.dongbat.jbump.util.MathUtils#lerpAngle(float,float,float)	sge.jbump.util.MathUtils#lerpAngle(float,float,float)	Renamed	-	com/dongbat/jbump/util/MathUtils.java	258	7c4ed1023cc4e652	placement=companion
member	com.dongbat.jbump.util.MathUtils#lerpAngleDeg(float,float,float)	sge.jbump.util.MathUtils#lerpAngleDeg(float,float,float)	Renamed	-	com/dongbat/jbump/util/MathUtils.java	270	dc241cb5404d55b7	placement=companion
member	com.dongbat.jbump.util.MathUtils#log(float,float)	sge.jbump.util.MathUtils#log(float,float)	Renamed	-	com/dongbat/jbump/util/MathUtils.java	345	4841cdaafc2fdab4	placement=companion
member	com.dongbat.jbump.util.MathUtils#log2(float)	sge.jbump.util.MathUtils#log2(float)	Renamed	-	com/dongbat/jbump/util/MathUtils.java	350	983c5c3ec55ba67a	placement=companion
member	com.dongbat.jbump.util.MathUtils#nanoToSec	sge.jbump.util.MathUtils#nanoToSec	Renamed	-	com/dongbat/jbump/util/MathUtils.java	25	c13756f66b726d14	placement=companion
member	com.dongbat.jbump.util.MathUtils#nextPowerOfTwo(int)	sge.jbump.util.MathUtils#nextPowerOfTwo(int)	Renamed	-	com/dongbat/jbump/util/MathUtils.java	197	c920b8954fc06d96	placement=companion
member	com.dongbat.jbump.util.MathUtils#radDeg	sge.jbump.util.MathUtils#radDeg	Renamed	-	com/dongbat/jbump/util/MathUtils.java	45	4ed74747de61cc17	placement=companion
member	com.dongbat.jbump.util.MathUtils#radFull	sge.jbump.util.MathUtils#radFull	Renamed	-	com/dongbat/jbump/util/MathUtils.java	38	168fedf4e95d477c	placement=companion vis=private
member	com.dongbat.jbump.util.MathUtils#radToIndex	sge.jbump.util.MathUtils#radToIndex	Renamed	-	com/dongbat/jbump/util/MathUtils.java	40	66a6c793c484fa30	placement=companion vis=private
member	com.dongbat.jbump.util.MathUtils#radiansToDegrees	sge.jbump.util.MathUtils#radiansToDegrees	Renamed	-	com/dongbat/jbump/util/MathUtils.java	44	3552db02d2a72355	placement=companion
member	com.dongbat.jbump.util.MathUtils#random	sge.jbump.util.MathUtils#random	Renamed	-	com/dongbat/jbump/util/MathUtils.java	103	0d21fe2007f3df45	name=random$field placement=companion
member	com.dongbat.jbump.util.MathUtils#random()	sge.jbump.util.MathUtils#random()	Renamed	-	com/dongbat/jbump/util/MathUtils.java	136	50c205188d24df4c	placement=companion
member	com.dongbat.jbump.util.MathUtils#random(float)	sge.jbump.util.MathUtils#random(float)	Renamed	-	com/dongbat/jbump/util/MathUtils.java	141	3e59236b549b471d	placement=companion
member	com.dongbat.jbump.util.MathUtils#random(float,float)	sge.jbump.util.MathUtils#random(float,float)	Renamed	-	com/dongbat/jbump/util/MathUtils.java	146	67228965383dc55e	placement=companion
member	com.dongbat.jbump.util.MathUtils#random(int)	sge.jbump.util.MathUtils#random(int)	Renamed	-	com/dongbat/jbump/util/MathUtils.java	106	e02793d985b6d3bd	placement=companion
member	com.dongbat.jbump.util.MathUtils#random(int,int)	sge.jbump.util.MathUtils#random(int,int)	Renamed	-	com/dongbat/jbump/util/MathUtils.java	111	ca80cd913b629862	placement=companion
member	com.dongbat.jbump.util.MathUtils#random(long)	sge.jbump.util.MathUtils#random(long)	Renamed	-	com/dongbat/jbump/util/MathUtils.java	116	9d2167994aa78892	placement=companion
member	com.dongbat.jbump.util.MathUtils#random(long,long)	sge.jbump.util.MathUtils#random(long,long)	Renamed	-	com/dongbat/jbump/util/MathUtils.java	121	89479ad5bf1c01df	placement=companion
member	com.dongbat.jbump.util.MathUtils#randomBoolean()	sge.jbump.util.MathUtils#randomBoolean()	Renamed	-	com/dongbat/jbump/util/MathUtils.java	126	cd77f845f0336d10	placement=companion
member	com.dongbat.jbump.util.MathUtils#randomBoolean(float)	sge.jbump.util.MathUtils#randomBoolean(float)	Renamed	-	com/dongbat/jbump/util/MathUtils.java	131	81d6dbfb113d6c59	placement=companion
member	com.dongbat.jbump.util.MathUtils#randomSign()	sge.jbump.util.MathUtils#randomSign()	Renamed	-	com/dongbat/jbump/util/MathUtils.java	151	57d1de9f4367c5bf	placement=companion
member	com.dongbat.jbump.util.MathUtils#randomTriangular()	sge.jbump.util.MathUtils#randomTriangular()	Renamed	-	com/dongbat/jbump/util/MathUtils.java	159	515b8de5d10a9274	placement=companion
member	com.dongbat.jbump.util.MathUtils#randomTriangular(float)	sge.jbump.util.MathUtils#randomTriangular(float)	Renamed	-	com/dongbat/jbump/util/MathUtils.java	168	93f5a3e891a31c1e	placement=companion
member	com.dongbat.jbump.util.MathUtils#randomTriangular(float,float)	sge.jbump.util.MathUtils#randomTriangular(float,float)	Renamed	-	com/dongbat/jbump/util/MathUtils.java	178	3b21da53c08a2aa7	placement=companion
member	com.dongbat.jbump.util.MathUtils#randomTriangular(float,float,float)	sge.jbump.util.MathUtils#randomTriangular(float,float,float)	Renamed	-	com/dongbat/jbump/util/MathUtils.java	187	10032beb78d4c9a0	placement=companion
member	com.dongbat.jbump.util.MathUtils#round(float)	sge.jbump.util.MathUtils#round(float)	Renamed	-	com/dongbat/jbump/util/MathUtils.java	309	0389e3e0e433f2d0	placement=companion
member	com.dongbat.jbump.util.MathUtils#roundPositive(float)	sge.jbump.util.MathUtils#roundPositive(float)	Renamed	-	com/dongbat/jbump/util/MathUtils.java	314	a89c77cdcb1f661d	placement=companion
member	com.dongbat.jbump.util.MathUtils#sin(float)	sge.jbump.util.MathUtils#sin(float)	Renamed	-	com/dongbat/jbump/util/MathUtils.java	62	65f4952436855d2d	placement=companion
member	com.dongbat.jbump.util.MathUtils#sinDeg(float)	sge.jbump.util.MathUtils#sinDeg(float)	Renamed	-	com/dongbat/jbump/util/MathUtils.java	72	69b9885b4b847883	placement=companion
member	com.dongbat.jbump.util.MathUtils$Sin#<clinit>	sge.jbump.util.MathUtils$Sin#<clinit>	Renamed	-	com/dongbat/jbump/util/MathUtils.java	53	7b3982edf9cd0ca0	placement=companion
member	com.dongbat.jbump.util.MathUtils$Sin#table	sge.jbump.util.MathUtils$Sin#table	Renamed	-	com/dongbat/jbump/util/MathUtils.java	51	73e4db9e014c298d	placement=companion
