# balticporter port map	schema=3	module=ssg-md-ext	engine=balticporter/0.1.0-SNAPSHOT	sources=f45aac0c9dfcf7dc	files=40	policy=935a52aab7bc20cd
#kind	upstream	emitted	disposition	body	javaPath	javaLine	digest	shape
type	com.vladsch.flexmark.ext.anchorlink.AnchorLink	ssg.md.ext.anchorlink.AnchorLink	Renamed	-		0		companion=yes form=class parents=ssg.md.util.ast.Node primary=() primaryKind=unique-root primaryVis=public
type	com.vladsch.flexmark.ext.anchorlink.AnchorLinkExtension	ssg.md.ext.anchorlink.AnchorLinkExtension	Renamed	-		0		companion=yes form=class parents=ssg.md.parser.Parser$ParserExtension,ssg.md.html.HtmlRenderer$HtmlRendererExtension primary=() primaryKind=unique-root primaryVis=private statics=ANCHORLINKS_ANCHOR_CLASS,ANCHORLINKS_NO_BLOCK_QUOTE,ANCHORLINKS_SET_ID,ANCHORLINKS_SET_NAME,ANCHORLINKS_TEXT_PREFIX,ANCHORLINKS_TEXT_SUFFIX,ANCHORLINKS_WRAP_TEXT,create
type	com.vladsch.flexmark.ext.anchorlink.AnchorLinkVisitor	ssg.md.ext.anchorlink.AnchorLinkVisitor	Renamed	-		0		form=trait
type	com.vladsch.flexmark.ext.anchorlink.AnchorLinkVisitorExt	ssg.md.ext.anchorlink.AnchorLinkVisitorExt	Renamed	-		0		form=object primary=() primaryKind=unique-root primaryVis=public
type	com.vladsch.flexmark.ext.anchorlink.internal.AnchorLinkNodePostProcessor	ssg.md.ext.anchorlink.internal.AnchorLinkNodePostProcessor	Renamed	-		0		companion=yes form=class parents=ssg.md.parser.block.NodePostProcessor primary=(DataHolder) primaryKind=unique-root primaryVis=public statics=Factory
type	com.vladsch.flexmark.ext.anchorlink.internal.AnchorLinkNodePostProcessor$Factory	ssg.md.ext.anchorlink.internal.AnchorLinkNodePostProcessor$Factory	Renamed	-		0		form=class parents=ssg.md.parser.block.NodePostProcessorFactory primary=(DataHolder) primaryKind=unique-root primaryVis=public
type	com.vladsch.flexmark.ext.anchorlink.internal.AnchorLinkNodeRenderer	ssg.md.ext.anchorlink.internal.AnchorLinkNodeRenderer	Renamed	-		0		companion=yes form=class parents=ssg.md.html.renderer.NodeRenderer primary=(DataHolder) primaryKind=unique-root primaryVis=public statics=Factory
type	com.vladsch.flexmark.ext.anchorlink.internal.AnchorLinkNodeRenderer$Factory	ssg.md.ext.anchorlink.internal.AnchorLinkNodeRenderer$Factory	Renamed	-		0		form=class parents=ssg.md.html.renderer.NodeRendererFactory primary=() primaryKind=unique-root primaryVis=public
type	com.vladsch.flexmark.ext.anchorlink.internal.AnchorLinkOptions	ssg.md.ext.anchorlink.internal.AnchorLinkOptions	Renamed	-		0		form=class primary=(DataHolder) primaryKind=unique-root primaryVis=public
type	com.vladsch.flexmark.ext.aside.AsideBlock	ssg.md.ext.aside.AsideBlock	Renamed	-		0		companion=yes form=class parents=ssg.md.util.ast.Block,ssg.md.util.ast.BlockQuoteLike,ssg.md.util.ast.KeepTrailingBlankLineContainer primary=() primaryKind=no-arg-root primaryVis=public secondaries=(BasedSequence);(BasedSequence,Buffer);(BlockContent)
type	com.vladsch.flexmark.ext.aside.AsideExtension	ssg.md.ext.aside.AsideExtension	Renamed	-		0		companion=yes form=class parents=ssg.md.parser.Parser$ParserExtension,ssg.md.html.HtmlRenderer$HtmlRendererExtension,ssg.md.formatter.Formatter$FormatterExtension primary=() primaryKind=unique-root primaryVis=private statics=ALLOW_LEADING_SPACE,EXTEND_TO_BLANK_LINE,IGNORE_BLANK_LINE,INTERRUPTS_ITEM_PARAGRAPH,INTERRUPTS_PARAGRAPH,WITH_LEAD_SPACES_INTERRUPTS_ITEM_PARAGRAPH,create
type	com.vladsch.flexmark.ext.aside.AsideVisitor	ssg.md.ext.aside.AsideVisitor	Renamed	-		0		form=trait
type	com.vladsch.flexmark.ext.aside.AsideVisitorExt	ssg.md.ext.aside.AsideVisitorExt	Renamed	-		0		form=object primary=() primaryKind=unique-root primaryVis=public
type	com.vladsch.flexmark.ext.aside.internal.AsideBlockParser	ssg.md.ext.aside.internal.AsideBlockParser	Renamed	-		0		companion=yes form=class parents=ssg.md.parser.block.AbstractBlockParser primary=(DataHolder,BasedSequence) primaryKind=unique-root primaryVis=public statics=AsideLeadInHandler,BlockFactory,Factory,MARKER_CHAR,endsWithMarker,isMarker
type	com.vladsch.flexmark.ext.aside.internal.AsideBlockParser$AsideLeadInHandler	ssg.md.ext.aside.internal.AsideBlockParser$AsideLeadInHandler	Renamed	-		0		form=object primary=() primaryKind=unique-root primaryVis=public
type	com.vladsch.flexmark.ext.aside.internal.AsideBlockParser$BlockFactory	ssg.md.ext.aside.internal.AsideBlockParser$BlockFactory	Renamed	-		0		form=class parents=ssg.md.parser.block.AbstractBlockParserFactory primary=(DataHolder) primaryKind=unique-root primaryVis=public
type	com.vladsch.flexmark.ext.aside.internal.AsideBlockParser$Factory	ssg.md.ext.aside.internal.AsideBlockParser$Factory	Renamed	-		0		form=class parents=ssg.md.parser.block.CustomBlockParserFactory primary=() primaryKind=unique-root primaryVis=public
type	com.vladsch.flexmark.ext.aside.internal.AsideNodeFormatter	ssg.md.ext.aside.internal.AsideNodeFormatter	Renamed	-		0		companion=yes form=class parents=ssg.md.formatter.NodeFormatter primary=(DataHolder) primaryKind=unique-root primaryVis=public statics=Factory
type	com.vladsch.flexmark.ext.aside.internal.AsideNodeFormatter$Factory	ssg.md.ext.aside.internal.AsideNodeFormatter$Factory	Renamed	-		0		form=class parents=ssg.md.formatter.NodeFormatterFactory primary=() primaryKind=unique-root primaryVis=public
type	com.vladsch.flexmark.ext.aside.internal.AsideNodeRenderer	ssg.md.ext.aside.internal.AsideNodeRenderer	Renamed	-		0		companion=yes form=class parents=ssg.md.html.renderer.NodeRenderer primary=(DataHolder) primaryKind=unique-root primaryVis=public statics=Factory
type	com.vladsch.flexmark.ext.aside.internal.AsideNodeRenderer$Factory	ssg.md.ext.aside.internal.AsideNodeRenderer$Factory	Renamed	-		0		form=class parents=ssg.md.html.renderer.NodeRendererFactory primary=() primaryKind=unique-root primaryVis=public
type	com.vladsch.flexmark.ext.aside.internal.AsideOptions	ssg.md.ext.aside.internal.AsideOptions	Renamed	-		0		form=class primary=(DataHolder) primaryKind=unique-root primaryVis=public
type	com.vladsch.flexmark.ext.escaped.character.EscapedCharacter	ssg.md.ext.escaped.character.EscapedCharacter	Renamed	-		0		companion=yes form=class parents=ssg.md.util.ast.Node,ssg.md.util.ast.DoNotDecorate primary=() primaryKind=no-arg-root primaryVis=public secondaries=(BasedSequence);(BasedSequence,BasedSequence)
type	com.vladsch.flexmark.ext.escaped.character.EscapedCharacterExtension	ssg.md.ext.escaped.character.EscapedCharacterExtension	Renamed	-		0		companion=yes form=class parents=ssg.md.parser.Parser$ParserExtension,ssg.md.html.HtmlRenderer$HtmlRendererExtension primary=() primaryKind=unique-root primaryVis=private statics=create
type	com.vladsch.flexmark.ext.escaped.character.EscapedCharacterVisitor	ssg.md.ext.escaped.character.EscapedCharacterVisitor	Renamed	-		0		form=trait
type	com.vladsch.flexmark.ext.escaped.character.EscapedCharacterVisitorExt	ssg.md.ext.escaped.character.EscapedCharacterVisitorExt	Renamed	-		0		form=object primary=() primaryKind=unique-root primaryVis=public
type	com.vladsch.flexmark.ext.escaped.character.internal.EscapedCharacterNodePostProcessor	ssg.md.ext.escaped.character.internal.EscapedCharacterNodePostProcessor	Renamed	-		0		companion=yes form=class parents=ssg.md.parser.block.NodePostProcessor primary=(Document) primaryKind=unique-root primaryVis=public statics=Factory
type	com.vladsch.flexmark.ext.escaped.character.internal.EscapedCharacterNodePostProcessor$Factory	ssg.md.ext.escaped.character.internal.EscapedCharacterNodePostProcessor$Factory	Renamed	-		0		form=class parents=ssg.md.parser.block.NodePostProcessorFactory primary=() primaryKind=unique-root primaryVis=public
type	com.vladsch.flexmark.ext.escaped.character.internal.EscapedCharacterNodeRenderer	ssg.md.ext.escaped.character.internal.EscapedCharacterNodeRenderer	Renamed	-		0		companion=yes form=class parents=ssg.md.html.renderer.NodeRenderer primary=(DataHolder) primaryKind=unique-root primaryVis=public statics=Factory
type	com.vladsch.flexmark.ext.escaped.character.internal.EscapedCharacterNodeRenderer$Factory	ssg.md.ext.escaped.character.internal.EscapedCharacterNodeRenderer$Factory	Renamed	-		0		form=class parents=ssg.md.html.renderer.NodeRendererFactory primary=() primaryKind=unique-root primaryVis=public
type	com.vladsch.flexmark.ext.escaped.character.internal.EscapedCharacterOptions	ssg.md.ext.escaped.character.internal.EscapedCharacterOptions	Renamed	-		0		form=class primary=(DataHolder) primaryKind=unique-root primaryVis=public
type	com.vladsch.flexmark.ext.ins.Ins	ssg.md.ext.ins.Ins	Renamed	-		0		companion=yes form=class parents=ssg.md.util.ast.Node,ssg.md.util.ast.DelimitedNode primary=() primaryKind=no-arg-root primaryVis=public secondaries=(BasedSequence);(BasedSequence,BasedSequence,BasedSequence);(BasedSequence,String)
type	com.vladsch.flexmark.ext.ins.InsExtension	ssg.md.ext.ins.InsExtension	Renamed	-		0		companion=yes form=class parents=ssg.md.parser.Parser$ParserExtension,ssg.md.html.HtmlRenderer$HtmlRendererExtension primary=() primaryKind=unique-root primaryVis=private statics=INS_STYLE_HTML_CLOSE,INS_STYLE_HTML_OPEN,create
type	com.vladsch.flexmark.ext.ins.InsVisitor	ssg.md.ext.ins.InsVisitor	Renamed	-		0		form=trait
type	com.vladsch.flexmark.ext.ins.InsVisitorExt	ssg.md.ext.ins.InsVisitorExt	Renamed	-		0		form=object primary=() primaryKind=unique-root primaryVis=public
type	com.vladsch.flexmark.ext.ins.internal.InsDelimiterProcessor	ssg.md.ext.ins.internal.InsDelimiterProcessor	Renamed	-		0		form=class parents=ssg.md.parser.delimiter.DelimiterProcessor primary=() primaryKind=unique-root primaryVis=public
type	com.vladsch.flexmark.ext.ins.internal.InsJiraRenderer	ssg.md.ext.ins.internal.InsJiraRenderer	Renamed	-		0		companion=yes form=class parents=ssg.md.html.renderer.NodeRenderer primary=(DataHolder) primaryKind=unique-root primaryVis=public statics=Factory
type	com.vladsch.flexmark.ext.ins.internal.InsJiraRenderer$Factory	ssg.md.ext.ins.internal.InsJiraRenderer$Factory	Renamed	-		0		form=class parents=ssg.md.html.renderer.NodeRendererFactory primary=() primaryKind=unique-root primaryVis=public
type	com.vladsch.flexmark.ext.ins.internal.InsNodeRenderer	ssg.md.ext.ins.internal.InsNodeRenderer	Renamed	-		0		companion=yes form=class parents=ssg.md.html.renderer.NodeRenderer primary=(DataHolder) primaryKind=unique-root primaryVis=public statics=Factory
type	com.vladsch.flexmark.ext.ins.internal.InsNodeRenderer$Factory	ssg.md.ext.ins.internal.InsNodeRenderer$Factory	Renamed	-		0		form=class parents=ssg.md.html.renderer.NodeRendererFactory primary=() primaryKind=unique-root primaryVis=public
type	com.vladsch.flexmark.ext.resizable.image.ResizableImage	ssg.md.ext.resizable.image.ResizableImage	Renamed	-		0		companion=yes form=class parents=ssg.md.util.ast.Node,ssg.md.util.ast.DoNotDecorate primary=(BasedSequence,BasedSequence,BasedSequence,BasedSequence) primaryKind=unique-root primaryVis=public
type	com.vladsch.flexmark.ext.resizable.image.ResizableImageExtension	ssg.md.ext.resizable.image.ResizableImageExtension	Renamed	-		0		companion=yes form=class parents=ssg.md.parser.Parser$ParserExtension,ssg.md.html.HtmlRenderer$HtmlRendererExtension primary=() primaryKind=unique-root primaryVis=private statics=create
type	com.vladsch.flexmark.ext.resizable.image.ResizableImageVisitor	ssg.md.ext.resizable.image.ResizableImageVisitor	Renamed	-		0		form=trait
type	com.vladsch.flexmark.ext.resizable.image.ResizableImageVisitorExt	ssg.md.ext.resizable.image.ResizableImageVisitorExt	Renamed	-		0		form=object primary=() primaryKind=unique-root primaryVis=public
type	com.vladsch.flexmark.ext.resizable.image.internal.ResizableImageInlineParserExtension	ssg.md.ext.resizable.image.internal.ResizableImageInlineParserExtension	Renamed	-		0		companion=yes form=class parents=ssg.md.parser.InlineParserExtension primary=(LightInlineParser) primaryKind=unique-root primaryVis=public statics=Factory,IMAGE_PATTERN
type	com.vladsch.flexmark.ext.resizable.image.internal.ResizableImageInlineParserExtension$Factory	ssg.md.ext.resizable.image.internal.ResizableImageInlineParserExtension$Factory	Renamed	-		0		form=class parents=ssg.md.parser.InlineParserExtensionFactory primary=() primaryKind=unique-root primaryVis=public
type	com.vladsch.flexmark.ext.resizable.image.internal.ResizableImageNodeRenderer	ssg.md.ext.resizable.image.internal.ResizableImageNodeRenderer	Renamed	-		0		companion=yes form=class parents=ssg.md.html.renderer.NodeRenderer primary=(DataHolder) primaryKind=unique-root primaryVis=public statics=Factory
type	com.vladsch.flexmark.ext.resizable.image.internal.ResizableImageNodeRenderer$Factory	ssg.md.ext.resizable.image.internal.ResizableImageNodeRenderer$Factory	Renamed	-		0		form=class parents=ssg.md.html.renderer.NodeRendererFactory primary=() primaryKind=unique-root primaryVis=public
type	com.vladsch.flexmark.ext.youtube.embedded.YouTubeLink	ssg.md.ext.youtube.embedded.YouTubeLink	Renamed	-		0		companion=yes form=class parents=ssg.md.ast.InlineLinkNode primary=() primaryKind=no-arg-root primaryVis=public secondaries=(Link)
type	com.vladsch.flexmark.ext.youtube.embedded.YouTubeLinkExtension	ssg.md.ext.youtube.embedded.YouTubeLinkExtension	Renamed	-		0		companion=yes form=class parents=ssg.md.parser.Parser$ParserExtension,ssg.md.html.HtmlRenderer$HtmlRendererExtension primary=() primaryKind=unique-root primaryVis=private statics=create
type	com.vladsch.flexmark.ext.youtube.embedded.YouTubeLinkVisitor	ssg.md.ext.youtube.embedded.YouTubeLinkVisitor	Renamed	-		0		form=trait
type	com.vladsch.flexmark.ext.youtube.embedded.YouTubeLinkVisitorExt	ssg.md.ext.youtube.embedded.YouTubeLinkVisitorExt	Renamed	-		0		form=object primary=() primaryKind=unique-root primaryVis=public
type	com.vladsch.flexmark.ext.youtube.embedded.internal.YouTubeLinkNodePostProcessor	ssg.md.ext.youtube.embedded.internal.YouTubeLinkNodePostProcessor	Renamed	-		0		companion=yes form=class parents=ssg.md.parser.block.NodePostProcessor primary=(DataHolder) primaryKind=unique-root primaryVis=public statics=Factory
type	com.vladsch.flexmark.ext.youtube.embedded.internal.YouTubeLinkNodePostProcessor$Factory	ssg.md.ext.youtube.embedded.internal.YouTubeLinkNodePostProcessor$Factory	Renamed	-		0		form=class parents=ssg.md.parser.block.NodePostProcessorFactory primary=(DataHolder) primaryKind=unique-root primaryVis=public
type	com.vladsch.flexmark.ext.youtube.embedded.internal.YouTubeLinkNodeRenderer	ssg.md.ext.youtube.embedded.internal.YouTubeLinkNodeRenderer	Renamed	-		0		companion=yes form=class parents=ssg.md.html.renderer.NodeRenderer primary=(DataHolder) primaryKind=unique-root primaryVis=public statics=Factory
type	com.vladsch.flexmark.ext.youtube.embedded.internal.YouTubeLinkNodeRenderer$Factory	ssg.md.ext.youtube.embedded.internal.YouTubeLinkNodeRenderer$Factory	Renamed	-		0		form=class parents=ssg.md.html.renderer.NodeRendererFactory primary=() primaryKind=unique-root primaryVis=public
type		balticporter.runtime.JavaCollection	Added	-		0		
type		balticporter.runtime.JavaCollections	Added	-		0		
type		balticporter.runtime.JavaEnumMap	Added	-		0		
type		balticporter.runtime.JavaEnumSet	Added	-		0		
type		balticporter.runtime.JavaIterable	Added	-		0		
type		balticporter.runtime.JavaIterator	Added	-		0		
type		balticporter.runtime.JavaListIterator	Added	-		0		
type		balticporter.runtime.JavaOptionalDouble	Added	-		0		
type		balticporter.runtime.JavaOptionalInt	Added	-		0		
type		balticporter.runtime.JavaOptionalLong	Added	-		0		
type		balticporter.runtime.JavaStack	Added	-		0		
member	com.vladsch.flexmark.ext.anchorlink.AnchorLink#getAstExtra(StringBuilder)	ssg.md.ext.anchorlink.AnchorLink#getAstExtra(StringBuilder)	Renamed	-	flexmark-ext-anchorlink/src/main/java/com/vladsch/flexmark/ext/anchorlink/AnchorLink.java	21	a02e0bfc1fc97596	
member	com.vladsch.flexmark.ext.anchorlink.AnchorLink#getSegments()	ssg.md.ext.anchorlink.AnchorLink#getSegments()	Renamed	-	flexmark-ext-anchorlink/src/main/java/com/vladsch/flexmark/ext/anchorlink/AnchorLink.java	16	2a8c37a5726a8369	
member	com.vladsch.flexmark.ext.anchorlink.AnchorLinkExtension#ANCHORLINKS_ANCHOR_CLASS	ssg.md.ext.anchorlink.AnchorLinkExtension#ANCHORLINKS_ANCHOR_CLASS	Renamed	-	flexmark-ext-anchorlink/src/main/java/com/vladsch/flexmark/ext/anchorlink/AnchorLinkExtension.java	22	5d1f41eae411ae32	placement=companion
member	com.vladsch.flexmark.ext.anchorlink.AnchorLinkExtension#ANCHORLINKS_NO_BLOCK_QUOTE	ssg.md.ext.anchorlink.AnchorLinkExtension#ANCHORLINKS_NO_BLOCK_QUOTE	Renamed	-	flexmark-ext-anchorlink/src/main/java/com/vladsch/flexmark/ext/anchorlink/AnchorLinkExtension.java	25	dc8af661c94fd93e	placement=companion
member	com.vladsch.flexmark.ext.anchorlink.AnchorLinkExtension#ANCHORLINKS_SET_ID	ssg.md.ext.anchorlink.AnchorLinkExtension#ANCHORLINKS_SET_ID	Renamed	-	flexmark-ext-anchorlink/src/main/java/com/vladsch/flexmark/ext/anchorlink/AnchorLinkExtension.java	24	2c3286ffec12345e	placement=companion
member	com.vladsch.flexmark.ext.anchorlink.AnchorLinkExtension#ANCHORLINKS_SET_NAME	ssg.md.ext.anchorlink.AnchorLinkExtension#ANCHORLINKS_SET_NAME	Renamed	-	flexmark-ext-anchorlink/src/main/java/com/vladsch/flexmark/ext/anchorlink/AnchorLinkExtension.java	23	16b6c68744f8df64	placement=companion
member	com.vladsch.flexmark.ext.anchorlink.AnchorLinkExtension#ANCHORLINKS_TEXT_PREFIX	ssg.md.ext.anchorlink.AnchorLinkExtension#ANCHORLINKS_TEXT_PREFIX	Renamed	-	flexmark-ext-anchorlink/src/main/java/com/vladsch/flexmark/ext/anchorlink/AnchorLinkExtension.java	20	161c07877d9ec0ce	placement=companion
member	com.vladsch.flexmark.ext.anchorlink.AnchorLinkExtension#ANCHORLINKS_TEXT_SUFFIX	ssg.md.ext.anchorlink.AnchorLinkExtension#ANCHORLINKS_TEXT_SUFFIX	Renamed	-	flexmark-ext-anchorlink/src/main/java/com/vladsch/flexmark/ext/anchorlink/AnchorLinkExtension.java	21	41bde56a3f1a7ddb	placement=companion
member	com.vladsch.flexmark.ext.anchorlink.AnchorLinkExtension#ANCHORLINKS_WRAP_TEXT	ssg.md.ext.anchorlink.AnchorLinkExtension#ANCHORLINKS_WRAP_TEXT	Renamed	-	flexmark-ext-anchorlink/src/main/java/com/vladsch/flexmark/ext/anchorlink/AnchorLinkExtension.java	19	ae5b9472eee88274	placement=companion
member	com.vladsch.flexmark.ext.anchorlink.AnchorLinkExtension#create()	ssg.md.ext.anchorlink.AnchorLinkExtension#create()	Renamed	-	flexmark-ext-anchorlink/src/main/java/com/vladsch/flexmark/ext/anchorlink/AnchorLinkExtension.java	30	7d885585ddc868ea	placement=companion
member	com.vladsch.flexmark.ext.anchorlink.AnchorLinkExtension#extend(Builder)	ssg.md.ext.anchorlink.AnchorLinkExtension#extend(Builder)	Renamed	-	flexmark-ext-anchorlink/src/main/java/com/vladsch/flexmark/ext/anchorlink/AnchorLinkExtension.java	35	548ec9676460592e	
member	com.vladsch.flexmark.ext.anchorlink.AnchorLinkExtension#extend(Builder,String)	ssg.md.ext.anchorlink.AnchorLinkExtension#extend(Builder,String)	Renamed	-	flexmark-ext-anchorlink/src/main/java/com/vladsch/flexmark/ext/anchorlink/AnchorLinkExtension.java	50	9864a343393b136c	
member	com.vladsch.flexmark.ext.anchorlink.AnchorLinkExtension#parserOptions(MutableDataHolder)	ssg.md.ext.anchorlink.AnchorLinkExtension#parserOptions(MutableDataHolder)	Renamed	-	flexmark-ext-anchorlink/src/main/java/com/vladsch/flexmark/ext/anchorlink/AnchorLinkExtension.java	45	55bdf57bb16d44c0	
member	com.vladsch.flexmark.ext.anchorlink.AnchorLinkExtension#rendererOptions(MutableDataHolder)	ssg.md.ext.anchorlink.AnchorLinkExtension#rendererOptions(MutableDataHolder)	Renamed	-	flexmark-ext-anchorlink/src/main/java/com/vladsch/flexmark/ext/anchorlink/AnchorLinkExtension.java	40	e3e165e739f41514	
member	com.vladsch.flexmark.ext.anchorlink.AnchorLinkVisitor#visit(AnchorLink)	ssg.md.ext.anchorlink.AnchorLinkVisitor#visit(AnchorLink)	Renamed	-	flexmark-ext-anchorlink/src/main/java/com/vladsch/flexmark/ext/anchorlink/AnchorLinkVisitor.java	4	052122807c5135bf	
member	com.vladsch.flexmark.ext.anchorlink.AnchorLinkVisitorExt#VISIT_HANDLERS(V)	ssg.md.ext.anchorlink.AnchorLinkVisitorExt#VISIT_HANDLERS(V)	Renamed	-	flexmark-ext-anchorlink/src/main/java/com/vladsch/flexmark/ext/anchorlink/AnchorLinkVisitorExt.java	6	a00e1a536fa64eb1	placement=companion
member	com.vladsch.flexmark.ext.anchorlink.internal.AnchorLinkNodePostProcessor#<stmt1>	ssg.md.ext.anchorlink.internal.AnchorLinkNodePostProcessor#<stmt1>	Renamed	-	flexmark-ext-anchorlink/src/main/java/com/vladsch/flexmark/ext/anchorlink/internal/AnchorLinkNodePostProcessor.java	20	7b1e1f76cbe7b78d	
member	com.vladsch.flexmark.ext.anchorlink.internal.AnchorLinkNodePostProcessor#options	ssg.md.ext.anchorlink.internal.AnchorLinkNodePostProcessor#options	Renamed	-	flexmark-ext-anchorlink/src/main/java/com/vladsch/flexmark/ext/anchorlink/internal/AnchorLinkNodePostProcessor.java	17	1ce53ea290082187	vis=private
member	com.vladsch.flexmark.ext.anchorlink.internal.AnchorLinkNodePostProcessor#process(NodeTracker,Node)	ssg.md.ext.anchorlink.internal.AnchorLinkNodePostProcessor#process(NodeTracker,Node)	Renamed	-	flexmark-ext-anchorlink/src/main/java/com/vladsch/flexmark/ext/anchorlink/internal/AnchorLinkNodePostProcessor.java	24	a37889994abd2108	
member	com.vladsch.flexmark.ext.anchorlink.internal.AnchorLinkNodePostProcessor$Factory#<stmt1>	ssg.md.ext.anchorlink.internal.AnchorLinkNodePostProcessor$Factory#<stmt1>	Renamed	-	flexmark-ext-anchorlink/src/main/java/com/vladsch/flexmark/ext/anchorlink/internal/AnchorLinkNodePostProcessor.java	53	230319a954f0023a	
member	com.vladsch.flexmark.ext.anchorlink.internal.AnchorLinkNodePostProcessor$Factory#apply(Document)	ssg.md.ext.anchorlink.internal.AnchorLinkNodePostProcessor$Factory#apply(Document)	Renamed	-	flexmark-ext-anchorlink/src/main/java/com/vladsch/flexmark/ext/anchorlink/internal/AnchorLinkNodePostProcessor.java	62	ac0474a9084ec100	
member	com.vladsch.flexmark.ext.anchorlink.internal.AnchorLinkNodeRenderer#<stmt1>	ssg.md.ext.anchorlink.internal.AnchorLinkNodeRenderer#<stmt1>	Renamed	-	flexmark-ext-anchorlink/src/main/java/com/vladsch/flexmark/ext/anchorlink/internal/AnchorLinkNodeRenderer.java	19	7b1e1f76cbe7b78d	
member	com.vladsch.flexmark.ext.anchorlink.internal.AnchorLinkNodeRenderer#getNodeRenderingHandlers()	ssg.md.ext.anchorlink.internal.AnchorLinkNodeRenderer#getNodeRenderingHandlers()	Renamed	-	flexmark-ext-anchorlink/src/main/java/com/vladsch/flexmark/ext/anchorlink/internal/AnchorLinkNodeRenderer.java	23	7e05f42b1dc5c895	
member	com.vladsch.flexmark.ext.anchorlink.internal.AnchorLinkNodeRenderer#options	ssg.md.ext.anchorlink.internal.AnchorLinkNodeRenderer#options	Renamed	-	flexmark-ext-anchorlink/src/main/java/com/vladsch/flexmark/ext/anchorlink/internal/AnchorLinkNodeRenderer.java	16	1ce53ea290082187	vis=private
member	com.vladsch.flexmark.ext.anchorlink.internal.AnchorLinkNodeRenderer#render(AnchorLink,NodeRendererContext,HtmlWriter)	ssg.md.ext.anchorlink.internal.AnchorLinkNodeRenderer#render(AnchorLink,NodeRendererContext,HtmlWriter)	Renamed	-	flexmark-ext-anchorlink/src/main/java/com/vladsch/flexmark/ext/anchorlink/internal/AnchorLinkNodeRenderer.java	29	b47051fc84190ac6	vis=private
member	com.vladsch.flexmark.ext.anchorlink.internal.AnchorLinkNodeRenderer$Factory#apply(DataHolder)	ssg.md.ext.anchorlink.internal.AnchorLinkNodeRenderer$Factory#apply(DataHolder)	Renamed	-	flexmark-ext-anchorlink/src/main/java/com/vladsch/flexmark/ext/anchorlink/internal/AnchorLinkNodeRenderer.java	65	20555b762baf18eb	
member	com.vladsch.flexmark.ext.anchorlink.internal.AnchorLinkOptions#<stmt1>	ssg.md.ext.anchorlink.internal.AnchorLinkOptions#<stmt1>	Renamed	-	flexmark-ext-anchorlink/src/main/java/com/vladsch/flexmark/ext/anchorlink/internal/AnchorLinkOptions.java	16	221df465448c007f	
member	com.vladsch.flexmark.ext.anchorlink.internal.AnchorLinkOptions#<stmt2>	ssg.md.ext.anchorlink.internal.AnchorLinkOptions#<stmt2>	Renamed	-	flexmark-ext-anchorlink/src/main/java/com/vladsch/flexmark/ext/anchorlink/internal/AnchorLinkOptions.java	17	ce9b7a3245a2ab8a	
member	com.vladsch.flexmark.ext.anchorlink.internal.AnchorLinkOptions#<stmt3>	ssg.md.ext.anchorlink.internal.AnchorLinkOptions#<stmt3>	Renamed	-	flexmark-ext-anchorlink/src/main/java/com/vladsch/flexmark/ext/anchorlink/internal/AnchorLinkOptions.java	18	b84ce86961b16dff	
member	com.vladsch.flexmark.ext.anchorlink.internal.AnchorLinkOptions#<stmt4>	ssg.md.ext.anchorlink.internal.AnchorLinkOptions#<stmt4>	Renamed	-	flexmark-ext-anchorlink/src/main/java/com/vladsch/flexmark/ext/anchorlink/internal/AnchorLinkOptions.java	19	8eb4fe82c8175fba	
member	com.vladsch.flexmark.ext.anchorlink.internal.AnchorLinkOptions#<stmt5>	ssg.md.ext.anchorlink.internal.AnchorLinkOptions#<stmt5>	Renamed	-	flexmark-ext-anchorlink/src/main/java/com/vladsch/flexmark/ext/anchorlink/internal/AnchorLinkOptions.java	20	41e124d0aad68ab9	
member	com.vladsch.flexmark.ext.anchorlink.internal.AnchorLinkOptions#<stmt6>	ssg.md.ext.anchorlink.internal.AnchorLinkOptions#<stmt6>	Renamed	-	flexmark-ext-anchorlink/src/main/java/com/vladsch/flexmark/ext/anchorlink/internal/AnchorLinkOptions.java	21	f2ad72622f12964b	
member	com.vladsch.flexmark.ext.anchorlink.internal.AnchorLinkOptions#<stmt7>	ssg.md.ext.anchorlink.internal.AnchorLinkOptions#<stmt7>	Renamed	-	flexmark-ext-anchorlink/src/main/java/com/vladsch/flexmark/ext/anchorlink/internal/AnchorLinkOptions.java	22	8ab0167fb48fdcc2	
member	com.vladsch.flexmark.ext.anchorlink.internal.AnchorLinkOptions#anchorClass	ssg.md.ext.anchorlink.internal.AnchorLinkOptions#anchorClass	Renamed	-	flexmark-ext-anchorlink/src/main/java/com/vladsch/flexmark/ext/anchorlink/internal/AnchorLinkOptions.java	10	0bf28eade449ac70	
member	com.vladsch.flexmark.ext.anchorlink.internal.AnchorLinkOptions#noBlockQuotes	ssg.md.ext.anchorlink.internal.AnchorLinkOptions#noBlockQuotes	Renamed	-	flexmark-ext-anchorlink/src/main/java/com/vladsch/flexmark/ext/anchorlink/internal/AnchorLinkOptions.java	13	4be6b9cdfcc51f71	
member	com.vladsch.flexmark.ext.anchorlink.internal.AnchorLinkOptions#setId	ssg.md.ext.anchorlink.internal.AnchorLinkOptions#setId	Renamed	-	flexmark-ext-anchorlink/src/main/java/com/vladsch/flexmark/ext/anchorlink/internal/AnchorLinkOptions.java	12	30db953a160c1f54	
member	com.vladsch.flexmark.ext.anchorlink.internal.AnchorLinkOptions#setName	ssg.md.ext.anchorlink.internal.AnchorLinkOptions#setName	Renamed	-	flexmark-ext-anchorlink/src/main/java/com/vladsch/flexmark/ext/anchorlink/internal/AnchorLinkOptions.java	11	918fb8adff61e34a	
member	com.vladsch.flexmark.ext.anchorlink.internal.AnchorLinkOptions#textPrefix	ssg.md.ext.anchorlink.internal.AnchorLinkOptions#textPrefix	Renamed	-	flexmark-ext-anchorlink/src/main/java/com/vladsch/flexmark/ext/anchorlink/internal/AnchorLinkOptions.java	8	ce3979b91a1963be	
member	com.vladsch.flexmark.ext.anchorlink.internal.AnchorLinkOptions#textSuffix	ssg.md.ext.anchorlink.internal.AnchorLinkOptions#textSuffix	Renamed	-	flexmark-ext-anchorlink/src/main/java/com/vladsch/flexmark/ext/anchorlink/internal/AnchorLinkOptions.java	9	b0eab9efa45107c0	
member	com.vladsch.flexmark.ext.anchorlink.internal.AnchorLinkOptions#wrapText	ssg.md.ext.anchorlink.internal.AnchorLinkOptions#wrapText	Renamed	-	flexmark-ext-anchorlink/src/main/java/com/vladsch/flexmark/ext/anchorlink/internal/AnchorLinkOptions.java	7	e6a5ff63303718b6	
member	com.vladsch.flexmark.ext.aside.AsideBlock#<init>(BasedSequence)	ssg.md.ext.aside.AsideBlock#<init>(BasedSequence)	Renamed	-	flexmark-ext-aside/src/main/java/com/vladsch/flexmark/ext/aside/AsideBlock.java	32	2f5cfc98896beb36	
member	com.vladsch.flexmark.ext.aside.AsideBlock#<init>(BasedSequence,Buffer)	ssg.md.ext.aside.AsideBlock#<init>(BasedSequence,Buffer<BasedSequence>)	Renamed	-	flexmark-ext-aside/src/main/java/com/vladsch/flexmark/ext/aside/AsideBlock.java	36	05f7a73bfc49f008	
member	com.vladsch.flexmark.ext.aside.AsideBlock#<init>(BlockContent)	ssg.md.ext.aside.AsideBlock#<init>(BlockContent)	Renamed	-	flexmark-ext-aside/src/main/java/com/vladsch/flexmark/ext/aside/AsideBlock.java	40	946a0b5b2a8b08b5	
member	com.vladsch.flexmark.ext.aside.AsideBlock#getAstExtra(StringBuilder)	ssg.md.ext.aside.AsideBlock#getAstExtra(StringBuilder)	Renamed	-	flexmark-ext-aside/src/main/java/com/vladsch/flexmark/ext/aside/AsideBlock.java	19	e29eba78db947ea9	
member	com.vladsch.flexmark.ext.aside.AsideBlock#getOpeningMarker()	ssg.md.ext.aside.AsideBlock#getOpeningMarker()	Renamed	-	flexmark-ext-aside/src/main/java/com/vladsch/flexmark/ext/aside/AsideBlock.java	44	1d7ea00c1329db9b	
member	com.vladsch.flexmark.ext.aside.AsideBlock#getSegments()	ssg.md.ext.aside.AsideBlock#getSegments()	Renamed	-	flexmark-ext-aside/src/main/java/com/vladsch/flexmark/ext/aside/AsideBlock.java	25	8e71f1ddaaf87d90	
member	com.vladsch.flexmark.ext.aside.AsideBlock#openingMarker	ssg.md.ext.aside.AsideBlock#openingMarker	Renamed	-	flexmark-ext-aside/src/main/java/com/vladsch/flexmark/ext/aside/AsideBlock.java	16	52bea24936b365bf	vis=private
member	com.vladsch.flexmark.ext.aside.AsideBlock#setOpeningMarker(BasedSequence)	ssg.md.ext.aside.AsideBlock#setOpeningMarker(BasedSequence)	Renamed	-	flexmark-ext-aside/src/main/java/com/vladsch/flexmark/ext/aside/AsideBlock.java	48	1f85000de7611c5c	
member	com.vladsch.flexmark.ext.aside.AsideExtension#ALLOW_LEADING_SPACE	ssg.md.ext.aside.AsideExtension#ALLOW_LEADING_SPACE	Renamed	-	flexmark-ext-aside/src/main/java/com/vladsch/flexmark/ext/aside/AsideExtension.java	23	03009ec1fa621aea	placement=companion
member	com.vladsch.flexmark.ext.aside.AsideExtension#EXTEND_TO_BLANK_LINE	ssg.md.ext.aside.AsideExtension#EXTEND_TO_BLANK_LINE	Renamed	-	flexmark-ext-aside/src/main/java/com/vladsch/flexmark/ext/aside/AsideExtension.java	21	21ebc588ee75a280	placement=companion
member	com.vladsch.flexmark.ext.aside.AsideExtension#IGNORE_BLANK_LINE	ssg.md.ext.aside.AsideExtension#IGNORE_BLANK_LINE	Renamed	-	flexmark-ext-aside/src/main/java/com/vladsch/flexmark/ext/aside/AsideExtension.java	22	4f2d8f8f238c1f47	placement=companion
member	com.vladsch.flexmark.ext.aside.AsideExtension#INTERRUPTS_ITEM_PARAGRAPH	ssg.md.ext.aside.AsideExtension#INTERRUPTS_ITEM_PARAGRAPH	Renamed	-	flexmark-ext-aside/src/main/java/com/vladsch/flexmark/ext/aside/AsideExtension.java	25	8eb4d43f96734102	placement=companion
member	com.vladsch.flexmark.ext.aside.AsideExtension#INTERRUPTS_PARAGRAPH	ssg.md.ext.aside.AsideExtension#INTERRUPTS_PARAGRAPH	Renamed	-	flexmark-ext-aside/src/main/java/com/vladsch/flexmark/ext/aside/AsideExtension.java	24	09f04894adef6900	placement=companion
member	com.vladsch.flexmark.ext.aside.AsideExtension#WITH_LEAD_SPACES_INTERRUPTS_ITEM_PARAGRAPH	ssg.md.ext.aside.AsideExtension#WITH_LEAD_SPACES_INTERRUPTS_ITEM_PARAGRAPH	Renamed	-	flexmark-ext-aside/src/main/java/com/vladsch/flexmark/ext/aside/AsideExtension.java	26	87abd99e5ed823cf	placement=companion
member	com.vladsch.flexmark.ext.aside.AsideExtension#create()	ssg.md.ext.aside.AsideExtension#create()	Renamed	-	flexmark-ext-aside/src/main/java/com/vladsch/flexmark/ext/aside/AsideExtension.java	31	f6333b9b5d4d6303	placement=companion
member	com.vladsch.flexmark.ext.aside.AsideExtension#extend(Builder)	ssg.md.ext.aside.AsideExtension#extend(Builder)	Renamed	-	flexmark-ext-aside/src/main/java/com/vladsch/flexmark/ext/aside/AsideExtension.java	46	2de6492446ba15f9	
member	com.vladsch.flexmark.ext.aside.AsideExtension#extend(Builder)	ssg.md.ext.aside.AsideExtension#extend(Builder)	Renamed	-	flexmark-ext-aside/src/main/java/com/vladsch/flexmark/ext/aside/AsideExtension.java	51	c7b41b4a62b32c37	
member	com.vladsch.flexmark.ext.aside.AsideExtension#extend(Builder,String)	ssg.md.ext.aside.AsideExtension#extend(Builder,String)	Renamed	-	flexmark-ext-aside/src/main/java/com/vladsch/flexmark/ext/aside/AsideExtension.java	56	b2f092bc6a421a5d	
member	com.vladsch.flexmark.ext.aside.AsideExtension#parserOptions(MutableDataHolder)	ssg.md.ext.aside.AsideExtension#parserOptions(MutableDataHolder)	Renamed	-	flexmark-ext-aside/src/main/java/com/vladsch/flexmark/ext/aside/AsideExtension.java	41	55bdf57bb16d44c0	
member	com.vladsch.flexmark.ext.aside.AsideExtension#rendererOptions(MutableDataHolder)	ssg.md.ext.aside.AsideExtension#rendererOptions(MutableDataHolder)	Renamed	-	flexmark-ext-aside/src/main/java/com/vladsch/flexmark/ext/aside/AsideExtension.java	36	e3e165e739f41514	
member	com.vladsch.flexmark.ext.aside.AsideVisitor#visit(AsideBlock)	ssg.md.ext.aside.AsideVisitor#visit(AsideBlock)	Renamed	-	flexmark-ext-aside/src/main/java/com/vladsch/flexmark/ext/aside/AsideVisitor.java	4	1c0ab79a805c5b2a	
member	com.vladsch.flexmark.ext.aside.AsideVisitorExt#VISIT_HANDLERS(V)	ssg.md.ext.aside.AsideVisitorExt#VISIT_HANDLERS(V)	Renamed	-	flexmark-ext-aside/src/main/java/com/vladsch/flexmark/ext/aside/AsideVisitorExt.java	6	cc84ef626d709e2f	placement=companion
member	com.vladsch.flexmark.ext.aside.internal.AsideBlockParser#<stmt1>	ssg.md.ext.aside.internal.AsideBlockParser#<stmt1>	Renamed	-	flexmark-ext-aside/src/main/java/com/vladsch/flexmark/ext/aside/internal/AsideBlockParser.java	36	7f978bafecdbc027	
member	com.vladsch.flexmark.ext.aside.internal.AsideBlockParser#<stmt2>	ssg.md.ext.aside.internal.AsideBlockParser#<stmt2>	Renamed	-	flexmark-ext-aside/src/main/java/com/vladsch/flexmark/ext/aside/internal/AsideBlockParser.java	37	398fd83b9a339357	
member	com.vladsch.flexmark.ext.aside.internal.AsideBlockParser#<stmt3>	ssg.md.ext.aside.internal.AsideBlockParser#<stmt3>	Renamed	-	flexmark-ext-aside/src/main/java/com/vladsch/flexmark/ext/aside/internal/AsideBlockParser.java	38	68e074451d30c648	
member	com.vladsch.flexmark.ext.aside.internal.AsideBlockParser#<stmt4>	ssg.md.ext.aside.internal.AsideBlockParser#<stmt4>	Renamed	-	flexmark-ext-aside/src/main/java/com/vladsch/flexmark/ext/aside/internal/AsideBlockParser.java	39	b09d29948c99df47	
member	com.vladsch.flexmark.ext.aside.internal.AsideBlockParser#<stmt5>	ssg.md.ext.aside.internal.AsideBlockParser#<stmt5>	Renamed	-	flexmark-ext-aside/src/main/java/com/vladsch/flexmark/ext/aside/internal/AsideBlockParser.java	40	b324e65a6b18b17d	
member	com.vladsch.flexmark.ext.aside.internal.AsideBlockParser#<stmt6>	ssg.md.ext.aside.internal.AsideBlockParser#<stmt6>	Renamed	-	flexmark-ext-aside/src/main/java/com/vladsch/flexmark/ext/aside/internal/AsideBlockParser.java	41	a8a761270813bc71	
member	com.vladsch.flexmark.ext.aside.internal.AsideBlockParser#<stmt7>	ssg.md.ext.aside.internal.AsideBlockParser#<stmt7>	Renamed	-	flexmark-ext-aside/src/main/java/com/vladsch/flexmark/ext/aside/internal/AsideBlockParser.java	42	f674bada761f2f28	
member	com.vladsch.flexmark.ext.aside.internal.AsideBlockParser#MARKER_CHAR	ssg.md.ext.aside.internal.AsideBlockParser#MARKER_CHAR	Renamed	-	flexmark-ext-aside/src/main/java/com/vladsch/flexmark/ext/aside/internal/AsideBlockParser.java	25	9daea16f4bcd47c1	placement=companion
member	com.vladsch.flexmark.ext.aside.internal.AsideBlockParser#allowLeadingSpace	ssg.md.ext.aside.internal.AsideBlockParser#allowLeadingSpace	Renamed	-	flexmark-ext-aside/src/main/java/com/vladsch/flexmark/ext/aside/internal/AsideBlockParser.java	27	70f6771b6be743f3	vis=private
member	com.vladsch.flexmark.ext.aside.internal.AsideBlockParser#block	ssg.md.ext.aside.internal.AsideBlockParser#block	Renamed	-	flexmark-ext-aside/src/main/java/com/vladsch/flexmark/ext/aside/internal/AsideBlockParser.java	26	e9137c9ed3557511	vis=private
member	com.vladsch.flexmark.ext.aside.internal.AsideBlockParser#canContain(ParserState,BlockParser,Block)	ssg.md.ext.aside.internal.AsideBlockParser#canContain(ParserState,BlockParser,Block)	Renamed	-	flexmark-ext-aside/src/main/java/com/vladsch/flexmark/ext/aside/internal/AsideBlockParser.java	56	87dd2637a0b53e9a	
member	com.vladsch.flexmark.ext.aside.internal.AsideBlockParser#closeBlock(ParserState)	ssg.md.ext.aside.internal.AsideBlockParser#closeBlock(ParserState)	Renamed	-	flexmark-ext-aside/src/main/java/com/vladsch/flexmark/ext/aside/internal/AsideBlockParser.java	66	dbd87f8cb8590dfa	
member	com.vladsch.flexmark.ext.aside.internal.AsideBlockParser#continueToBlankLine	ssg.md.ext.aside.internal.AsideBlockParser#continueToBlankLine	Renamed	-	flexmark-ext-aside/src/main/java/com/vladsch/flexmark/ext/aside/internal/AsideBlockParser.java	28	c077876b565f780e	vis=private
member	com.vladsch.flexmark.ext.aside.internal.AsideBlockParser#endsWithMarker(BasedSequence)	ssg.md.ext.aside.internal.AsideBlockParser#endsWithMarker(BasedSequence)	Renamed	-	flexmark-ext-aside/src/main/java/com/vladsch/flexmark/ext/aside/internal/AsideBlockParser.java	123	9ee64eab2de26484	placement=companion
member	com.vladsch.flexmark.ext.aside.internal.AsideBlockParser#getBlock()	ssg.md.ext.aside.internal.AsideBlockParser#getBlock()	Renamed	-	flexmark-ext-aside/src/main/java/com/vladsch/flexmark/ext/aside/internal/AsideBlockParser.java	61	eb5ef587b3e4adbb	
member	com.vladsch.flexmark.ext.aside.internal.AsideBlockParser#ignoreBlankLine	ssg.md.ext.aside.internal.AsideBlockParser#ignoreBlankLine	Renamed	-	flexmark-ext-aside/src/main/java/com/vladsch/flexmark/ext/aside/internal/AsideBlockParser.java	29	fef5a36072204124	vis=private
member	com.vladsch.flexmark.ext.aside.internal.AsideBlockParser#interruptsItemParagraph	ssg.md.ext.aside.internal.AsideBlockParser#interruptsItemParagraph	Renamed	-	flexmark-ext-aside/src/main/java/com/vladsch/flexmark/ext/aside/internal/AsideBlockParser.java	31	735911686529c141	vis=private
member	com.vladsch.flexmark.ext.aside.internal.AsideBlockParser#interruptsParagraph	ssg.md.ext.aside.internal.AsideBlockParser#interruptsParagraph	Renamed	-	flexmark-ext-aside/src/main/java/com/vladsch/flexmark/ext/aside/internal/AsideBlockParser.java	30	5d3ba1b9a4d4758a	vis=private
member	com.vladsch.flexmark.ext.aside.internal.AsideBlockParser#isContainer()	ssg.md.ext.aside.internal.AsideBlockParser#isContainer()	Renamed	-	flexmark-ext-aside/src/main/java/com/vladsch/flexmark/ext/aside/internal/AsideBlockParser.java	46	796833c6861d0bcf	
member	com.vladsch.flexmark.ext.aside.internal.AsideBlockParser#isMarker(ParserState,int,boolean,boolean,boolean,boolean,boolean,boolean)	ssg.md.ext.aside.internal.AsideBlockParser#isMarker(ParserState,int,boolean,boolean,boolean,boolean,boolean,boolean)	Renamed	-	flexmark-ext-aside/src/main/java/com/vladsch/flexmark/ext/aside/internal/AsideBlockParser.java	100	e9249790d04af06c	placement=companion
member	com.vladsch.flexmark.ext.aside.internal.AsideBlockParser#isPropagatingLastBlankLine(BlockParser)	ssg.md.ext.aside.internal.AsideBlockParser#isPropagatingLastBlankLine(BlockParser)	Renamed	-	flexmark-ext-aside/src/main/java/com/vladsch/flexmark/ext/aside/internal/AsideBlockParser.java	51	2f12b66745788636	
member	com.vladsch.flexmark.ext.aside.internal.AsideBlockParser#lastWasBlankLine	ssg.md.ext.aside.internal.AsideBlockParser#lastWasBlankLine	Renamed	-	flexmark-ext-aside/src/main/java/com/vladsch/flexmark/ext/aside/internal/AsideBlockParser.java	33	c7374c8d55822c2f	vis=private
member	com.vladsch.flexmark.ext.aside.internal.AsideBlockParser#tryContinue(ParserState)	ssg.md.ext.aside.internal.AsideBlockParser#tryContinue(ParserState)	Renamed	-	flexmark-ext-aside/src/main/java/com/vladsch/flexmark/ext/aside/internal/AsideBlockParser.java	75	145550dc342f4c2c	
member	com.vladsch.flexmark.ext.aside.internal.AsideBlockParser#withLeadSpacesInterruptsItemParagraph	ssg.md.ext.aside.internal.AsideBlockParser#withLeadSpacesInterruptsItemParagraph	Renamed	-	flexmark-ext-aside/src/main/java/com/vladsch/flexmark/ext/aside/internal/AsideBlockParser.java	32	9a5e114e809fb164	vis=private
member	com.vladsch.flexmark.ext.aside.internal.AsideBlockParser$AsideLeadInHandler#HANDLER	ssg.md.ext.aside.internal.AsideBlockParser$AsideLeadInHandler#HANDLER	Renamed	-	flexmark-ext-aside/src/main/java/com/vladsch/flexmark/ext/aside/internal/AsideBlockParser.java	170	c7bfc82439ce1061	placement=companion
member	com.vladsch.flexmark.ext.aside.internal.AsideBlockParser$BlockFactory#<stmt1>	ssg.md.ext.aside.internal.AsideBlockParser$BlockFactory#<stmt1>	Renamed	-	flexmark-ext-aside/src/main/java/com/vladsch/flexmark/ext/aside/internal/AsideBlockParser.java	181	71ba9ec126df7962	
member	com.vladsch.flexmark.ext.aside.internal.AsideBlockParser$BlockFactory#<stmt2>	ssg.md.ext.aside.internal.AsideBlockParser$BlockFactory#<stmt2>	Renamed	-	flexmark-ext-aside/src/main/java/com/vladsch/flexmark/ext/aside/internal/AsideBlockParser.java	182	6ed8255240620002	
member	com.vladsch.flexmark.ext.aside.internal.AsideBlockParser$BlockFactory#<stmt3>	ssg.md.ext.aside.internal.AsideBlockParser$BlockFactory#<stmt3>	Renamed	-	flexmark-ext-aside/src/main/java/com/vladsch/flexmark/ext/aside/internal/AsideBlockParser.java	183	34b77901db882b35	
member	com.vladsch.flexmark.ext.aside.internal.AsideBlockParser$BlockFactory#<stmt4>	ssg.md.ext.aside.internal.AsideBlockParser$BlockFactory#<stmt4>	Renamed	-	flexmark-ext-aside/src/main/java/com/vladsch/flexmark/ext/aside/internal/AsideBlockParser.java	184	84f3acdfa30fe8ca	
member	com.vladsch.flexmark.ext.aside.internal.AsideBlockParser$BlockFactory#allowLeadingSpace	ssg.md.ext.aside.internal.AsideBlockParser$BlockFactory#allowLeadingSpace	Renamed	-	flexmark-ext-aside/src/main/java/com/vladsch/flexmark/ext/aside/internal/AsideBlockParser.java	174	96d414545e125941	vis=private[AsideBlockParser]
member	com.vladsch.flexmark.ext.aside.internal.AsideBlockParser$BlockFactory#interruptsItemParagraph	ssg.md.ext.aside.internal.AsideBlockParser$BlockFactory#interruptsItemParagraph	Renamed	-	flexmark-ext-aside/src/main/java/com/vladsch/flexmark/ext/aside/internal/AsideBlockParser.java	176	aac4a50efadae071	vis=private[AsideBlockParser]
member	com.vladsch.flexmark.ext.aside.internal.AsideBlockParser$BlockFactory#interruptsParagraph	ssg.md.ext.aside.internal.AsideBlockParser$BlockFactory#interruptsParagraph	Renamed	-	flexmark-ext-aside/src/main/java/com/vladsch/flexmark/ext/aside/internal/AsideBlockParser.java	175	ceb1555c753abe86	vis=private[AsideBlockParser]
member	com.vladsch.flexmark.ext.aside.internal.AsideBlockParser$BlockFactory#tryStart(ParserState,MatchedBlockParser)	ssg.md.ext.aside.internal.AsideBlockParser$BlockFactory#tryStart(ParserState,MatchedBlockParser)	Renamed	-	flexmark-ext-aside/src/main/java/com/vladsch/flexmark/ext/aside/internal/AsideBlockParser.java	187	43eaa5cdcae243a9	
member	com.vladsch.flexmark.ext.aside.internal.AsideBlockParser$BlockFactory#withLeadSpacesInterruptsItemParagraph	ssg.md.ext.aside.internal.AsideBlockParser$BlockFactory#withLeadSpacesInterruptsItemParagraph	Renamed	-	flexmark-ext-aside/src/main/java/com/vladsch/flexmark/ext/aside/internal/AsideBlockParser.java	177	7e0332b7f5f52eda	vis=private[AsideBlockParser]
member	com.vladsch.flexmark.ext.aside.internal.AsideBlockParser$Factory#affectsGlobalScope()	ssg.md.ext.aside.internal.AsideBlockParser$Factory#affectsGlobalScope()	Renamed	-	flexmark-ext-aside/src/main/java/com/vladsch/flexmark/ext/aside/internal/AsideBlockParser.java	158	235a051e89e1f64d	
member	com.vladsch.flexmark.ext.aside.internal.AsideBlockParser$Factory#apply(DataHolder)	ssg.md.ext.aside.internal.AsideBlockParser$Factory#apply(DataHolder)	Renamed	-	flexmark-ext-aside/src/main/java/com/vladsch/flexmark/ext/aside/internal/AsideBlockParser.java	164	448197bf89e11cb7	
member	com.vladsch.flexmark.ext.aside.internal.AsideBlockParser$Factory#getAfterDependents()	ssg.md.ext.aside.internal.AsideBlockParser$Factory#getAfterDependents()	Renamed	-	flexmark-ext-aside/src/main/java/com/vladsch/flexmark/ext/aside/internal/AsideBlockParser.java	132	6becd531a88808fa	
member	com.vladsch.flexmark.ext.aside.internal.AsideBlockParser$Factory#getBeforeDependents()	ssg.md.ext.aside.internal.AsideBlockParser$Factory#getBeforeDependents()	Renamed	-	flexmark-ext-aside/src/main/java/com/vladsch/flexmark/ext/aside/internal/AsideBlockParser.java	140	fb45f651ab8ee97b	
member	com.vladsch.flexmark.ext.aside.internal.AsideBlockParser$Factory#getLeadInHandler(DataHolder)	ssg.md.ext.aside.internal.AsideBlockParser$Factory#getLeadInHandler(DataHolder)	Renamed	-	flexmark-ext-aside/src/main/java/com/vladsch/flexmark/ext/aside/internal/AsideBlockParser.java	153	bf157f12bd68a26f	
member	com.vladsch.flexmark.ext.aside.internal.AsideNodeFormatter#getBlockQuoteLikePrefixChar()	ssg.md.ext.aside.internal.AsideNodeFormatter#getBlockQuoteLikePrefixChar()	Renamed	-	flexmark-ext-aside/src/main/java/com/vladsch/flexmark/ext/aside/internal/AsideNodeFormatter.java	25	d0ffedbee09d23cf	
member	com.vladsch.flexmark.ext.aside.internal.AsideNodeFormatter#getNodeClasses()	ssg.md.ext.aside.internal.AsideNodeFormatter#getNodeClasses()	Renamed	-	flexmark-ext-aside/src/main/java/com/vladsch/flexmark/ext/aside/internal/AsideNodeFormatter.java	20	161f9731ef5945f3	
member	com.vladsch.flexmark.ext.aside.internal.AsideNodeFormatter#getNodeFormattingHandlers()	ssg.md.ext.aside.internal.AsideNodeFormatter#getNodeFormattingHandlers()	Renamed	-	flexmark-ext-aside/src/main/java/com/vladsch/flexmark/ext/aside/internal/AsideNodeFormatter.java	32	24d72de6a20bcaf8	
member	com.vladsch.flexmark.ext.aside.internal.AsideNodeFormatter#render(AsideBlock,NodeFormatterContext,MarkdownWriter)	ssg.md.ext.aside.internal.AsideNodeFormatter#render(AsideBlock,NodeFormatterContext,MarkdownWriter)	Renamed	-	flexmark-ext-aside/src/main/java/com/vladsch/flexmark/ext/aside/internal/AsideNodeFormatter.java	38	d2e5518602e1bab9	vis=private
member	com.vladsch.flexmark.ext.aside.internal.AsideNodeFormatter$Factory#create(DataHolder)	ssg.md.ext.aside.internal.AsideNodeFormatter$Factory#create(DataHolder)	Renamed	-	flexmark-ext-aside/src/main/java/com/vladsch/flexmark/ext/aside/internal/AsideNodeFormatter.java	45	fac6c88f2daacb87	
member	com.vladsch.flexmark.ext.aside.internal.AsideNodeRenderer#getNodeRenderingHandlers()	ssg.md.ext.aside.internal.AsideNodeRenderer#getNodeRenderingHandlers()	Renamed	-	flexmark-ext-aside/src/main/java/com/vladsch/flexmark/ext/aside/internal/AsideNodeRenderer.java	21	a9c1f070a5cacb44	
member	com.vladsch.flexmark.ext.aside.internal.AsideNodeRenderer#render(AsideBlock,NodeRendererContext,HtmlWriter)	ssg.md.ext.aside.internal.AsideNodeRenderer#render(AsideBlock,NodeRendererContext,HtmlWriter)	Renamed	-	flexmark-ext-aside/src/main/java/com/vladsch/flexmark/ext/aside/internal/AsideNodeRenderer.java	27	7b79923db2ad5e98	vis=private
member	com.vladsch.flexmark.ext.aside.internal.AsideNodeRenderer$Factory#apply(DataHolder)	ssg.md.ext.aside.internal.AsideNodeRenderer$Factory#apply(DataHolder)	Renamed	-	flexmark-ext-aside/src/main/java/com/vladsch/flexmark/ext/aside/internal/AsideNodeRenderer.java	34	7a5743d3354c0a5e	
member	com.vladsch.flexmark.ext.aside.internal.AsideOptions#<stmt1>	ssg.md.ext.aside.internal.AsideOptions#<stmt1>	Renamed	-	flexmark-ext-aside/src/main/java/com/vladsch/flexmark/ext/aside/internal/AsideOptions.java	15	3b566aa8d30890d4	
member	com.vladsch.flexmark.ext.aside.internal.AsideOptions#<stmt2>	ssg.md.ext.aside.internal.AsideOptions#<stmt2>	Renamed	-	flexmark-ext-aside/src/main/java/com/vladsch/flexmark/ext/aside/internal/AsideOptions.java	16	b09d29948c99df47	
member	com.vladsch.flexmark.ext.aside.internal.AsideOptions#<stmt3>	ssg.md.ext.aside.internal.AsideOptions#<stmt3>	Renamed	-	flexmark-ext-aside/src/main/java/com/vladsch/flexmark/ext/aside/internal/AsideOptions.java	17	68e074451d30c648	
member	com.vladsch.flexmark.ext.aside.internal.AsideOptions#<stmt4>	ssg.md.ext.aside.internal.AsideOptions#<stmt4>	Renamed	-	flexmark-ext-aside/src/main/java/com/vladsch/flexmark/ext/aside/internal/AsideOptions.java	18	b324e65a6b18b17d	
member	com.vladsch.flexmark.ext.aside.internal.AsideOptions#<stmt5>	ssg.md.ext.aside.internal.AsideOptions#<stmt5>	Renamed	-	flexmark-ext-aside/src/main/java/com/vladsch/flexmark/ext/aside/internal/AsideOptions.java	19	a8a761270813bc71	
member	com.vladsch.flexmark.ext.aside.internal.AsideOptions#<stmt6>	ssg.md.ext.aside.internal.AsideOptions#<stmt6>	Renamed	-	flexmark-ext-aside/src/main/java/com/vladsch/flexmark/ext/aside/internal/AsideOptions.java	20	f674bada761f2f28	
member	com.vladsch.flexmark.ext.aside.internal.AsideOptions#allowLeadingSpace	ssg.md.ext.aside.internal.AsideOptions#allowLeadingSpace	Renamed	-	flexmark-ext-aside/src/main/java/com/vladsch/flexmark/ext/aside/internal/AsideOptions.java	9	066d093706b84578	
member	com.vladsch.flexmark.ext.aside.internal.AsideOptions#extendToBlankLine	ssg.md.ext.aside.internal.AsideOptions#extendToBlankLine	Renamed	-	flexmark-ext-aside/src/main/java/com/vladsch/flexmark/ext/aside/internal/AsideOptions.java	7	bed2f7e737a41029	
member	com.vladsch.flexmark.ext.aside.internal.AsideOptions#ignoreBlankLine	ssg.md.ext.aside.internal.AsideOptions#ignoreBlankLine	Renamed	-	flexmark-ext-aside/src/main/java/com/vladsch/flexmark/ext/aside/internal/AsideOptions.java	8	7cf5358d925df741	
member	com.vladsch.flexmark.ext.aside.internal.AsideOptions#interruptsItemParagraph	ssg.md.ext.aside.internal.AsideOptions#interruptsItemParagraph	Renamed	-	flexmark-ext-aside/src/main/java/com/vladsch/flexmark/ext/aside/internal/AsideOptions.java	11	4752470d2452aa81	
member	com.vladsch.flexmark.ext.aside.internal.AsideOptions#interruptsParagraph	ssg.md.ext.aside.internal.AsideOptions#interruptsParagraph	Renamed	-	flexmark-ext-aside/src/main/java/com/vladsch/flexmark/ext/aside/internal/AsideOptions.java	10	4721aeca6b67187d	
member	com.vladsch.flexmark.ext.aside.internal.AsideOptions#withLeadSpacesInterruptsItemParagraph	ssg.md.ext.aside.internal.AsideOptions#withLeadSpacesInterruptsItemParagraph	Renamed	-	flexmark-ext-aside/src/main/java/com/vladsch/flexmark/ext/aside/internal/AsideOptions.java	12	032bcc329aabc279	
member	com.vladsch.flexmark.ext.escaped.character.EscapedCharacter#<init>(BasedSequence)	ssg.md.ext.escaped.character.EscapedCharacter#<init>(BasedSequence)	Renamed	-	flexmark-ext-escaped-character/src/main/java/com/vladsch/flexmark/ext/escaped/character/EscapedCharacter.java	30	2f5cfc98896beb36	
member	com.vladsch.flexmark.ext.escaped.character.EscapedCharacter#<init>(BasedSequence,BasedSequence)	ssg.md.ext.escaped.character.EscapedCharacter#<init>(BasedSequence,BasedSequence)	Renamed	-	flexmark-ext-escaped-character/src/main/java/com/vladsch/flexmark/ext/escaped/character/EscapedCharacter.java	34	5da10ef20a543cf3	
member	com.vladsch.flexmark.ext.escaped.character.EscapedCharacter#getAstExtra(StringBuilder)	ssg.md.ext.escaped.character.EscapedCharacter#getAstExtra(StringBuilder)	Renamed	-	flexmark-ext-escaped-character/src/main/java/com/vladsch/flexmark/ext/escaped/character/EscapedCharacter.java	23	0b3fd167f5434340	
member	com.vladsch.flexmark.ext.escaped.character.EscapedCharacter#getOpeningMarker()	ssg.md.ext.escaped.character.EscapedCharacter#getOpeningMarker()	Renamed	-	flexmark-ext-escaped-character/src/main/java/com/vladsch/flexmark/ext/escaped/character/EscapedCharacter.java	40	313b4c67749a6b8d	
member	com.vladsch.flexmark.ext.escaped.character.EscapedCharacter#getSegments()	ssg.md.ext.escaped.character.EscapedCharacter#getSegments()	Renamed	-	flexmark-ext-escaped-character/src/main/java/com/vladsch/flexmark/ext/escaped/character/EscapedCharacter.java	17	54ea6f8b07c54645	
member	com.vladsch.flexmark.ext.escaped.character.EscapedCharacter#getText()	ssg.md.ext.escaped.character.EscapedCharacter#getText()	Renamed	-	flexmark-ext-escaped-character/src/main/java/com/vladsch/flexmark/ext/escaped/character/EscapedCharacter.java	48	3da0c428a2e750e8	
member	com.vladsch.flexmark.ext.escaped.character.EscapedCharacter#openingMarker	ssg.md.ext.escaped.character.EscapedCharacter#openingMarker	Renamed	-	flexmark-ext-escaped-character/src/main/java/com/vladsch/flexmark/ext/escaped/character/EscapedCharacter.java	12	1d65f09d033fae3c	
member	com.vladsch.flexmark.ext.escaped.character.EscapedCharacter#setOpeningMarker(BasedSequence)	ssg.md.ext.escaped.character.EscapedCharacter#setOpeningMarker(BasedSequence)	Renamed	-	flexmark-ext-escaped-character/src/main/java/com/vladsch/flexmark/ext/escaped/character/EscapedCharacter.java	44	1f85000de7611c5c	
member	com.vladsch.flexmark.ext.escaped.character.EscapedCharacter#setText(BasedSequence)	ssg.md.ext.escaped.character.EscapedCharacter#setText(BasedSequence)	Renamed	-	flexmark-ext-escaped-character/src/main/java/com/vladsch/flexmark/ext/escaped/character/EscapedCharacter.java	52	2c3f1c6c74518179	
member	com.vladsch.flexmark.ext.escaped.character.EscapedCharacter#text	ssg.md.ext.escaped.character.EscapedCharacter#text	Renamed	-	flexmark-ext-escaped-character/src/main/java/com/vladsch/flexmark/ext/escaped/character/EscapedCharacter.java	13	64d33954ae9e2f20	
member	com.vladsch.flexmark.ext.escaped.character.EscapedCharacterExtension#create()	ssg.md.ext.escaped.character.EscapedCharacterExtension#create()	Renamed	-	flexmark-ext-escaped-character/src/main/java/com/vladsch/flexmark/ext/escaped/character/EscapedCharacterExtension.java	21	1a28444b9ff21c79	placement=companion
member	com.vladsch.flexmark.ext.escaped.character.EscapedCharacterExtension#extend(Builder)	ssg.md.ext.escaped.character.EscapedCharacterExtension#extend(Builder)	Renamed	-	flexmark-ext-escaped-character/src/main/java/com/vladsch/flexmark/ext/escaped/character/EscapedCharacterExtension.java	36	0ccc15ea49c73afc	
member	com.vladsch.flexmark.ext.escaped.character.EscapedCharacterExtension#extend(Builder,String)	ssg.md.ext.escaped.character.EscapedCharacterExtension#extend(Builder,String)	Renamed	-	flexmark-ext-escaped-character/src/main/java/com/vladsch/flexmark/ext/escaped/character/EscapedCharacterExtension.java	41	eb43634e9a2d75fe	
member	com.vladsch.flexmark.ext.escaped.character.EscapedCharacterExtension#parserOptions(MutableDataHolder)	ssg.md.ext.escaped.character.EscapedCharacterExtension#parserOptions(MutableDataHolder)	Renamed	-	flexmark-ext-escaped-character/src/main/java/com/vladsch/flexmark/ext/escaped/character/EscapedCharacterExtension.java	31	55bdf57bb16d44c0	
member	com.vladsch.flexmark.ext.escaped.character.EscapedCharacterExtension#rendererOptions(MutableDataHolder)	ssg.md.ext.escaped.character.EscapedCharacterExtension#rendererOptions(MutableDataHolder)	Renamed	-	flexmark-ext-escaped-character/src/main/java/com/vladsch/flexmark/ext/escaped/character/EscapedCharacterExtension.java	26	e3e165e739f41514	
member	com.vladsch.flexmark.ext.escaped.character.EscapedCharacterVisitor#visit(EscapedCharacter)	ssg.md.ext.escaped.character.EscapedCharacterVisitor#visit(EscapedCharacter)	Renamed	-	flexmark-ext-escaped-character/src/main/java/com/vladsch/flexmark/ext/escaped/character/EscapedCharacterVisitor.java	4	612d983e64c45b9e	
member	com.vladsch.flexmark.ext.escaped.character.EscapedCharacterVisitorExt#VISIT_HANDLERS(V)	ssg.md.ext.escaped.character.EscapedCharacterVisitorExt#VISIT_HANDLERS(V)	Renamed	-	flexmark-ext-escaped-character/src/main/java/com/vladsch/flexmark/ext/escaped/character/EscapedCharacterVisitorExt.java	6	000a1e2919d25b9f	placement=companion
member	com.vladsch.flexmark.ext.escaped.character.internal.EscapedCharacterNodePostProcessor#process(NodeTracker,Node)	ssg.md.ext.escaped.character.internal.EscapedCharacterNodePostProcessor#process(NodeTracker,Node)	Renamed	-	flexmark-ext-escaped-character/src/main/java/com/vladsch/flexmark/ext/escaped/character/internal/EscapedCharacterNodePostProcessor.java	25	c6e409b5909c54ce	
member	com.vladsch.flexmark.ext.escaped.character.internal.EscapedCharacterNodePostProcessor$Factory#<stmt1>	ssg.md.ext.escaped.character.internal.EscapedCharacterNodePostProcessor$Factory#<stmt1>	Renamed	-	flexmark-ext-escaped-character/src/main/java/com/vladsch/flexmark/ext/escaped/character/internal/EscapedCharacterNodePostProcessor.java	84	5d4e1f92644568f3	
member	com.vladsch.flexmark.ext.escaped.character.internal.EscapedCharacterNodePostProcessor$Factory#apply(Document)	ssg.md.ext.escaped.character.internal.EscapedCharacterNodePostProcessor$Factory#apply(Document)	Renamed	-	flexmark-ext-escaped-character/src/main/java/com/vladsch/flexmark/ext/escaped/character/internal/EscapedCharacterNodePostProcessor.java	89	6ef7d7c41603947b	
member	com.vladsch.flexmark.ext.escaped.character.internal.EscapedCharacterNodeRenderer#<stmt1>	ssg.md.ext.escaped.character.internal.EscapedCharacterNodeRenderer#<stmt1>	Renamed	-	flexmark-ext-escaped-character/src/main/java/com/vladsch/flexmark/ext/escaped/character/internal/EscapedCharacterNodeRenderer.java	19	002d38ec5537197b	
member	com.vladsch.flexmark.ext.escaped.character.internal.EscapedCharacterNodeRenderer#getNodeRenderingHandlers()	ssg.md.ext.escaped.character.internal.EscapedCharacterNodeRenderer#getNodeRenderingHandlers()	Renamed	-	flexmark-ext-escaped-character/src/main/java/com/vladsch/flexmark/ext/escaped/character/internal/EscapedCharacterNodeRenderer.java	23	1f5bfaf250eb3220	
member	com.vladsch.flexmark.ext.escaped.character.internal.EscapedCharacterNodeRenderer#options	ssg.md.ext.escaped.character.internal.EscapedCharacterNodeRenderer#options	Renamed	-	flexmark-ext-escaped-character/src/main/java/com/vladsch/flexmark/ext/escaped/character/internal/EscapedCharacterNodeRenderer.java	16	1e6ca7a97127ee23	vis=private
member	com.vladsch.flexmark.ext.escaped.character.internal.EscapedCharacterNodeRenderer#render(EscapedCharacter,NodeRendererContext,HtmlWriter)	ssg.md.ext.escaped.character.internal.EscapedCharacterNodeRenderer#render(EscapedCharacter,NodeRendererContext,HtmlWriter)	Renamed	-	flexmark-ext-escaped-character/src/main/java/com/vladsch/flexmark/ext/escaped/character/internal/EscapedCharacterNodeRenderer.java	30	c6b0c117efa814b9	vis=private
member	com.vladsch.flexmark.ext.escaped.character.internal.EscapedCharacterNodeRenderer$Factory#apply(DataHolder)	ssg.md.ext.escaped.character.internal.EscapedCharacterNodeRenderer$Factory#apply(DataHolder)	Renamed	-	flexmark-ext-escaped-character/src/main/java/com/vladsch/flexmark/ext/escaped/character/internal/EscapedCharacterNodeRenderer.java	37	67fd124f32cf3b32	
member	com.vladsch.flexmark.ext.ins.Ins#<init>(BasedSequence)	ssg.md.ext.ins.Ins#<init>(BasedSequence)	Renamed	-	flexmark-ext-ins/src/main/java/com/vladsch/flexmark/ext/ins/Ins.java	32	2f5cfc98896beb36	
member	com.vladsch.flexmark.ext.ins.Ins#<init>(BasedSequence,BasedSequence,BasedSequence)	ssg.md.ext.ins.Ins#<init>(BasedSequence,BasedSequence,BasedSequence)	Renamed	-	flexmark-ext-ins/src/main/java/com/vladsch/flexmark/ext/ins/Ins.java	36	404c053c9a61aee2	
member	com.vladsch.flexmark.ext.ins.Ins#<init>(BasedSequence,String)	ssg.md.ext.ins.Ins#<init>(BasedSequence,String)	Renamed	-	flexmark-ext-ins/src/main/java/com/vladsch/flexmark/ext/ins/Ins.java	43	1bd12e9dd74944d1	
member	com.vladsch.flexmark.ext.ins.Ins#closingMarker	ssg.md.ext.ins.Ins#closingMarker	Renamed	-	flexmark-ext-ins/src/main/java/com/vladsch/flexmark/ext/ins/Ins.java	14	8723df1375aca441	
member	com.vladsch.flexmark.ext.ins.Ins#getAstExtra(StringBuilder)	ssg.md.ext.ins.Ins#getAstExtra(StringBuilder)	Renamed	-	flexmark-ext-ins/src/main/java/com/vladsch/flexmark/ext/ins/Ins.java	25	ece5e0c8022d2f95	
member	com.vladsch.flexmark.ext.ins.Ins#getClosingMarker()	ssg.md.ext.ins.Ins#getClosingMarker()	Renamed	-	flexmark-ext-ins/src/main/java/com/vladsch/flexmark/ext/ins/Ins.java	64	3a9895a9103beb7c	
member	com.vladsch.flexmark.ext.ins.Ins#getOpeningMarker()	ssg.md.ext.ins.Ins#getOpeningMarker()	Renamed	-	flexmark-ext-ins/src/main/java/com/vladsch/flexmark/ext/ins/Ins.java	48	1d7ea00c1329db9b	
member	com.vladsch.flexmark.ext.ins.Ins#getSegments()	ssg.md.ext.ins.Ins#getSegments()	Renamed	-	flexmark-ext-ins/src/main/java/com/vladsch/flexmark/ext/ins/Ins.java	19	47df9f36f604e6e4	
member	com.vladsch.flexmark.ext.ins.Ins#getText()	ssg.md.ext.ins.Ins#getText()	Renamed	-	flexmark-ext-ins/src/main/java/com/vladsch/flexmark/ext/ins/Ins.java	56	52f8720311bcf0ac	
member	com.vladsch.flexmark.ext.ins.Ins#insBlockText	ssg.md.ext.ins.Ins#insBlockText	Renamed	-	flexmark-ext-ins/src/main/java/com/vladsch/flexmark/ext/ins/Ins.java	15	f71eed39cbeaeb00	
member	com.vladsch.flexmark.ext.ins.Ins#openingMarker	ssg.md.ext.ins.Ins#openingMarker	Renamed	-	flexmark-ext-ins/src/main/java/com/vladsch/flexmark/ext/ins/Ins.java	12	52e5de7d954ef0ae	
member	com.vladsch.flexmark.ext.ins.Ins#setClosingMarker(BasedSequence)	ssg.md.ext.ins.Ins#setClosingMarker(BasedSequence)	Renamed	-	flexmark-ext-ins/src/main/java/com/vladsch/flexmark/ext/ins/Ins.java	68	829dae92cf3b53be	
member	com.vladsch.flexmark.ext.ins.Ins#setOpeningMarker(BasedSequence)	ssg.md.ext.ins.Ins#setOpeningMarker(BasedSequence)	Renamed	-	flexmark-ext-ins/src/main/java/com/vladsch/flexmark/ext/ins/Ins.java	52	5b78143cf2517cb7	
member	com.vladsch.flexmark.ext.ins.Ins#setText(BasedSequence)	ssg.md.ext.ins.Ins#setText(BasedSequence)	Renamed	-	flexmark-ext-ins/src/main/java/com/vladsch/flexmark/ext/ins/Ins.java	60	ee10b2b11f417049	
member	com.vladsch.flexmark.ext.ins.Ins#text	ssg.md.ext.ins.Ins#text	Renamed	-	flexmark-ext-ins/src/main/java/com/vladsch/flexmark/ext/ins/Ins.java	13	33ff10df887dcb14	
member	com.vladsch.flexmark.ext.ins.InsExtension#INS_STYLE_HTML_CLOSE	ssg.md.ext.ins.InsExtension#INS_STYLE_HTML_CLOSE	Renamed	-	flexmark-ext-ins/src/main/java/com/vladsch/flexmark/ext/ins/InsExtension.java	21	05712ef98f528bc1	placement=companion
member	com.vladsch.flexmark.ext.ins.InsExtension#INS_STYLE_HTML_OPEN	ssg.md.ext.ins.InsExtension#INS_STYLE_HTML_OPEN	Renamed	-	flexmark-ext-ins/src/main/java/com/vladsch/flexmark/ext/ins/InsExtension.java	20	3c16d8e6d30e93eb	placement=companion
member	com.vladsch.flexmark.ext.ins.InsExtension#create()	ssg.md.ext.ins.InsExtension#create()	Renamed	-	flexmark-ext-ins/src/main/java/com/vladsch/flexmark/ext/ins/InsExtension.java	26	b472e71ec83b424f	placement=companion
member	com.vladsch.flexmark.ext.ins.InsExtension#extend(Builder)	ssg.md.ext.ins.InsExtension#extend(Builder)	Renamed	-	flexmark-ext-ins/src/main/java/com/vladsch/flexmark/ext/ins/InsExtension.java	41	719d18101e4cbd1d	
member	com.vladsch.flexmark.ext.ins.InsExtension#extend(Builder,String)	ssg.md.ext.ins.InsExtension#extend(Builder,String)	Renamed	-	flexmark-ext-ins/src/main/java/com/vladsch/flexmark/ext/ins/InsExtension.java	46	670f8a6494da0903	
member	com.vladsch.flexmark.ext.ins.InsExtension#parserOptions(MutableDataHolder)	ssg.md.ext.ins.InsExtension#parserOptions(MutableDataHolder)	Renamed	-	flexmark-ext-ins/src/main/java/com/vladsch/flexmark/ext/ins/InsExtension.java	36	55bdf57bb16d44c0	
member	com.vladsch.flexmark.ext.ins.InsExtension#rendererOptions(MutableDataHolder)	ssg.md.ext.ins.InsExtension#rendererOptions(MutableDataHolder)	Renamed	-	flexmark-ext-ins/src/main/java/com/vladsch/flexmark/ext/ins/InsExtension.java	31	e3e165e739f41514	
member	com.vladsch.flexmark.ext.ins.InsVisitor#visit(Ins)	ssg.md.ext.ins.InsVisitor#visit(Ins)	Renamed	-	flexmark-ext-ins/src/main/java/com/vladsch/flexmark/ext/ins/InsVisitor.java	4	1dc29d3d34102b66	
member	com.vladsch.flexmark.ext.ins.InsVisitorExt#VISIT_HANDLERS(V)	ssg.md.ext.ins.InsVisitorExt#VISIT_HANDLERS(V)	Renamed	-	flexmark-ext-ins/src/main/java/com/vladsch/flexmark/ext/ins/InsVisitorExt.java	6	4a7a66611f6e4377	placement=companion
member	com.vladsch.flexmark.ext.ins.internal.InsDelimiterProcessor#canBeCloser(String,String,boolean,boolean,boolean,boolean,boolean,boolean)	ssg.md.ext.ins.internal.InsDelimiterProcessor#canBeCloser(String,String,boolean,boolean,boolean,boolean,boolean,boolean)	Renamed	-	flexmark-ext-ins/src/main/java/com/vladsch/flexmark/ext/ins/internal/InsDelimiterProcessor.java	34	025831e7112d799c	
member	com.vladsch.flexmark.ext.ins.internal.InsDelimiterProcessor#canBeOpener(String,String,boolean,boolean,boolean,boolean,boolean,boolean)	ssg.md.ext.ins.internal.InsDelimiterProcessor#canBeOpener(String,String,boolean,boolean,boolean,boolean,boolean,boolean)	Renamed	-	flexmark-ext-ins/src/main/java/com/vladsch/flexmark/ext/ins/internal/InsDelimiterProcessor.java	29	e8eee59df7127aa2	
member	com.vladsch.flexmark.ext.ins.internal.InsDelimiterProcessor#getClosingCharacter()	ssg.md.ext.ins.internal.InsDelimiterProcessor#getClosingCharacter()	Renamed	-	flexmark-ext-ins/src/main/java/com/vladsch/flexmark/ext/ins/internal/InsDelimiterProcessor.java	19	c4e1a03f2cb7f8b8	
member	com.vladsch.flexmark.ext.ins.internal.InsDelimiterProcessor#getDelimiterUse(DelimiterRun,DelimiterRun)	ssg.md.ext.ins.internal.InsDelimiterProcessor#getDelimiterUse(DelimiterRun,DelimiterRun)	Renamed	-	flexmark-ext-ins/src/main/java/com/vladsch/flexmark/ext/ins/internal/InsDelimiterProcessor.java	44	643af85d5962733c	
member	com.vladsch.flexmark.ext.ins.internal.InsDelimiterProcessor#getMinLength()	ssg.md.ext.ins.internal.InsDelimiterProcessor#getMinLength()	Renamed	-	flexmark-ext-ins/src/main/java/com/vladsch/flexmark/ext/ins/internal/InsDelimiterProcessor.java	24	43ccd385829c2244	
member	com.vladsch.flexmark.ext.ins.internal.InsDelimiterProcessor#getOpeningCharacter()	ssg.md.ext.ins.internal.InsDelimiterProcessor#getOpeningCharacter()	Renamed	-	flexmark-ext-ins/src/main/java/com/vladsch/flexmark/ext/ins/internal/InsDelimiterProcessor.java	14	458b4e531ebcfa45	
member	com.vladsch.flexmark.ext.ins.internal.InsDelimiterProcessor#process(Delimiter,Delimiter,int)	ssg.md.ext.ins.internal.InsDelimiterProcessor#process(Delimiter,Delimiter,int)	Renamed	-	flexmark-ext-ins/src/main/java/com/vladsch/flexmark/ext/ins/internal/InsDelimiterProcessor.java	58	2e31b41a46106005	
member	com.vladsch.flexmark.ext.ins.internal.InsDelimiterProcessor#skipNonOpenerCloser()	ssg.md.ext.ins.internal.InsDelimiterProcessor#skipNonOpenerCloser()	Renamed	-	flexmark-ext-ins/src/main/java/com/vladsch/flexmark/ext/ins/internal/InsDelimiterProcessor.java	39	73614cfaa9ce1f1f	
member	com.vladsch.flexmark.ext.ins.internal.InsDelimiterProcessor#unmatchedDelimiterNode(InlineParser,DelimiterRun)	ssg.md.ext.ins.internal.InsDelimiterProcessor#unmatchedDelimiterNode(InlineParser,DelimiterRun)	Renamed	-	flexmark-ext-ins/src/main/java/com/vladsch/flexmark/ext/ins/internal/InsDelimiterProcessor.java	53	4c1a3770a0f8b5f8	
member	com.vladsch.flexmark.ext.ins.internal.InsJiraRenderer#getNodeRenderingHandlers()	ssg.md.ext.ins.internal.InsJiraRenderer#getNodeRenderingHandlers()	Renamed	-	flexmark-ext-ins/src/main/java/com/vladsch/flexmark/ext/ins/internal/InsJiraRenderer.java	21	dd9c546a7751ef60	
member	com.vladsch.flexmark.ext.ins.internal.InsJiraRenderer#render(Ins,NodeRendererContext,HtmlWriter)	ssg.md.ext.ins.internal.InsJiraRenderer#render(Ins,NodeRendererContext,HtmlWriter)	Renamed	-	flexmark-ext-ins/src/main/java/com/vladsch/flexmark/ext/ins/internal/InsJiraRenderer.java	27	37a3a2cac706f350	vis=private
member	com.vladsch.flexmark.ext.ins.internal.InsJiraRenderer$Factory#apply(DataHolder)	ssg.md.ext.ins.internal.InsJiraRenderer$Factory#apply(DataHolder)	Renamed	-	flexmark-ext-ins/src/main/java/com/vladsch/flexmark/ext/ins/internal/InsJiraRenderer.java	36	53a5b70fdbaf3063	
member	com.vladsch.flexmark.ext.ins.internal.InsNodeRenderer#<stmt1>	ssg.md.ext.ins.internal.InsNodeRenderer#<stmt1>	Renamed	-	flexmark-ext-ins/src/main/java/com/vladsch/flexmark/ext/ins/internal/InsNodeRenderer.java	21	d3392399bf1db6f0	
member	com.vladsch.flexmark.ext.ins.internal.InsNodeRenderer#<stmt2>	ssg.md.ext.ins.internal.InsNodeRenderer#<stmt2>	Renamed	-	flexmark-ext-ins/src/main/java/com/vladsch/flexmark/ext/ins/internal/InsNodeRenderer.java	22	bfc05509b4552ed8	
member	com.vladsch.flexmark.ext.ins.internal.InsNodeRenderer#getNodeRenderingHandlers()	ssg.md.ext.ins.internal.InsNodeRenderer#getNodeRenderingHandlers()	Renamed	-	flexmark-ext-ins/src/main/java/com/vladsch/flexmark/ext/ins/internal/InsNodeRenderer.java	26	dd9c546a7751ef60	
member	com.vladsch.flexmark.ext.ins.internal.InsNodeRenderer#insStyleHtmlClose	ssg.md.ext.ins.internal.InsNodeRenderer#insStyleHtmlClose	Renamed	-	flexmark-ext-ins/src/main/java/com/vladsch/flexmark/ext/ins/internal/InsNodeRenderer.java	18	fd4d4ef4f641927d	vis=private
member	com.vladsch.flexmark.ext.ins.internal.InsNodeRenderer#insStyleHtmlOpen	ssg.md.ext.ins.internal.InsNodeRenderer#insStyleHtmlOpen	Renamed	-	flexmark-ext-ins/src/main/java/com/vladsch/flexmark/ext/ins/internal/InsNodeRenderer.java	17	cc99613237b9cb01	vis=private
member	com.vladsch.flexmark.ext.ins.internal.InsNodeRenderer#render(Ins,NodeRendererContext,HtmlWriter)	ssg.md.ext.ins.internal.InsNodeRenderer#render(Ins,NodeRendererContext,HtmlWriter)	Renamed	-	flexmark-ext-ins/src/main/java/com/vladsch/flexmark/ext/ins/internal/InsNodeRenderer.java	32	70b49c308accf2c1	vis=private
member	com.vladsch.flexmark.ext.ins.internal.InsNodeRenderer$Factory#apply(DataHolder)	ssg.md.ext.ins.internal.InsNodeRenderer$Factory#apply(DataHolder)	Renamed	-	flexmark-ext-ins/src/main/java/com/vladsch/flexmark/ext/ins/internal/InsNodeRenderer.java	51	be56bced753a2995	
member	com.vladsch.flexmark.ext.resizable.image.ResizableImage#<stmt1>	ssg.md.ext.resizable.image.ResizableImage#<stmt1>	Renamed	-	flexmark-ext-resizable-image/src/main/java/com/vladsch/flexmark/ext/resizable/image/ResizableImage.java	22	add0aec2d3033159	
member	com.vladsch.flexmark.ext.resizable.image.ResizableImage#<stmt2>	ssg.md.ext.resizable.image.ResizableImage#<stmt2>	Renamed	-	flexmark-ext-resizable-image/src/main/java/com/vladsch/flexmark/ext/resizable/image/ResizableImage.java	23	99036960ca059765	
member	com.vladsch.flexmark.ext.resizable.image.ResizableImage#<stmt3>	ssg.md.ext.resizable.image.ResizableImage#<stmt3>	Renamed	-	flexmark-ext-resizable-image/src/main/java/com/vladsch/flexmark/ext/resizable/image/ResizableImage.java	24	19ab7a3c85329e47	
member	com.vladsch.flexmark.ext.resizable.image.ResizableImage#<stmt4>	ssg.md.ext.resizable.image.ResizableImage#<stmt4>	Renamed	-	flexmark-ext-resizable-image/src/main/java/com/vladsch/flexmark/ext/resizable/image/ResizableImage.java	25	756b3dfe32c62344	
member	com.vladsch.flexmark.ext.resizable.image.ResizableImage#getHeight()	ssg.md.ext.resizable.image.ResizableImage#getHeight()	Renamed	-	flexmark-ext-resizable-image/src/main/java/com/vladsch/flexmark/ext/resizable/image/ResizableImage.java	40	e293a2f388465f2c	
member	com.vladsch.flexmark.ext.resizable.image.ResizableImage#getSegments()	ssg.md.ext.resizable.image.ResizableImage#getSegments()	Renamed	-	flexmark-ext-resizable-image/src/main/java/com/vladsch/flexmark/ext/resizable/image/ResizableImage.java	16	f1f55ab05eb5238c	
member	com.vladsch.flexmark.ext.resizable.image.ResizableImage#getSource()	ssg.md.ext.resizable.image.ResizableImage#getSource()	Renamed	-	flexmark-ext-resizable-image/src/main/java/com/vladsch/flexmark/ext/resizable/image/ResizableImage.java	32	4b204c36295ffcb8	
member	com.vladsch.flexmark.ext.resizable.image.ResizableImage#getText()	ssg.md.ext.resizable.image.ResizableImage#getText()	Renamed	-	flexmark-ext-resizable-image/src/main/java/com/vladsch/flexmark/ext/resizable/image/ResizableImage.java	28	3da0c428a2e750e8	
member	com.vladsch.flexmark.ext.resizable.image.ResizableImage#getWidth()	ssg.md.ext.resizable.image.ResizableImage#getWidth()	Renamed	-	flexmark-ext-resizable-image/src/main/java/com/vladsch/flexmark/ext/resizable/image/ResizableImage.java	36	0f477a9f0afda83c	
member	com.vladsch.flexmark.ext.resizable.image.ResizableImage#height	ssg.md.ext.resizable.image.ResizableImage#height	Renamed	-	flexmark-ext-resizable-image/src/main/java/com/vladsch/flexmark/ext/resizable/image/ResizableImage.java	12	95c01eb0c1e64405	
member	com.vladsch.flexmark.ext.resizable.image.ResizableImage#source	ssg.md.ext.resizable.image.ResizableImage#source	Renamed	-	flexmark-ext-resizable-image/src/main/java/com/vladsch/flexmark/ext/resizable/image/ResizableImage.java	9	5bb597abae43c445	
member	com.vladsch.flexmark.ext.resizable.image.ResizableImage#text	ssg.md.ext.resizable.image.ResizableImage#text	Renamed	-	flexmark-ext-resizable-image/src/main/java/com/vladsch/flexmark/ext/resizable/image/ResizableImage.java	10	40dd18093a9cf766	
member	com.vladsch.flexmark.ext.resizable.image.ResizableImage#width	ssg.md.ext.resizable.image.ResizableImage#width	Renamed	-	flexmark-ext-resizable-image/src/main/java/com/vladsch/flexmark/ext/resizable/image/ResizableImage.java	11	386acecfe9ff2a27	
member	com.vladsch.flexmark.ext.resizable.image.ResizableImageExtension#create()	ssg.md.ext.resizable.image.ResizableImageExtension#create()	Renamed	-	flexmark-ext-resizable-image/src/main/java/com/vladsch/flexmark/ext/resizable/image/ResizableImageExtension.java	16	9cc3b608682a11aa	placement=companion
member	com.vladsch.flexmark.ext.resizable.image.ResizableImageExtension#extend(Builder)	ssg.md.ext.resizable.image.ResizableImageExtension#extend(Builder)	Renamed	-	flexmark-ext-resizable-image/src/main/java/com/vladsch/flexmark/ext/resizable/image/ResizableImageExtension.java	31	da4d231e6ba4d0ec	
member	com.vladsch.flexmark.ext.resizable.image.ResizableImageExtension#extend(Builder,String)	ssg.md.ext.resizable.image.ResizableImageExtension#extend(Builder,String)	Renamed	-	flexmark-ext-resizable-image/src/main/java/com/vladsch/flexmark/ext/resizable/image/ResizableImageExtension.java	36	db8e2cb955bdaaf9	
member	com.vladsch.flexmark.ext.resizable.image.ResizableImageExtension#parserOptions(MutableDataHolder)	ssg.md.ext.resizable.image.ResizableImageExtension#parserOptions(MutableDataHolder)	Renamed	-	flexmark-ext-resizable-image/src/main/java/com/vladsch/flexmark/ext/resizable/image/ResizableImageExtension.java	26	55bdf57bb16d44c0	
member	com.vladsch.flexmark.ext.resizable.image.ResizableImageExtension#rendererOptions(MutableDataHolder)	ssg.md.ext.resizable.image.ResizableImageExtension#rendererOptions(MutableDataHolder)	Renamed	-	flexmark-ext-resizable-image/src/main/java/com/vladsch/flexmark/ext/resizable/image/ResizableImageExtension.java	21	e3e165e739f41514	
member	com.vladsch.flexmark.ext.resizable.image.ResizableImageVisitor#visit(ResizableImage)	ssg.md.ext.resizable.image.ResizableImageVisitor#visit(ResizableImage)	Renamed	-	flexmark-ext-resizable-image/src/main/java/com/vladsch/flexmark/ext/resizable/image/ResizableImageVisitor.java	4	5f0cbd41cc194f3e	
member	com.vladsch.flexmark.ext.resizable.image.ResizableImageVisitorExt#VISIT_HANDLERS(V)	ssg.md.ext.resizable.image.ResizableImageVisitorExt#VISIT_HANDLERS(V)	Renamed	-	flexmark-ext-resizable-image/src/main/java/com/vladsch/flexmark/ext/resizable/image/ResizableImageVisitorExt.java	6	47ce90819d350b91	placement=companion
member	com.vladsch.flexmark.ext.resizable.image.internal.ResizableImageInlineParserExtension#IMAGE_PATTERN	ssg.md.ext.resizable.image.internal.ResizableImageInlineParserExtension#IMAGE_PATTERN	Renamed	-	flexmark-ext-resizable-image/src/main/java/com/vladsch/flexmark/ext/resizable/image/internal/ResizableImageInlineParserExtension.java	16	c7fa3ee083563256	placement=companion
member	com.vladsch.flexmark.ext.resizable.image.internal.ResizableImageInlineParserExtension#finalizeBlock(InlineParser)	ssg.md.ext.resizable.image.internal.ResizableImageInlineParserExtension#finalizeBlock(InlineParser)	Renamed	-	flexmark-ext-resizable-image/src/main/java/com/vladsch/flexmark/ext/resizable/image/internal/ResizableImageInlineParserExtension.java	27	72d94a51fdb25bb8	
member	com.vladsch.flexmark.ext.resizable.image.internal.ResizableImageInlineParserExtension#finalizeDocument(InlineParser)	ssg.md.ext.resizable.image.internal.ResizableImageInlineParserExtension#finalizeDocument(InlineParser)	Renamed	-	flexmark-ext-resizable-image/src/main/java/com/vladsch/flexmark/ext/resizable/image/internal/ResizableImageInlineParserExtension.java	23	eea623a02c675979	
member	com.vladsch.flexmark.ext.resizable.image.internal.ResizableImageInlineParserExtension#parse(LightInlineParser)	ssg.md.ext.resizable.image.internal.ResizableImageInlineParserExtension#parse(LightInlineParser)	Renamed	-	flexmark-ext-resizable-image/src/main/java/com/vladsch/flexmark/ext/resizable/image/internal/ResizableImageInlineParserExtension.java	31	d44ad4cad214a0e4	
member	com.vladsch.flexmark.ext.resizable.image.internal.ResizableImageInlineParserExtension$Factory#affectsGlobalScope()	ssg.md.ext.resizable.image.internal.ResizableImageInlineParserExtension$Factory#affectsGlobalScope()	Renamed	-	flexmark-ext-resizable-image/src/main/java/com/vladsch/flexmark/ext/resizable/image/internal/ResizableImageInlineParserExtension.java	78	235a051e89e1f64d	
member	com.vladsch.flexmark.ext.resizable.image.internal.ResizableImageInlineParserExtension$Factory#apply(LightInlineParser)	ssg.md.ext.resizable.image.internal.ResizableImageInlineParserExtension$Factory#apply(LightInlineParser)	Renamed	-	flexmark-ext-resizable-image/src/main/java/com/vladsch/flexmark/ext/resizable/image/internal/ResizableImageInlineParserExtension.java	73	aa8237f2b102e923	
member	com.vladsch.flexmark.ext.resizable.image.internal.ResizableImageInlineParserExtension$Factory#getAfterDependents()	ssg.md.ext.resizable.image.internal.ResizableImageInlineParserExtension$Factory#getAfterDependents()	Renamed	-	flexmark-ext-resizable-image/src/main/java/com/vladsch/flexmark/ext/resizable/image/internal/ResizableImageInlineParserExtension.java	55	213b28c06aa583d9	
member	com.vladsch.flexmark.ext.resizable.image.internal.ResizableImageInlineParserExtension$Factory#getBeforeDependents()	ssg.md.ext.resizable.image.internal.ResizableImageInlineParserExtension$Factory#getBeforeDependents()	Renamed	-	flexmark-ext-resizable-image/src/main/java/com/vladsch/flexmark/ext/resizable/image/internal/ResizableImageInlineParserExtension.java	67	5c7dbfddf1d4d275	
member	com.vladsch.flexmark.ext.resizable.image.internal.ResizableImageInlineParserExtension$Factory#getCharacters()	ssg.md.ext.resizable.image.internal.ResizableImageInlineParserExtension$Factory#getCharacters()	Renamed	-	flexmark-ext-resizable-image/src/main/java/com/vladsch/flexmark/ext/resizable/image/internal/ResizableImageInlineParserExtension.java	61	d2550bbe3e173ba4	
member	com.vladsch.flexmark.ext.resizable.image.internal.ResizableImageNodeRenderer#getNodeRenderingHandlers()	ssg.md.ext.resizable.image.internal.ResizableImageNodeRenderer#getNodeRenderingHandlers()	Renamed	-	flexmark-ext-resizable-image/src/main/java/com/vladsch/flexmark/ext/resizable/image/internal/ResizableImageNodeRenderer.java	23	075543a600cd9eb3	
member	com.vladsch.flexmark.ext.resizable.image.internal.ResizableImageNodeRenderer#render(ResizableImage,NodeRendererContext,HtmlWriter)	ssg.md.ext.resizable.image.internal.ResizableImageNodeRenderer#render(ResizableImage,NodeRendererContext,HtmlWriter)	Renamed	-	flexmark-ext-resizable-image/src/main/java/com/vladsch/flexmark/ext/resizable/image/internal/ResizableImageNodeRenderer.java	31	ecf380608dcbf297	
member	com.vladsch.flexmark.ext.resizable.image.internal.ResizableImageNodeRenderer$Factory#apply(DataHolder)	ssg.md.ext.resizable.image.internal.ResizableImageNodeRenderer$Factory#apply(DataHolder)	Renamed	-	flexmark-ext-resizable-image/src/main/java/com/vladsch/flexmark/ext/resizable/image/internal/ResizableImageNodeRenderer.java	55	9ae6fd448d1770cd	
member	com.vladsch.flexmark.ext.youtube.embedded.YouTubeLink#<init>(Link)	ssg.md.ext.youtube.embedded.YouTubeLink#<init>(Link)	Renamed	-	flexmark-ext-youtube-embedded/src/main/java/com/vladsch/flexmark/ext/youtube/embedded/YouTubeLink.java	11	e730311a154a9aa2	
member	com.vladsch.flexmark.ext.youtube.embedded.YouTubeLink#setTextChars(BasedSequence)	ssg.md.ext.youtube.embedded.YouTubeLink#setTextChars(BasedSequence)	Renamed	-	flexmark-ext-youtube-embedded/src/main/java/com/vladsch/flexmark/ext/youtube/embedded/YouTubeLink.java	26	b2dcb22610a73097	
member	com.vladsch.flexmark.ext.youtube.embedded.YouTubeLinkExtension#create()	ssg.md.ext.youtube.embedded.YouTubeLinkExtension#create()	Renamed	-	flexmark-ext-youtube-embedded/src/main/java/com/vladsch/flexmark/ext/youtube/embedded/YouTubeLinkExtension.java	14	9d44dda1eb77532a	placement=companion
member	com.vladsch.flexmark.ext.youtube.embedded.YouTubeLinkExtension#extend(Builder)	ssg.md.ext.youtube.embedded.YouTubeLinkExtension#extend(Builder)	Renamed	-	flexmark-ext-youtube-embedded/src/main/java/com/vladsch/flexmark/ext/youtube/embedded/YouTubeLinkExtension.java	19	d4b170ce677dc21f	
member	com.vladsch.flexmark.ext.youtube.embedded.YouTubeLinkExtension#extend(Builder,String)	ssg.md.ext.youtube.embedded.YouTubeLinkExtension#extend(Builder,String)	Renamed	-	flexmark-ext-youtube-embedded/src/main/java/com/vladsch/flexmark/ext/youtube/embedded/YouTubeLinkExtension.java	34	af28670b6343b339	
member	com.vladsch.flexmark.ext.youtube.embedded.YouTubeLinkExtension#parserOptions(MutableDataHolder)	ssg.md.ext.youtube.embedded.YouTubeLinkExtension#parserOptions(MutableDataHolder)	Renamed	-	flexmark-ext-youtube-embedded/src/main/java/com/vladsch/flexmark/ext/youtube/embedded/YouTubeLinkExtension.java	29	55bdf57bb16d44c0	
member	com.vladsch.flexmark.ext.youtube.embedded.YouTubeLinkExtension#rendererOptions(MutableDataHolder)	ssg.md.ext.youtube.embedded.YouTubeLinkExtension#rendererOptions(MutableDataHolder)	Renamed	-	flexmark-ext-youtube-embedded/src/main/java/com/vladsch/flexmark/ext/youtube/embedded/YouTubeLinkExtension.java	24	e3e165e739f41514	
member	com.vladsch.flexmark.ext.youtube.embedded.YouTubeLinkVisitor#visit(YouTubeLink)	ssg.md.ext.youtube.embedded.YouTubeLinkVisitor#visit(YouTubeLink)	Renamed	-	flexmark-ext-youtube-embedded/src/main/java/com/vladsch/flexmark/ext/youtube/embedded/YouTubeLinkVisitor.java	4	038f8db8554ee9fc	
member	com.vladsch.flexmark.ext.youtube.embedded.YouTubeLinkVisitorExt#VISIT_HANDLERS(V)	ssg.md.ext.youtube.embedded.YouTubeLinkVisitorExt#VISIT_HANDLERS(V)	Renamed	-	flexmark-ext-youtube-embedded/src/main/java/com/vladsch/flexmark/ext/youtube/embedded/YouTubeLinkVisitorExt.java	6	300d256f8e6452a7	placement=companion
member	com.vladsch.flexmark.ext.youtube.embedded.internal.YouTubeLinkNodePostProcessor#process(NodeTracker,Node)	ssg.md.ext.youtube.embedded.internal.YouTubeLinkNodePostProcessor#process(NodeTracker,Node)	Renamed	-	flexmark-ext-youtube-embedded/src/main/java/com/vladsch/flexmark/ext/youtube/embedded/internal/YouTubeLinkNodePostProcessor.java	22	e3d4ecbed491139a	
member	com.vladsch.flexmark.ext.youtube.embedded.internal.YouTubeLinkNodePostProcessor$Factory#<stmt1>	ssg.md.ext.youtube.embedded.internal.YouTubeLinkNodePostProcessor$Factory#<stmt1>	Renamed	-	flexmark-ext-youtube-embedded/src/main/java/com/vladsch/flexmark/ext/youtube/embedded/internal/YouTubeLinkNodePostProcessor.java	50	e7bb54b96e0dbb2c	
member	com.vladsch.flexmark.ext.youtube.embedded.internal.YouTubeLinkNodePostProcessor$Factory#apply(Document)	ssg.md.ext.youtube.embedded.internal.YouTubeLinkNodePostProcessor$Factory#apply(Document)	Renamed	-	flexmark-ext-youtube-embedded/src/main/java/com/vladsch/flexmark/ext/youtube/embedded/internal/YouTubeLinkNodePostProcessor.java	55	ead3fe71dbd05267	
member	com.vladsch.flexmark.ext.youtube.embedded.internal.YouTubeLinkNodeRenderer#getNodeRenderingHandlers()	ssg.md.ext.youtube.embedded.internal.YouTubeLinkNodeRenderer#getNodeRenderingHandlers()	Renamed	-	flexmark-ext-youtube-embedded/src/main/java/com/vladsch/flexmark/ext/youtube/embedded/internal/YouTubeLinkNodeRenderer.java	20	58a2817b857536cd	
member	com.vladsch.flexmark.ext.youtube.embedded.internal.YouTubeLinkNodeRenderer#render(YouTubeLink,NodeRendererContext,HtmlWriter)	ssg.md.ext.youtube.embedded.internal.YouTubeLinkNodeRenderer#render(YouTubeLink,NodeRendererContext,HtmlWriter)	Renamed	-	flexmark-ext-youtube-embedded/src/main/java/com/vladsch/flexmark/ext/youtube/embedded/internal/YouTubeLinkNodeRenderer.java	26	fc8b337d1deb4cd3	vis=private
member	com.vladsch.flexmark.ext.youtube.embedded.internal.YouTubeLinkNodeRenderer$Factory#apply(DataHolder)	ssg.md.ext.youtube.embedded.internal.YouTubeLinkNodeRenderer$Factory#apply(DataHolder)	Renamed	-	flexmark-ext-youtube-embedded/src/main/java/com/vladsch/flexmark/ext/youtube/embedded/internal/YouTubeLinkNodeRenderer.java	74	98b515ed0e66a804	
